timestamp,subject_id,input_source,label,left_angle,right_angle,x11,y11,z11,x12,y12,z12,x23,y23,z23,x24,y24,z24,x25,y25,z25,x26,y26,z26
2026-07-21 18:04:32.853,Set_A,SubD.mp4,0,0.5669854090805977,0.5095526746860771,-0.01037555113343,-0.9038099851000392,0.1302606984906281,-0.1406905146134417,-0.8007956073725816,-1.1653929692129874,0.0477390322591013,-0.0717483758796873,0.4112736093589274,-0.0477390322591013,0.0717483758796873,-0.4112736093589274,0.4237085953493785,0.0105291644334407,0.0098054601942797,0.4158765525854251,0.040599899384108,-0.8324772327314861
2026-07-21 18:04:32.908,Set_A,SubD.mp4,0,0.5440246655979514,0.4963258914484625,-0.0033711824848198,-0.8898265330450866,0.0418139662003918,-0.1519100604974356,-0.7498656226637346,-1.176405245069062,0.058266034251224,-0.0728726466526139,0.3771590612569368,-0.058266034251224,0.0728726466526139,-0.3771590612569368,0.3858229126038644,0.0113863126012869,-0.1624989473473021,0.3720585576891042,0.0516158184212314,-0.9127975120895512
2026-07-21 18:04:32.963,Set_A,SubD.mp4,0,0.5508195026762802,0.5096139771645564,0.0064402834667065,-0.8682346924767603,0.0185684133630395,-0.1048339380839317,-0.7342489304337546,-1.2111978306736544,0.0471891950673623,-0.0757748667344036,0.4053674251586016,-0.0471891950673623,0.0757748667344036,-0.4053674251586016,0.4100661127514265,0.0193150282666201,0.0560087172293238,0.406819771417325,0.0718993334558942,-0.7921206111797944
2026-07-21 18:04:33.018,Set_A,SubD.mp4,0,0.535813800813133,0.5021724155237768,0.0196251070793484,-0.8539421683265094,0.0140738508004553,-0.0912872028413156,-0.7553558333198472,-1.1994111386337734,0.0504583865889276,-0.0735410030005519,0.3857673986961272,-0.0504583865889276,0.0735410030005519,-0.3857673986961272,0.423192683465951,-0.0196125211912096,0.0063620826092318,0.3996627314177647,0.0435741009070405,-0.8357367299162152
2026-07-21 18:04:33.072,Set_A,SubD.mp4,0,0.5341522176710224,0.5022966024346084,0.0194153356462211,-0.8631455122603966,0.0586213463072266,-0.0804010834169694,-0.765466201440164,-1.2178903507087786,0.0458909546354493,-0.0731941338501121,0.4152628904985862,-0.0458909546354493,0.0731941338501121,-0.4152628904985862,0.4173077902385791,-0.0080049399890962,0.1379670341651391,0.4083875662745678,0.0281222627631814,-0.7571285518821117
2026-07-21 18:04:33.126,Set_A,SubD.mp4,0,0.5314883937154716,0.4891997786482231,0.0368303046485795,-0.8886726941598946,0.1084565227708482,-0.0935132921448716,-0.8140764598871376,-1.156040580171786,0.0498083617797789,-0.0596202516148341,0.407118588472344,-0.0498083617797789,0.0596202516148341,-0.407118588472344,0.4410363864438526,-0.0099692027444032,0.0062066801000403,0.4242689965834784,0.021499568485576,-0.8099331989009313
2026-07-21 18:04:33.218,Set_A,SubD.mp4,0,0.5286905084829322,0.4769817026354905,0.0440328028657491,-0.9376894143233756,0.170519899973463,-0.112218235281616,-0.8496176671147257,-1.0654412057023392,0.0463292917703947,-0.0681672197594856,0.3936722988461561,-0.0463292917703947,0.0681672197594856,-0.3936722988461561,0.4450147169371166,-0.0373776652714166,0.1042797738274752,0.4205839208270345,0.0041374496246829,-0.8123512499369758
2026-07-21 18:04:33.348,Set_A,SubD.mp4,0,0.5375484242429093,0.4965542802015985,0.0281273119680251,-0.8850181287071671,0.0320115613386274,-0.1143537706485209,-0.7470933091714045,-1.184737570487966,0.0576585945730724,-0.0791917124582376,0.39618742953012,-0.0576585945730724,0.0791917124582376,-0.39618742953012,0.4170609896426338,0.0056551277135444,0.0393019262920075,0.3936825439520133,0.0623770710044062,-0.733808003057019
2026-07-21 18:04:33.403,Set_A,SubD.mp4,0,0.4853105845267122,0.4751682287163355,0.0350818335562634,-0.9251331144746217,0.2040107759732209,-0.0592544750085652,-0.8256517517956684,-1.1705344618930955,0.0430025919228892,-0.0744941019870157,0.4596367506761389,-0.0430025919228892,0.0744941019870157,-0.4596367506761389,0.4056097899199035,-0.0740638668726491,0.3898890618860561,0.4241039774182443,-0.0491037346825945,-0.62285762704201
2026-07-21 18:04:33.512,Set_A,SubD.mp4,0,0.4800973478764686,0.4621563236750038,0.0488106001092486,-0.8711214431216712,0.1258788455406952,-0.0567025067169905,-0.8014451130775821,-1.222445684768412,0.0406670554377618,-0.0626977694062582,0.4458855627125741,-0.0406670554377618,0.0626977694062582,-0.4458855627125741,0.3995195715653809,-0.0596569379883218,0.2523592072005207,0.4070482950623384,-0.0286678333267453,-0.6234497747284319
2026-07-21 18:04:33.567,Set_A,SubD.mp4,0,0.4904010294675091,0.4744706977021488,0.0601604113181848,-0.9148553591647576,0.1229820407941376,-0.071235958397958,-0.8182130294476735,-1.1211560199426602,0.0376007335917814,-0.0532476270043797,0.4353442998405216,-0.0376007335917814,0.0532476270043797,-0.4353442998405216,0.4158026910988487,-0.0334495050030596,0.3351968265182166,0.4364736961748181,-0.0231739215383963,-0.5720076342994272
2026-07-21 18:04:33.621,Set_A,SubD.mp4,0,0.5361597871595063,0.4808262828463968,0.0544585367568962,-0.8888994567820145,-0.0058514643442399,-0.138502153666402,-0.7598830591449519,-1.1230652224091762,0.0578519662221291,-0.085123094171329,0.3447474326438828,-0.0578519662221291,0.085123094171329,-0.3447474326438828,0.4242640338501323,-0.0174633438457213,-0.0442377271750162,0.3854809630973225,0.0598270649453725,-0.7928456738527067
2026-07-21 18:04:33.676,Set_A,SubD.mp4,0,0.5154074184551298,0.4702137735045315,0.0448580297364592,-0.8586014617222906,0.0151068973786492,-0.0932781146920777,-0.7673014733287267,-1.1787628350016988,0.0571518883479701,-0.0745344118427884,0.3787340040526578,-0.0571518883479701,0.0745344118427884,-0.3787340040526578,0.4289072474241942,0.0033381837458291,-0.1539378497452777,0.3980907016730552,0.0475637638211858,-0.9066513938102174
2026-07-21 18:04:33.730,Set_A,SubD.mp4,0,0.5214142957410479,0.4773990736489898,0.0501043434443368,-0.9071461216901384,0.0879309222759618,-0.1018636822448551,-0.8175660315985515,-1.0992117730514637,0.0639880958246913,-0.072057336224299,0.3781976629936526,-0.0639880958246913,0.072057336224299,-0.3781976629936526,0.4537457287134031,-0.0216759916602775,-0.0173479129345885,0.4150921950610006,0.0187513119122813,-0.7746373069306992
2026-07-21 18:04:33.792,Set_A,SubD.mp4,0,0.5366063870331922,0.4971708460785949,0.0354341775768838,-0.9063236048458628,0.0807337797336181,-0.1476306794498694,-0.8039998126493194,-1.1113674452690814,0.0746733710831276,-0.0775486623201662,0.3855728451427063,-0.0746733710831276,0.0775486623201662,-0.3855728451427063,0.4414803130382312,0.0061248568063649,-0.2082361630965868,0.405543377306798,0.0489462686943355,-0.8782132180356849
2026-07-21 18:04:33.851,Set_A,SubD.mp4,0,0.5739105076350773,0.5190773774062597,0.045358963303247,-0.9380822206457168,0.1183452586822572,-0.153530241217293,-0.8198844771323105,-1.06589581888359,0.0632455425315557,-0.0669564369861175,0.3965612297137183,-0.0632455425315557,0.0669564369861175,-0.3965612297137183,0.4395001691096197,0.0288179390288186,-0.1170676875951085,0.409520159893359,0.0589965110420929,-0.790531798934636
2026-07-21 18:04:33.909,Set_A,SubD.mp4,0,0.5429503510803428,0.4987775996944394,0.0453539869895437,-0.9269350766664054,0.1284302380405692,-0.1206287260686092,-0.8315312289940611,-1.078235463080635,0.0688303422450982,-0.0702151278048385,0.39479019724365,-0.0688303422450982,0.0702151278048385,-0.39479019724365,0.4522921854239086,-0.0010584978835565,-0.1321824656056808,0.4143104489438125,0.0374946724885368,-0.9288539269243584
2026-07-21 18:04:33.968,Set_A,SubD.mp4,0,0.5578684540563861,0.495492187230355,0.0769395813893434,-0.9504200897967832,0.1667726849991345,-0.1448111198821276,-0.8618207838965455,-1.0100854798610783,0.0693075839081684,-0.0751107811347211,0.3969238511223439,-0.0693075839081684,0.0751107811347211,-0.3969238511223439,0.4576443291902812,0.0531301553547359,0.1158266598869375,0.4505096998813203,0.0757989549294717,-0.7047424146287873
2026-07-21 18:04:34.024,Set_A,SubD.mp4,0,0.5499789865937434,0.4980295787079106,0.0339711825195066,-0.9478611350402985,0.174048960268288,-0.1457571177116991,-0.8406843395489099,-1.0620855529938755,0.0672567577424949,-0.0739086452827789,0.4202417665065081,-0.0672567577424949,0.0739086452827789,-0.4202417665065081,0.4344429158652313,0.0214705218837035,-0.1011764401293605,0.4169124578097111,0.0782179853772201,-1.001323075770585
2026-07-21 18:04:34.079,Set_A,SubD.mp4,0,0.5818817430036654,0.5069415849193734,0.0704351741867821,-0.9597990529083194,0.2281141526604201,-0.1516432249058284,-0.8462771704887988,-1.083388335468492,0.0693359989874964,-0.0828962248091569,0.4307490340867312,-0.0693359989874964,0.0828962248091569,-0.4307490340867312,0.4330110565676871,0.0827609698272452,-0.0549416317600227,0.4400893244639814,0.099340671731583,-0.9565041404504208
2026-07-21 18:04:34.134,Set_A,SubD.mp4,0,0.5225080535659791,0.4832064382847629,0.0387331196558486,-0.9476584821098796,0.246413480890478,-0.090643436668422,-0.8641761229354549,-1.0917303936207692,0.0421031245002996,-0.0657860210457239,0.4460213476461418,-0.0421031245002996,0.0657860210457239,-0.4460213476461418,0.4406971275288868,-0.0260859391790674,0.2465614709209589,0.4561442887835338,0.0104620359928349,-0.6518571738846605
2026-07-21 18:04:34.189,Set_A,SubD.mp4,0,0.5092303708398717,0.4838252362988351,0.0466287254292705,-0.9405794548977968,0.1917535884019735,-0.1226744127912287,-0.8747040787462438,-1.0277935072542097,0.0648131011920578,-0.0452551277042089,0.4052019799833996,-0.0648131011920578,0.0452551277042089,-0.4052019799833996,0.4539190130414397,-0.0315412947507258,-0.0132372675295131,0.4444948778040133,0.017295564464162,-0.7643495344003511
2026-07-21 18:04:34.244,Set_A,SubD.mp4,0,0.5342644832862092,0.4622475964648634,0.0271457679537518,-0.9404861623998462,0.2185852894920067,-0.0909631552868438,-0.8341903624595234,-1.138612774509193,0.0491479889725365,-0.071354542392159,0.4440527496597316,-0.0491479889725365,0.071354542392159,-0.4440527496597316,0.4513854941295422,-0.0192839745802924,0.1034686435502998,0.4226476014688542,0.003135459840611,-0.9019634322080692
2026-07-21 18:04:34.298,Set_A,SubD.mp4,0,0.509508469765674,0.4640788720717245,0.0608295907889213,-0.9391399291889904,0.1610095557656669,-0.0715116157900787,-0.8099030055052993,-1.1309243494139862,0.0630799088088376,-0.0531894568073719,0.4136553847223303,-0.0630799088088376,0.0531894568073719,-0.4136553847223303,0.4246798712651519,-0.0909093647772021,0.0667035956962148,0.3772727633551887,-0.0662335693235664,-0.8410735129248825
2026-07-21 18:04:34.352,Set_A,SubD.mp4,0,0.530181662421592,0.4749113572038305,0.0491886912949438,-0.8443925392795686,-0.0072265659970961,-0.0967592454424174,-0.7415113013354186,-1.210412974548765,0.0703020242856695,-0.061284829035768,0.3727525534399973,-0.0703020242856695,0.061284829035768,-0.3727525534399973,0.4074718910948429,-0.023896766927766,-0.0605451103592457,0.3166726570651514,0.0214159084577908,-0.9661197352879382
2026-07-21 18:04:34.407,Set_A,SubD.mp4,0,0.4889643598083252,0.4701379118252309,0.0393776331233877,-0.8943835580969167,0.0839807861860341,-0.1142361676402395,-0.7941568900069012,-1.153198890656468,0.0528069260036468,-0.0756286251608423,0.3855738712933655,-0.0528069260036468,0.0756286251608423,-0.3855738712933655,0.4217377866607432,-0.0601468397681867,-0.1022105103401566,0.4014071094931033,0.017675752121937,-0.8527374914532581
2026-07-21 18:04:34.462,Set_A,SubD.mp4,0,0.5294206434479171,0.4764830590218799,0.0384276461069378,-0.959832661425009,0.2172429224686017,-0.1139959136617026,-0.8754342607842216,-1.0084981032942504,0.0687116234126588,-0.0649944165711524,0.3970146742266169,-0.0687116234126588,0.0649944165711524,-0.3970146742266169,0.4755481606920625,-0.0156364839948124,0.1795733865896824,0.4602991208650192,0.0327716844281841,-0.7165880140642131
2026-07-21 18:04:34.516,Set_A,SubD.mp4,0,0.5933935799859688,0.528335348838157,-0.0288936082747431,-0.9038536910069832,0.1462180261173459,-0.147162643508821,-0.8194622106789915,-1.1458111929628272,0.0452887001005422,-0.0581699419067569,0.4201645354848198,-0.0452887001005422,0.0581699419067569,-0.4201645354848198,0.3995696931989783,0.033329233450571,-0.0872691572510732,0.4005925940975092,0.0447540705099209,-0.8007336127021739
2026-07-21 18:04:34.571,Set_A,SubD.mp4,0,0.5352792014624231,0.5037518427778619,0.0105113294075873,-0.8813034872877245,0.0610289503954079,-0.141792675521202,-0.7986360242930297,-1.1383257737418864,0.059022861096418,-0.077104744000633,0.3922434772371753,-0.059022861096418,0.077104744000633,-0.3922434772371753,0.4174441661058082,-0.0158002989418069,-0.0558591877847249,0.3870924993631655,0.041587173133759,-0.8399138838911642
2026-07-21 18:04:34.625,Set_A,SubD.mp4,0,0.5413186310365401,0.4977374731335084,-0.0005343816865225,-0.932527867201371,0.159091649270677,-0.1766321535268153,-0.8481870553620015,-1.0522133561844798,0.0661676354686356,-0.0768051018529984,0.3611000404222639,-0.0661676354686356,0.0768051018529984,-0.3611000404222639,0.4454707841556237,-0.0242076230003856,-0.5834256956734369,0.354274726024177,0.0415089483565078,-1.1535811199871602
2026-07-21 18:04:34.679,Set_A,SubD.mp4,0,0.5041568017633652,0.480796092426584,0.0138884530076757,-0.9220837022444466,0.1202980979277697,-0.1461927880253631,-0.8030154972205867,-1.1235569453548075,0.0610402592793089,-0.0759434132694415,0.3928442802662782,-0.0610402592793089,0.0759434132694415,-0.3928442802662782,0.4347207508583005,-0.0227851148281049,-0.146929958368261,0.4127943768742639,0.0655988397127961,-0.8841956295006264
2026-07-21 18:04:34.734,Set_A,SubD.mp4,0,0.57068138741207,0.5030776107453432,-0.0059382545575279,-0.9029121885894276,0.1050065908233699,-0.1579906498844473,-0.797859047776919,-1.144479782318631,0.0512952387077874,-0.0738008099976409,0.3900682215716652,-0.0512952387077874,0.0738008099976409,-0.3900682215716652,0.4411912153801396,0.0099853006737564,-0.1923458273774843,0.381890942355059,0.0510058004835051,-0.9597938103211844
2026-07-21 18:04:34.788,Set_A,SubD.mp4,0,0.5867630541580642,0.5212299290636532,0.0707591818962869,-0.9992298589399315,0.3247427481011523,-0.2007602454482446,-0.9191385777554336,-0.8751628281912064,0.0743528758363171,-0.0823214156555266,0.4061217325810414,-0.0743528758363171,0.0823214156555266,-0.4061217325810414,0.4735738568841225,0.0637278268940843,-0.0948119617135012,0.4455462043114386,0.1129641002571196,-0.9997402679128136
2026-07-21 18:04:34.842,Set_A,SubD.mp4,0,0.5225556015193759,0.4955604953525961,-0.0126441180747488,-0.9553357299980406,0.2510536984197787,-0.1507901912969122,-0.8435318901280611,-1.109753012372028,0.0553140267358111,-0.0780546502308782,0.4237424020446634,-0.0553140267358111,0.0780546502308782,-0.4237424020446634,0.4634798764512648,-0.0456809088313645,-0.2629080543079143,0.4185439643540153,0.0429055639634669,-0.9976665446009416
2026-07-21 18:04:34.896,Set_A,SubD.mp4,0,0.5129764220791078,0.4725372246828131,0.0348253938187714,-0.8823173777248869,0.0965872390584097,-0.117710613891365,-0.8052036359017279,-1.1668221987107843,0.0579371925280697,-0.0645380489758891,0.4017470070408713,-0.0579371925280697,0.0645380489758891,-0.4017470070408713,0.4316980825443131,-0.0282379979409632,-0.135521886044497,0.4127443574543329,0.035320742795185,-0.8606737000895741
2026-07-21 18:04:34.951,Set_A,SubD.mp4,0,0.5315403312626555,0.4684954667937084,0.0398144916328086,-0.9055600828126844,0.1193443544346105,-0.1167237681132299,-0.837152340414254,-1.0976277352204389,0.0643327633625892,-0.0467962585066037,0.3925974197690708,-0.0643327633625892,0.0467962585066037,-0.3925974197690708,0.4476032444618322,-0.0290516845754267,-0.1273638564988319,0.4112283381298716,-0.0107283952236456,-0.9355126276454334
2026-07-21 18:04:35.006,Set_A,SubD.mp4,0,0.5663691626247894,0.4885205223527365,0.0067154806366902,-0.9087374986945356,0.1046555280788323,-0.1352240924361034,-0.7884288994277062,-1.1549467990023623,0.0623562797687208,-0.0799710133672187,0.4023457604863514,-0.0623562797687208,0.0799710133672187,-0.4023457604863514,0.4179484348620638,-0.0180952809527942,-0.2606342535971571,0.3684370559960218,0.0182233463696526,-1.0072838495520942
2026-07-21 18:04:35.060,Set_A,SubD.mp4,0,0.5081579655352017,0.4432159874879744,0.0676535364065803,-0.8659989778086321,0.0008344323986323,-0.0734587309449371,-0.7301622259974688,-1.2059218612520874,0.0592574060486078,-0.0728376809560329,0.3886557150863323,-0.0592574060486078,0.0728376809560329,-0.3886557150863323,0.4182666666818068,-0.0308550290051757,-0.0993403141781871,0.3529597737042426,-0.0282580927025755,-0.9901042171573814
2026-07-21 18:04:35.115,Set_A,SubD.mp4,0,0.5409883106152971,0.5039026148570025,0.00500689556072,-0.8767743676384093,0.0247766594976318,-0.1141067571311197,-0.7566830940447332,-1.1736517358557992,0.0521791166499875,-0.0834119348089139,0.3855308845446297,-0.0521791166499875,0.0834119348089139,-0.3855308845446297,0.4154342983013679,-0.0083630863771666,-0.2007526310565393,0.3785751039741107,0.0476933309252733,-0.9339184348269932
2026-07-21 18:04:35.169,Set_A,SubD.mp4,0,0.5072611431234502,0.4502000162271768,0.105668231923093,-0.8834414647661794,0.0228893900528185,-0.0793672507078337,-0.8002250782817685,-1.102044258553205,0.0582866763465654,-0.0558330948774909,0.3612964906956907,-0.0582866763465654,0.0558330948774909,-0.3612964906956907,0.4134444225515855,-0.0103179347123528,-0.1837040253233268,0.3360608874390633,-0.0215642885027925,-0.9725687088420256
2026-07-21 18:04:35.224,Set_A,SubD.mp4,0,0.6364762807073421,0.5297889337327857,0.0442462714110813,-0.836518252765258,-0.0688443937600042,-0.1615126452241512,-0.7566730494113274,-1.1344801976290395,0.0606132441211109,-0.0506975350777162,0.3567626019501513,-0.0606132441211109,0.0506975350777162,-0.3567626019501513,0.3764791722565038,0.0466456588239923,-0.1272783430474367,0.3318121156498691,0.017801793966974,-0.9626307671664968
2026-07-21 18:04:35.279,Set_A,SubD.mp4,0,0.5504837766066852,0.4850139972778309,0.0528024880333488,-0.9314595251240294,0.0555476499215205,-0.1609255665908524,-0.8280357178646922,-1.0002623633579673,0.0773795752069298,-0.0606160649156377,0.3675995490108645,-0.0773795752069298,0.0606160649156377,-0.3675995490108645,0.4355992030349414,0.0342330979619803,-0.2623096536174831,0.3651938372133652,0.0064812054768406,-1.0505179294156368
2026-07-21 18:04:35.333,Set_A,SubD.mp4,0,0.5667376258916275,0.4982651968057228,0.0319811377096334,-0.8325920869738547,-0.0685967856197875,-0.1357055211728773,-0.6847511322966546,-1.230214519847245,0.0543858328657976,-0.0681190034669318,0.3747097356683186,-0.0543858328657976,0.0681190034669318,-0.3747097356683186,0.3902335283818048,0.0208472512540883,-0.0527248053732619,0.3292930560251473,0.0126539285726925,-0.8575953667409772
2026-07-21 18:04:35.388,Set_A,SubD.mp4,0,0.5317281614173622,0.4653908455991373,0.0167753221364915,-0.7998135321653554,-0.1348928399386506,-0.101179745483708,-0.6921657591626238,-1.194345170188913,0.0532719211290673,-0.0586165943974309,0.3405859323591653,-0.0532719211290673,0.0586165943974309,-0.3405859323591653,0.346971209408608,-0.0371882447084761,-0.1366538341133528,0.2898296191716061,-0.0240670752126446,-0.9198680591096606
2026-07-21 18:04:35.443,Set_A,SubD.mp4,0,0.5317273920889852,0.4842593969730502,0.0526180885404155,-0.7492963123665787,-0.2151900007428934,-0.0911847898461791,-0.6381570592049941,-1.2247703290110437,0.0470962537652182,-0.0594474264996504,0.3123027768799774,-0.0470962537652182,0.0594474264996504,-0.3123027768799774,0.3298466848160271,-0.035519267734374,-0.1661472393581372,0.2878428816867353,0.0061423077309451,-0.8558182425262645
2026-07-21 18:04:35.498,Set_A,SubD.mp4,0,0.5151647800997031,0.482591520703402,0.0331408492339558,-0.6899081127190942,-0.3647081119335451,-0.0845129514380468,-0.537196957132649,-1.213763951379354,0.0497243874084351,-0.0605554450256346,0.2735416970411875,-0.0497243874084351,0.0605554450256346,-0.2735416970411875,0.3126135786605494,0.0188128429497169,-0.2987176159388495,0.2592699975575195,0.0511539874397739,-0.9201606599099972
2026-07-21 18:04:35.553,Set_A,SubD.mp4,0,0.528453793915182,0.5010884730083235,0.0656011217314316,-0.8650931845429043,-0.0526349803489135,-0.1053717605867977,-0.7296426837882619,-1.1536965688294527,0.0575811629493866,-0.0922023627122915,0.3523550810332415,-0.0575811629493866,0.0922023627122915,-0.3523550810332415,0.4112856324066686,0.0062861025737735,-0.1774475924361422,0.3725230309068083,0.0684121218783286,-0.7486770160631538
2026-07-21 18:04:35.607,Set_A,SubD.mp4,0,0.5361449028090738,0.5043087475744588,0.0421451467452926,-0.875864979607827,-0.0715595001540738,-0.1094721852151702,-0.7421996287851248,-1.1020392357676378,0.0594669442416734,-0.0870508518085515,0.3426076688212375,-0.0594669442416734,0.0870508518085515,-0.3426076688212375,0.4212498245963919,0.0224348558072542,-0.0608331106378609,0.3968379142726977,0.0717073019816079,-0.6555452766319713
2026-07-21 18:04:35.661,Set_A,SubD.mp4,0,0.527056521332378,0.5036932200529843,0.0633457763669235,-0.8621072182188719,-0.0522359963088559,-0.065974089744888,-0.7470081278511574,-1.1355101445018465,0.0624725724981539,-0.0838029794385035,0.333638126682474,-0.0624725724981539,0.0838029794385035,-0.333638126682474,0.4115341165182482,-0.0388360069000552,-0.0209746510855608,0.3641962895414792,0.0299643615279679,-0.7616792439245634
2026-07-21 18:04:35.716,Set_A,SubD.mp4,0,0.493349432557533,0.4896964704812476,0.0874852095641421,-0.8523355368038251,-0.0810854816286776,0.0043870075144361,-0.6888494913149158,-1.1902556232018482,0.0293893900124443,-0.0849263600692675,0.3620125912539508,-0.0293893900124443,0.0849263600692675,-0.3620125912539508,0.3707053834500383,-0.091758736837599,0.2019140608974788,0.374319772438296,-0.0333134674445958,-0.5855236637042739
2026-07-21 18:04:36.096,Set_A,SubD.mp4,0,0.5700268667982255,0.4536999090876906,0.0728343766333755,-0.8942136369486884,0.1000746885040371,-0.0480257824946062,-0.8167881133305844,-1.1353802203148755,0.0391139454178726,-0.0225215386262184,0.4025950115949743,-0.0391139454178726,0.0225215386262184,-0.4025950115949743,0.3654839168657801,-0.089385473429666,0.3952059068473421,0.35416780275119,-0.117467090278022,-0.593761340332384
2026-07-21 18:04:36.205,Set_A,SubD.mp4,0,0.5069324679004583,0.4438982252030527,0.0791429699697581,-0.9026416592651476,0.0426352481140623,-0.017288860977836,-0.8141439027657724,-1.0667550668867458,0.03262845358293,-0.0277886212870595,0.366259622335103,-0.03262845358293,0.0277886212870595,-0.366259622335103,0.3501044703243238,-0.1841638406516912,0.4124525163859778,0.3674318791000174,-0.1474861319064286,-0.5152582343912528
2026-07-21 18:04:36.260,Set_A,SubD.mp4,0,0.5752667899079279,0.4907137571725981,0.0437720779135002,-0.8360050791308715,-0.1289476869392457,-0.1018778989272101,-0.6924362683781248,-1.1596526237813465,0.0540173372435158,-0.0558122290032012,0.3502760191494959,-0.0540173372435158,0.0558122290032012,-0.3502760191494959,0.3811974239584332,0.0465273565671158,-0.0285737871241829,0.3320231474153636,0.0271179213479153,-0.8377408966362129
2026-07-21 18:04:36.315,Set_A,SubD.mp4,0,0.5365949942085344,0.4920032236819782,0.0577299700129658,-0.8806231095412528,-0.1025287340004215,-0.1419037589726696,-0.7697750585891647,-1.0240149446396611,0.0695620040956084,-0.0677839689449024,0.3258548823079106,-0.0695620040956084,0.0677839689449024,-0.3258548823079106,0.4217290434371317,0.0440617600900455,-0.3667111826611754,0.3578021439886115,0.0690759842687194,-1.0775264846203647
2026-07-21 18:04:36.369,Set_A,SubD.mp4,0,0.5592152779590098,0.5015021535474813,0.073917867816118,-0.8570140032981757,-0.0668526249748519,-0.1324544361300392,-0.7834038125982425,-1.0757771748551956,0.0656628365951683,-0.0756613714744989,0.3424781307176199,-0.0656628365951683,0.0756613714744989,-0.3424781307176199,0.4321906401039101,0.0322736832260553,-0.0696173732985358,0.4025393188990171,0.0890981393321335,-0.7562157872085082
2026-07-21 18:04:36.424,Set_A,SubD.mp4,0,0.5435562249902448,0.5055173787915599,0.0676645285435087,-0.9259699634642058,-0.0425230811301611,-0.1365838670548964,-0.7583075181329791,-1.033794478776671,0.060519632669624,-0.0677895303666412,0.3386580121921898,-0.060519632669624,0.0677895303666412,-0.3386580121921898,0.4287983372917677,0.0420591550930372,-0.2340936225531608,0.3906086136337986,0.0953636825314505,-0.8361580546128621
2026-07-21 18:04:36.480,Set_A,SubD.mp4,0,0.5348464631846976,0.5020704887754591,0.0551115970694379,-0.9013905301590504,-0.135888194070745,-0.147017555065447,-0.756151422568181,-0.9795076862488984,0.0680090800246395,-0.0737330532188199,0.3187237906769579,-0.0680090800246395,0.0737330532188199,-0.3187237906769579,0.4133446562888472,0.0540096401405261,-0.3650287906640257,0.3586284147475069,0.0728646561563421,-1.0006500231912987
2026-07-21 18:04:36.535,Set_A,SubD.mp4,0,0.5663511411793969,0.5008723186877506,0.0189714772584318,-0.9056307535030472,-0.0028853274104575,-0.1517090706907649,-0.7967768605328819,-1.0383586627101515,0.0711860451490618,-0.077737596925438,0.3558123343092576,-0.0711860451490618,0.077737596925438,-0.3558123343092576,0.4402225758438934,0.0445421003918858,-0.2963991056418288,0.3994882167701275,0.083105272176305,-0.9046361062049456
2026-07-21 18:04:36.590,Set_A,SubD.mp4,0,0.5511245555236373,0.4913951520265698,0.0518929163485868,-0.8917899649353389,0.0025201059144429,-0.1358159672266896,-0.7966358488201726,-1.0712460731180802,0.0684220596154261,-0.0715825126488328,0.3585380249898178,-0.0684220596154261,0.0715825126488328,-0.3585380249898178,0.4480098501143676,0.0415887433488021,-0.1748421860263821,0.3909237692058176,0.0682444896530867,-0.9339095391239388
2026-07-21 18:04:36.645,Set_A,SubD.mp4,0,0.5432304575802538,0.4962250828296402,0.0520771005562638,-0.8970853752308392,-0.0155847007768426,-0.1189748668435179,-0.8084693126293587,-1.0268201608694751,0.0618555902601155,-0.0750664432550043,0.3487880256582768,-0.0618555902601155,0.0750664432550043,-0.3487880256582768,0.4394803255595019,0.0382040286700619,-0.1836164197397652,0.3960822244041065,0.0730880643172065,-0.8405415565168178
2026-07-21 18:04:36.700,Set_A,SubD.mp4,0,0.555810343233383,0.5100970877721133,0.0732110279197324,-0.9382762157118676,0.0191996574832073,-0.1525911660126199,-0.8360506671105373,-0.9386902265322232,0.080178815610238,-0.062621275412351,0.3536873999804137,-0.080178815610238,0.062621275412351,-0.3536873999804137,0.4554802911742766,0.0754186544933323,-0.3891630978260764,0.372659049381128,0.0524719272687881,-1.1296617813600685
2026-07-21 18:04:36.756,Set_A,SubD.mp4,0,0.4932460693796681,0.4617779517438069,0.0827277771827117,-0.9003313031809321,-0.058915635842195,-0.0934721854284779,-0.7382599879948338,-1.0877766237350568,0.0647960176490665,-0.0726985542951466,0.3402868352010313,-0.0647960176490665,0.0726985542951466,-0.3402868352010313,0.404941947976185,-0.0451254310180392,-0.3570859376724782,0.3271429338380673,-0.0183638973950661,-1.1098235949438375
2026-07-21 18:04:36.818,Set_A,SubD.mp4,0,0.5178977657309924,0.4797065445301531,0.0509008509577203,-0.8815487981674621,-0.0707168294474818,-0.1118792844331048,-0.7565880033204283,-1.0750534137784065,0.0638752510553977,-0.0488354178828257,0.3333871058838243,-0.0638752510553977,0.0488354178828257,-0.3333871058838243,0.3786412959262879,-0.0214077322436221,-0.2798238051405996,0.3267252699555455,0.0014009024334067,-0.9918684340240362
2026-07-21 18:04:36.877,Set_A,SubD.mp4,0,0.500225249233724,0.4713860123315481,0.0751916498058657,-0.8470098682833508,-0.0921100400149395,-0.0935666899280004,-0.6970501583416284,-1.1789292953635446,0.0633065701274071,-0.0526239327594529,0.3605381817432939,-0.0633065701274071,0.0526239327594529,-0.3605381817432939,0.3654960145845081,-0.0336786067987792,-0.3272644240893266,0.3260234471343076,0.0186352554528642,-1.060593818188091
2026-07-21 18:04:36.988,Set_A,SubD.mp4,0,0.5635432884648751,0.4583916973689503,0.0700559490380693,-0.9024802475788968,0.0164822005185897,-0.0659629125673623,-0.7842897442659365,-1.091093870687973,0.0481521912982031,-0.0338817906934237,0.3729868782496753,-0.0481521912982031,0.0338817906934237,-0.3729868782496753,0.3695388401921216,-0.0551231802244503,-0.0518567177714832,0.3126866972278143,-0.0771573450457771,-0.8475754814007177
2026-07-21 18:04:37.042,Set_A,SubD.mp4,0,0.5507440019023423,0.4798465409487184,0.0500021251156538,-0.8903462600811619,-0.0558144620004942,-0.1097018128586319,-0.7240245972638922,-1.1232710659568228,0.0612161560936431,-0.0629928266213152,0.3662365295803981,-0.0612161560936431,0.0629928266213152,-0.3662365295803981,0.3858383183476118,-0.001927616541958,-0.2171639529991946,0.29124745940245,-0.013403826370951,-1.0763357505468951
2026-07-21 18:04:37.097,Set_A,SubD.mp4,0,0.522461041022335,0.5070752977188263,0.0624882396238959,-0.9183440337971384,0.0388878573784304,-0.1126275462817265,-0.8072969610690675,-1.048664667750427,0.0660639152203439,-0.0514396071826947,0.3755397644166473,-0.0660639152203439,0.0514396071826947,-0.3755397644166473,0.4205103513469879,-0.0249255442297559,-0.1817643894265209,0.3773285072964431,0.019363918535472,-0.9214208586005788
2026-07-21 18:04:37.153,Set_A,SubD.mp4,0,0.5805728998835739,0.5278651393843211,0.0289440446503934,-0.8747318111000545,-0.1543237076829189,-0.1845571899896848,-0.7139763194028214,-1.0505792033732662,0.0692048679423788,-0.063949525062859,0.315693432588789,-0.0692048679423788,0.063949525062859,-0.315693432588789,0.3636858586882867,0.058549803054583,-0.3935386833649951,0.3182139917458168,0.0804518011472629,-1.0256848545503994
2026-07-21 18:04:37.208,Set_A,SubD.mp4,0,0.5518326493781471,0.5022985050038459,0.0387746318396764,-0.895336730317399,-0.1132988063646492,-0.1666455778530252,-0.7530422128896074,-1.012088185188658,0.0684805529395168,-0.0622209661035113,0.3367030915353973,-0.0684805529395168,0.0622209661035113,-0.3367030915353973,0.4207768540031832,0.0679103721485859,-0.3311194571275065,0.3444561881200848,0.0705094775974221,-1.0273182843968691
2026-07-21 18:04:37.263,Set_A,SubD.mp4,0,0.6197662133066462,0.522609127237192,0.0053669446121617,-0.93720499187157,0.03268465959748,-0.1861906220928423,-0.817246096802733,-0.975660892125064,0.0601751049500005,-0.0526248783525693,0.3579007667423715,-0.0601751049500005,0.0526248783525693,-0.3579007667423715,0.3756369596960367,0.0140105040517011,-0.2258754270675783,0.3132106997407125,0.0188866132754342,-1.0167478546711697
2026-07-21 18:04:37.322,Set_A,SubD.mp4,0,0.5993929725565916,0.4940839071191419,0.028665963847663,-0.8358304519816493,-0.1720756077126474,-0.09190952573871,-0.7079634710006409,-1.097845876176134,0.0483179407645429,-0.041207553622125,0.3282320273366976,-0.0483179407645429,0.041207553622125,-0.3282320273366976,0.32614597985226,-0.0584732534300709,0.0976251675171037,0.3068138628812805,-0.0623876076927899,-0.6555533200480945
2026-07-21 18:04:37.379,Set_A,SubD.mp4,0,0.5025413395635583,0.4569537331999305,0.0302395887368093,-0.9135216932399356,0.0502217504098241,-0.0469972173659806,-0.7786855580184262,-1.1161269059801249,0.0402013203301257,-0.0696265569958525,0.3834278929949268,-0.0402013203301257,0.0696265569958525,-0.3834278929949268,0.375450917457496,-0.0687002814808192,0.1861801066643627,0.3717060244327118,-0.0437493480115324,-0.7345442281239504
2026-07-21 18:04:37.437,Set_A,SubD.mp4,0,0.5576040138581668,0.4771136376683879,0.0685982387964573,-0.9136135539793904,0.0387944613173706,-0.0711028243759502,-0.7928998769207724,-1.0817736735783006,0.0459946229924369,-0.0415846931380127,0.3723694535416689,-0.0459946229924369,0.0415846931380127,-0.3723694535416689,0.3779026825136257,-0.0795631764125311,0.2076430381086731,0.3669521252044426,-0.079028785653238,-0.6082335539978033
2026-07-21 18:04:37.491,Set_A,SubD.mp4,0,0.5269468271369827,0.4628907336040691,0.0844646316429726,-0.936502114998461,0.0787825582312305,-0.0705610748124586,-0.8027631024669319,-1.0660835226906602,0.0642059521124917,-0.0586714391112169,0.3929331271253481,-0.0642059521124917,0.0586714391112169,-0.3929331271253481,0.4219688663425639,-0.0173095767040116,-0.0940883551415211,0.3991815730126047,-0.0149096360720847,-0.9324562423388696
2026-07-21 18:04:37.546,Set_A,SubD.mp4,0,0.5284410522157826,0.4855527625749612,0.0697720477557775,-0.9753497655654436,0.1575350518562198,-0.1302328225873844,-0.8677142597122509,-0.9317827469990234,0.0682320945728108,-0.0828769985484412,0.388483183934351,-0.0682320945728108,0.0828769985484412,-0.388483183934351,0.4557276452243136,0.002539719145865,0.1165042051105534,0.4330808591780632,0.0311630164551937,-0.7915304011134867
2026-07-21 18:04:37.601,Set_A,SubD.mp4,0,0.5566039007442816,0.4483347328066011,0.0593382354150884,-0.8758529747837901,-0.071668990289643,-0.0557930628954877,-0.7426582441425487,-1.1032390341792442,0.055461360939365,-0.0298124467785951,0.3442104269646425,-0.055461360939365,0.0298124467785951,-0.3442104269646425,0.3786741976449383,-0.0425337863153883,0.0301766561088809,0.3304521197198703,-0.086880715581362,-0.7855378517513569
2026-07-21 18:04:37.656,Set_A,SubD.mp4,0,0.5198857743482571,0.455918092136274,0.0615242240566245,-0.936761399659424,0.0969020740564268,-0.1071140303154855,-0.8040338615280409,-1.0805450114033817,0.0656777967728463,-0.0640029875099314,0.3866696468297861,-0.0656777967728463,0.0640029875099314,-0.3866696468297861,0.4243501987466683,-0.03087008738366,-0.2677091571060537,0.2869735258092057,-0.0586570161651907,-1.2771401151736026
2026-07-21 18:04:37.711,Set_A,SubD.mp4,0,0.526595025857105,0.4954707310918136,0.0581423222792835,-0.9085140827265832,0.019253027410587,-0.1206454113665542,-0.7964337946459492,-1.0629225628946142,0.0746190389059737,-0.0463932151424151,0.3611675051185601,-0.0746190389059737,0.0463932151424151,-0.3611675051185601,0.4159721026263088,-0.0143060844901563,-0.2470065891000455,0.3394726293034024,0.0038476551142566,-1.0371220743736371
2026-07-21 18:04:37.785,Set_A,SubD.mp4,0,0.5656157645084272,0.4917795859724225,0.0386906096823823,-0.7637998432224729,-0.2142072396660108,-0.0905090773472919,-0.6550322980072468,-1.1944198229102942,0.0418492996894064,-0.0371941686897125,0.3217835903212768,-0.0418492996894064,0.0371941686897125,-0.3217835903212768,0.3264551507092674,-0.0412953215600306,0.0472043560595745,0.2881984892506201,-0.0225476885655045,-0.6613681131517894
2026-07-21 18:04:37.855,Set_A,SubD.mp4,0,0.567025957077619,0.491401296965952,0.1005377606573698,-0.8625493449769768,-0.0838199086469502,-0.1139999562016396,-0.7452373809985932,-1.1056508194787509,0.056443263678875,-0.0546091036344794,0.3503610245077826,-0.056443263678875,0.0546091036344794,-0.3503610245077826,0.3909618934060316,0.0407321530179853,-0.1200850258175269,0.3583099232951071,0.0402438731829576,-0.888411256111749
2026-07-21 18:04:37.909,Set_A,SubD.mp4,0,0.5147277278098935,0.4482331829174951,0.0673918891537545,-0.8219545766191929,-0.0361365573918472,-0.0379319464208035,-0.7261905472172066,-1.2297144556881876,0.0349122189667402,-0.0348586535794202,0.378808679978948,-0.0349122189667402,0.0348586535794202,-0.378808679978948,0.3522987021599079,-0.1087071274670034,0.2290950166272868,0.3394833107802157,-0.0702519407389494,-0.6976506112675841
2026-07-21 18:04:38.024,Set_A,SubD.mp4,0,0.4718196874347855,0.4277075803032696,0.1419091212089574,-0.7947732819121727,-0.0973904394755751,3.854900195705862e-05,-0.6974499016379186,-1.2266642532759455,0.0423427794109226,-0.0767481109459034,0.3710571299814372,-0.0423427794109226,0.0767481109459034,-0.3710571299814372,0.3826761160718739,-0.0637195901493353,0.1221023249322896,0.3884025529481796,-0.0102014203422307,-0.799378954308719
2026-07-21 18:04:38.080,Set_A,SubD.mp4,0,0.5336007786233213,0.4628273164231195,0.0813099958097847,-0.8826769591399607,0.0028326479270626,-0.0985813626778025,-0.8234687351073149,-1.0462733840917924,0.0557386974138463,-0.0412429698920459,0.334352804428937,-0.0557386974138463,0.0412429698920459,-0.334352804428937,0.3873292654960428,-0.0647669037079566,-0.122934522471451,0.3055906444706633,-0.0682623337668225,-1.0329516149147469
2026-07-21 18:04:38.136,Set_A,SubD.mp4,0,0.5733585384979463,0.4222277894586494,0.0688244067075445,-0.8390153279087167,-0.0272197214332752,-0.1157602208661012,-0.81953359874738,-1.0894774117398978,0.0538021047469679,-0.0301819279746109,0.3635694097068134,-0.0538021047469679,0.0301819279746109,-0.3635694097068134,0.3600542612046292,-0.0689808084304006,0.012060757533055,0.2489336064544831,-0.1275490776524653,-0.9917943815728798
2026-07-21 18:04:38.191,Set_A,SubD.mp4,0,0.522830457332225,0.4802898152913484,0.1274095304880643,-1.0022801198064957,0.6792019611654956,-0.0172638745043201,-0.988561491447632,-0.52294059880429,0.0445511333030113,-0.0102293223713991,0.4343451417880321,-0.0445511333030113,0.0102293223713991,-0.4343451417880321,0.4317868324999687,-0.0850613886003449,0.1047758193374799,0.393955832614976,-0.0939458807278598,-0.8178986805301931
2026-07-21 18:04:38.246,Set_A,SubD.mp4,0,0.5400246579526554,0.4384013711751958,0.0978495326557614,-0.9807726780444768,0.262453303054776,-0.113506010270239,-0.945127649571861,-0.8015848294896435,0.0532198043626865,-0.0358894190033632,0.364887329011159,-0.0532198043626865,0.0358894190033632,-0.364887329011159,0.3991209132423592,-0.0866950299210462,0.0868020815522907,0.268547948844142,-0.106657216732203,-0.9434990419553604
2026-07-21 18:04:38.301,Set_A,SubD.mp4,0,0.4736409848942371,0.4190956251728461,0.1893744284101442,-0.938457864922226,0.2224131477029558,-0.0139074479366396,-0.8811032936095574,-1.0338369143785355,0.067417560360079,-0.0623211366660896,0.4098084996857158,-0.067417560360079,0.0623211366660896,-0.4098084996857158,0.4310013536994617,-0.0376243623193958,0.1812129539569962,0.39883604041504,-0.0424461818070118,-0.8400976157042818
2026-07-21 18:04:38.357,Set_A,SubD.mp4,0,0.5956918560168982,0.5158203600742852,0.1024672598026664,-1.065402340119708,0.4405822439381907,-0.0532974404502128,-0.9257269783249804,-0.6222037352183725,0.063357376589179,-0.0135005615762217,0.4415247452958569,-0.063357376589179,0.0135005615762217,-0.4415247452958569,0.3962996260301507,0.0206181233197268,0.2480198092007,0.3766886474710169,0.0098598972507828,-0.7263243023140374
2026-07-21 18:04:38.413,Set_A,SubD.mp4,0,0.4692632273491257,0.4149478116706607,0.1368212560021487,-0.910261372807825,0.1800647275102027,0.015642059138083,-0.820531954436883,-1.1705743922291507,0.0453707656794643,-0.060376055318612,0.4445876341389799,-0.0453707656794643,0.060376055318612,-0.4445876341389799,0.4118215975932979,-0.0309603088848332,0.2506308682523896,0.3869521183226254,-0.0178351792521258,-0.7001993668239
2026-07-21 18:04:38.524,Set_A,SubD.mp4,0,0.445139469589819,0.4214080159425249,0.1945868045645478,-0.7948332825788521,-0.1124793224799562,0.0786052391471804,-0.669803233588403,-1.2217642770033077,0.0369819091093305,-0.0629978751405732,0.3651907656740318,-0.0369819091093305,0.0629978751405732,-0.3651907656740318,0.3729672658409168,-0.0167385677040271,0.3589464400888286,0.381001342856464,0.0398726144463678,-0.4523788755933845
2026-07-21 18:04:38.745,Set_A,SubD.mp4,0,0.3980954141999811,0.3738443055729156,0.2159047494708685,-0.822012367074252,0.0348997805108171,0.1457107636289631,-0.7191265576687818,-1.2572438545453877,0.0388684782339106,-0.0536110729157776,0.4176982939043276,-0.0388684782339106,0.0536110729157776,-0.4176982939043276,0.3446470253655148,-0.0480106012481741,0.4528129626360049,0.3572411131470904,0.05212494886231,-0.5561944695718223
2026-07-21 18:04:38.915,Set_A,SubD.mp4,0,0.444328349697018,0.4140814687982574,0.2421318657577913,-0.8252319913441838,0.0421696707803931,0.1791881114406281,-0.74292626016283,-1.2098036780977497,0.0569639318101601,-0.0500235877751446,0.3955315581578861,-0.0569639318101601,0.0500235877751446,-0.3955315581578861,0.3546177553720384,0.0340240321160246,0.5280245143505076,0.3205091115581368,0.169638310864044,-0.5376796326566674
2026-07-21 18:04:39.245,Set_A,SubD.mp4,0,0.5875676017883639,0.5763683928674957,0.25764293189395,-0.7606892247351611,-0.0122146394472123,0.1920798299079082,-0.7360676008207335,-1.2357711147459798,0.0488342513607392,-0.0289099674095094,0.371564500325248,-0.0488342513607392,0.0289099674095094,-0.371564500325248,0.2593410253140506,0.301735271992599,0.4066613841603274,0.2318303044189527,0.4164994252089542,-0.305701272748713
2026-07-21 18:04:39.355,Set_A,SubD.mp4,0,0.5830124855288287,0.5725070109175362,0.341018217471476,-0.8559590680296026,0.32750224213682,0.2826943093396659,-0.8470782863609314,-1.1705007317258294,0.0408555931612535,-0.025786366049997,0.4578965106432405,-0.0408555931612535,0.025786366049997,-0.4578965106432405,0.29425360508353,0.3567168993680002,0.5069998508502562,0.2123351859375634,0.4224848809950932,-0.6339114096713486
2026-07-21 18:04:40.136,Set_A,SubD.mp4,0,0.9311177706680572,0.8732959868063306,0.0575141894823926,-0.9207685088739525,0.1306902557113131,0.0576918589736244,-0.9251108687642252,-0.891910913345644,-0.0223629373970989,-0.0040027484600483,0.3370773499735207,0.0223629373970989,0.0040027484600483,-0.3370773499735207,-0.0244320610829236,0.5045906879316631,0.7815168909690267,0.132385806823891,0.5217461636502003,-0.0555909777303933
2026-07-21 18:04:40.694,Set_A,SubD.mp4,0,0.9030134587752018,0.8534054261116196,0.0366263814413804,-0.916370436205518,0.1277129482242176,0.0019748558513287,-0.8810813688365796,-1.0038847082292846,0.0090290741647091,-0.0182678660198416,0.3609815607861507,-0.0090290741647091,0.0182678660198416,-0.3609815607861507,0.0830114834120284,0.4504256635570978,0.6648089519991252,0.063860063922575,0.5483434524091262,-0.2766352028748137
2026-07-21 18:04:40.750,Set_A,SubD.mp4,0,0.92338205681715,0.8671140181396123,0.0220819334538109,-0.892146202092461,0.0424562904101552,0.0189015804244897,-0.8320588205491187,-1.0550951161954083,0.0023218429218977,-0.0283864816518885,0.3656936585565631,-0.0023218429218977,0.0283864816518885,-0.3656936585565631,0.0843707710984452,0.427708461134251,0.5999393095525107,0.0689077339275676,0.5887637678617104,-0.1814780132866187
2026-07-21 18:04:40.805,Set_A,SubD.mp4,0,0.911002081328731,0.893244596943427,0.0208393572228385,-0.8987236496390529,0.1124743847368263,0.0054257340836505,-0.8610930323824785,-1.0623982715074405,0.0222636717374748,-0.0133287469620816,0.3519626504762477,-0.0222636717374748,0.0133287469620816,-0.3519626504762477,0.0981133376166173,0.4899174291345384,0.5034343749114403,0.0577139868505517,0.5411433993533296,-0.0091078304143156
2026-07-21 18:04:41.088,Set_A,SubD.mp4,0,0.9375596543239942,0.8404700509965998,-0.0275547876322996,-0.9205319374286318,0.1537745691279213,0.0415222282507557,-0.8951465495664933,-0.9922950175760574,-0.0265261789828963,0.0040346566157097,0.3487894006702386,0.0265261789828963,-0.0040346566157097,-0.3487894006702386,-0.0072017064154311,0.4733064368116998,0.6775128740803269,0.136981091309362,0.4749506457095223,0.1681232409101667
2026-07-21 18:04:41.309,Set_A,SubD.mp4,0,0.8425796629178777,0.7968917567684087,-0.0616378437125479,-0.9971473030722722,0.2860181360931243,0.0628977090420916,-0.9397286542663864,-0.7845258477915558,-0.0480143564538114,-0.0257343723568716,0.3584034356238312,0.0480143564538114,0.0257343723568716,-0.3584034356238312,-0.063448661447158,0.4778458465211444,0.9738206135554992,0.1609842482767662,0.4359463847899151,0.4341695459252772
2026-07-21 18:04:41.879,Set_A,SubD.mp4,0,0.8898762570612863,0.7452182892222752,0.0504893200474892,-0.957807602967441,0.3762509173998469,0.1209258717177136,-0.939148058971714,-0.98631324918987,-0.0414606945957985,-0.0099473580639688,0.4431477948747291,0.0414606945957985,0.0099473580639688,-0.4431477948747291,0.0391434724334236,0.5608991482139468,0.8328415728471,0.2233862951695554,0.5697575311275584,-0.1902291322774564
2026-07-21 18:04:41.934,Set_A,SubD.mp4,0,0.910843997788502,0.788054511458913,0.0358009101875582,-0.9419955328419254,0.2972428381377945,0.0782631544949918,-0.9392450560513956,-0.9665135127145352,-0.0389909152428106,-0.0095120655672491,0.3996982605847084,0.0389909152428106,0.0095120655672491,-0.3996982605847084,0.004549598910345,0.5097696581013611,0.856959565306925,0.1942745478583977,0.5571742811058326,-0.0099008582815506
2026-07-21 18:04:41.989,Set_A,SubD.mp4,0,0.8778509204133929,0.7842371827132276,-0.0305152574094265,-0.9580074215245264,0.3797805245784483,0.0855307366552634,-0.9977581332780734,-0.794454362300375,-0.0548555121283049,-0.0040680405286647,0.3814085809329419,0.0548555121283049,0.0040680405286647,-0.3814085809329419,-0.0233327629701476,0.5385085646933245,0.8585112131382935,0.2142043232424623,0.5577823198864349,-0.0214904382739984
2026-07-21 18:04:42.043,Set_A,SubD.mp4,0,0.9001329202180919,0.7978062316022343,0.0166925442656259,-0.9601401671501129,0.2851832025489438,0.0489126191436658,-0.9425733588251808,-0.8978635438401477,-0.0357163982870507,-0.0052578592284218,0.3711033487883262,0.0357163982870507,0.0052578592284218,-0.3711033487883262,-0.0500699381006309,0.493449694692226,0.7789869219711786,0.1871267684105348,0.5304172139476342,-0.0119600584579149
2026-07-21 18:04:42.097,Set_A,SubD.mp4,0,0.9187114471092162,0.8156116529161627,0.0182727150012754,-0.9478741430749676,0.296086805257626,0.0508933239723093,-0.9518306602150856,-0.9176475178267248,-0.0324788009475816,-0.0078866513921521,0.3833286952516085,0.0324788009475816,0.0078866513921521,-0.3833286952516085,-0.0429680143205339,0.477862258998002,0.7459967607594823,0.200818849087453,0.5072912713688572,0.0124241402822598
2026-07-21 18:04:42.152,Set_A,SubD.mp4,0,0.8990171846942284,0.8261575110789076,0.0183599120382979,-0.9530536897205664,0.3190875769319328,0.0758561764919907,-0.9563923206320524,-0.90657311906086,-0.0406635581558362,-0.0041156868347553,0.3846151482609442,0.0406635581558362,0.0041156868347553,-0.3846151482609442,-0.0262794022526266,0.5394816382185214,0.7940774341663713,0.1988430400637638,0.5719493501336724,0.0281012280784599
2026-07-21 18:04:43.242,Set_A,SubD.mp4,0,0.9346969373740288,0.8624822466258731,-0.0544008724452714,-0.9929169761458148,0.5688340155490129,0.0049753138874207,-0.9852765838654904,-0.8591913011318664,0.0054123738638969,-0.0122505593013473,0.4037649846741649,-0.0054123738638969,0.0122505593013473,-0.4037649846741649,0.1099062014617463,0.6114846883062321,0.2717668879635987,0.0550049425699296,0.6850760571744123,-0.6158636868782532
2026-07-21 18:04:43.298,Set_A,SubD.mp4,0,0.9415734428153418,0.8896109342006753,-0.0187887363615822,-0.981147169300181,0.6595246842942781,-0.0224761303335894,-1.0183031268539051,-0.6817895441852955,0.0167822205037764,-0.0050704906217323,0.4308467665189786,-0.0167822205037764,0.0050704906217323,-0.4308467665189786,0.1391572300545071,0.6610158994769946,0.3767743276742855,0.117662979575141,0.7032114682112475,-0.5458731438761552
2026-07-21 18:04:43.352,Set_A,SubD.mp4,0,0.9504762129910392,0.8901897356554918,0.0066608418205921,-0.98537434827913,0.5969245815127342,-0.0504805633719216,-1.0135794739301216,-0.6445002967274112,0.0295477085830779,-0.0107970045620902,0.3984102179552685,-0.0295477085830779,0.0107970045620902,-0.3984102179552685,0.1476070803361232,0.6688064818337649,0.3717646365101403,0.121587733478714,0.7142865586881673,-0.499260823297752
2026-07-21 18:04:43.461,Set_A,SubD.mp4,0,0.9806463952406718,0.8320483108713123,0.0733234979744151,-0.970843524777984,0.2800294909862583,-0.0382688891235186,-0.98873721250565,-0.6785448714488445,0.0405661168057632,-0.0042661549144731,0.3417574717828539,-0.0405661168057632,0.0042661549144731,-0.3417574717828539,0.0953686543260153,0.6777583319665335,0.3517200498806652,0.1161588274906881,0.6698725551571518,-0.6794514731415633
2026-07-21 18:04:43.624,Set_A,SubD.mp4,0,0.9753445702457284,0.8383907095356973,-0.0341180028866688,-0.9895957332135674,0.4135126944023706,0.0732437541961204,-0.9931191016342442,-0.6729564441033136,-0.0514958818781354,-0.004292642393836,0.3258935368632841,0.0514958818781354,0.004292642393836,-0.3258935368632841,0.0011196937604112,0.6944925626702472,0.1984892224592979,0.2040533208090976,0.7099056833889158,-0.1530699167241505
2026-07-21 18:04:43.678,Set_A,SubD.mp4,0,0.949992424232103,0.8074018612769611,-0.010244041838897,-0.9916270008916797,0.3629638779793665,0.0983024899287975,-0.988281086530144,-0.6316824576899159,-0.0483138904802029,-0.0086101392175077,0.3176500010897389,0.0483138904802029,0.0086101392175077,-0.3176500010897389,-0.0107168184046724,0.5734338704559201,0.4477202321599099,0.1765641172555343,0.5711495393944318,0.0357608766259616
2026-07-21 18:04:43.733,Set_A,SubD.mp4,0,0.9752093339276888,0.7956091178942679,-0.0060564338655619,-0.9830671249994818,0.415289644562422,0.062989831595124,-1.0046769533634956,-0.6289062805154435,-0.0480930827195651,-0.0104699464828701,0.3238679452965979,0.0480930827195651,0.0104699464828701,-0.3238679452965979,-0.0432717265036982,0.6575059724500404,0.3304598645172919,0.2115468623701119,0.6405151035588054,-0.0953207505169217
2026-07-21 18:04:43.787,Set_A,SubD.mp4,0,0.9210305354491388,0.7673568730440806,-0.0343020482919906,-0.9760112598318051,0.3076749180489069,0.1155536755367579,-0.9640187715296152,-0.7869260531397717,-0.0617808588794965,-0.0065215761716174,0.3554749805924688,0.0617808588794965,0.0065215761716174,-0.3554749805924688,-0.050017295415432,0.5572846529690824,0.7105356015614744,0.2062161535527769,0.5248337844662169,0.1180921707292781
2026-07-21 18:04:43.842,Set_A,SubD.mp4,0,0.951968744800504,0.7731048530404937,-0.0096004974334277,-0.9672396070096532,0.2797404220889862,0.0959155933480971,-0.9349161365347424,-0.8915845456354246,-0.0486150938349776,-0.0112354756555215,0.368340549037342,0.0486150938349776,0.0112354756555215,-0.368340549037342,-0.030873988409068,0.5659114286112195,0.6236023402264445,0.1883351249262354,0.539621174703483,-0.0750559995989871
2026-07-21 18:04:43.897,Set_A,SubD.mp4,0,0.9644568963269856,0.7546660135462661,0.0627723702406568,-0.9970532328330924,0.4594783247765991,0.1022727290245853,-0.9660588018258318,-0.804371430804866,-0.0326775306701163,-0.0157751311090808,0.3877335026592785,0.0326775306701163,0.0157751311090808,-0.3877335026592785,-0.0449579799312734,0.6373359480741644,0.4078378106669573,0.203244171671957,0.5856295358988456,-0.1861160859334376
2026-07-21 18:04:43.953,Set_A,SubD.mp4,0,0.9793453749576824,0.7508418291186524,0.0236175102286686,-0.9801556697345146,0.3253642933136497,0.0835401846712242,-0.9378502565896412,-0.8819345898703013,-0.0344569511927447,-0.0120370796761567,0.3629917809883867,0.0344569511927447,0.0120370796761567,-0.3629917809883867,-0.0415455090956948,0.6156270368479807,0.4161131998726248,0.2301467934414115,0.5242315311344683,-0.1822589642744304
2026-07-21 18:04:44.007,Set_A,SubD.mp4,0,0.9529313910446444,0.7591087900212881,0.1353004012847574,-0.9995325306449692,0.4864758146085049,0.1325319139048191,-0.948028368383636,-0.8542697725728549,-0.0126763022746504,-0.0151080311305201,0.3833741735733493,0.0126763022746504,0.0151080311305201,-0.3833741735733493,0.016441257893285,0.7036404374478393,0.2812788297261679,0.2089683761225226,0.7436096256637661,-0.2924407132385677
2026-07-21 18:04:44.062,Set_A,SubD.mp4,0,0.9494104596603288,0.7636233627871785,0.0604383640074679,-0.9622992432627828,0.4203491784794539,0.0826482099297662,-0.9868785057034044,-0.8448869686630981,-0.0295110398115049,-0.0065053789933785,0.3693497950989544,0.0295110398115049,0.0065053789933785,-0.3693497950989544,-0.0290470290766666,0.5855637338178624,0.5330604067631222,0.2204752801352945,0.589432063829299,-0.1934089351794137
2026-07-21 18:04:44.116,Set_A,SubD.mp4,0,0.9256785727294904,0.7400659927038222,0.0815897932676384,-0.9875105384683848,0.5074585039913264,0.0961567796691067,-0.983672040387771,-0.7952872666667012,-0.009676758394308,-0.0187715876649299,0.3860885016247135,0.009676758394308,0.0187715876649299,-0.3860885016247135,0.067235260526683,0.5716400856453588,0.3280593819653371,0.2374721867133586,0.5319913427872027,-0.2508376928650718
2026-07-21 18:04:44.170,Set_A,SubD.mp4,0,0.9225784990311382,0.7387107068750437,0.1016187529969089,-0.9700280900577216,0.4204668480415917,0.1001592582776271,-0.9842943643053188,-0.7945114690943682,-0.0089695016607594,-0.0056018778983898,0.3614507066211296,0.0089695016607594,0.0056018778983898,-0.3614507066211296,0.0452390282721352,0.634148119996686,0.360989890378569,0.2169498346896832,0.5919905067465084,-0.2848581796480885
2026-07-21 18:04:44.442,Set_A,SubD.mp4,0,0.900060733986559,0.8104843921526623,0.0576965701379134,-0.9808222662378502,0.3004976780930536,0.0328935651239904,-0.940292381242928,-0.8492343532187775,-0.0069076342097883,-0.0247193074266391,0.3524760239012135,0.0069076342097883,0.0247193074266391,-0.3524760239012135,0.0908259351312641,0.5489137833536307,0.4461544968035385,0.1239189278397705,0.5901731806525334,-0.3896264379814275
2026-07-21 18:04:44.823,Set_A,SubD.mp4,0,0.8902765288219924,0.8660680360875582,0.0663434275549406,-0.9764257471741888,0.304195108315148,0.0547861672852989,-0.9375918159781218,-0.8715260427778564,0.0239843968830003,-0.0114303989052704,0.361623569849795,-0.0239843968830003,0.0114303989052704,-0.361623569849795,0.1348857150643825,0.6099766697072897,0.4107354351688929,-0.0006469718499132,0.6482199884282972,-0.3335407171165895
2026-07-21 18:04:44.878,Set_A,SubD.mp4,0,0.9526525621550134,0.910786578443926,0.0350952704203835,-0.9679694804367932,0.298500741159083,0.0130869160202356,-0.9367602883365928,-0.906516353506566,0.0133864781779117,0.0070189306381326,0.3422623283415777,-0.0133864781779117,-0.0070189306381326,-0.3422623283415777,0.0681034814125619,0.6389642306340179,0.2885898835372308,-0.0065516877397243,0.6466331041678227,-0.1633971150361863
2026-07-21 18:04:44.932,Set_A,SubD.mp4,0,0.9692801627312791,0.8324511833859135,0.0273838406989393,-1.0052086659656665,0.4847238009408547,0.05715248435609,-0.97042142451005,-0.7842890782229578,-0.0317839611998773,-0.0014486608907004,0.35448045529877,0.0317839611998773,0.0014486608907004,-0.35448045529877,-0.0165604879922082,0.6338783512398626,0.320913210869254,0.1539610336615813,0.5942726323647491,0.0912846672988522
2026-07-21 18:04:44.987,Set_A,SubD.mp4,0,0.9195846094483092,0.97079104523552,0.0476817717367508,-0.9449793189912434,0.1747714440669806,-0.0310780430787204,-0.9198344988911435,-0.8974011838573978,0.0563587832365228,0.0052780336200111,0.3458465729225112,-0.0563587832365228,-0.0052780336200111,-0.3458465729225112,0.1242032019237925,0.5274352451781722,0.5647564934288926,-0.0465905055263456,0.5801323889291727,-0.0390997157029372
2026-07-21 18:04:45.042,Set_A,SubD.mp4,0,0.9261212035676392,0.926857937684329,0.0546668173593339,-0.9609500114415026,0.2765159855446018,0.0461937464888708,-0.9136815408992612,-0.9661417461051248,0.0085698100264667,-0.0061437359033849,0.3701441731886611,-0.0085698100264667,0.0061437359033849,-0.3701441731886611,0.0834762976652126,0.5991243813134177,0.5439627251824394,-0.0082584058837939,0.6331122047055381,-0.1335864059622009
2026-07-21 18:04:45.097,Set_A,SubD.mp4,0,0.9382076750155705,0.8787636170299779,0.0755786148740246,-0.9341651687333262,0.1843895830749173,0.0364311741564477,-0.8890675173185965,-0.9988073994770632,0.0052037381226394,0.005448903134857,0.3402234004295971,-0.0052037381226394,-0.005448903134857,-0.3402234004295971,0.0411623003859356,0.5890074974399523,0.2938087092806359,0.0274500074794985,0.6208069209728072,-0.1434911889582703
2026-07-21 18:04:45.151,Set_A,SubD.mp4,0,0.9487510103751056,0.9011276515797128,0.0989120094534091,-0.978821820957956,0.3302252986647919,0.0318607627100345,-0.9264243717133788,-0.924308985843686,0.0189145250848528,-0.0034531200028535,0.3667210965863245,-0.0189145250848528,0.0034531200028535,-0.3667210965863245,0.0516597130991326,0.6416494345664435,0.4380201487858184,0.0129542054207155,0.6690823502866636,-0.2023580520948035
2026-07-21 18:04:45.206,Set_A,SubD.mp4,0,0.9918623271579418,0.8532169249843684,0.1018316595576325,-0.9711501295361524,0.3559042491743074,0.0125248029823888,-0.97895848132959,-0.7848553015131702,0.0213723286728122,-0.0003988638630928,0.3337057490267711,-0.0213723286728122,0.0003988638630928,-0.3337057490267711,-0.0063414360291181,0.6505243794078988,0.2747500548829205,0.0934170868029779,0.6362933857689047,-0.2829240771191624
2026-07-21 18:04:45.261,Set_A,SubD.mp4,0,0.9458147510442196,0.87290357456533,0.1205509641256079,-0.9512558505531498,0.2050008949298581,-0.0167481973864668,-0.9202113356530316,-0.9027369170548584,0.0456447709955444,-0.0054042805870653,0.3415328636167822,-0.0456447709955444,0.0054042805870653,-0.3415328636167822,0.0936894752564294,0.6170085622947806,0.4703868054186249,0.0082297686093276,0.6624612326987611,-0.3399398852489318
2026-07-21 18:04:45.315,Set_A,SubD.mp4,0,0.9883460646944916,0.8794056380329801,0.1284731227473227,-0.8804790249545944,-0.0029817114811972,-0.0525887027010922,-0.8950906998208907,-0.9144024540977352,0.0594554154920951,-0.0075248494727143,0.2904101145415152,-0.0594554154920951,0.0075248494727143,-0.2904101145415152,0.075174656954096,0.6460222843725499,0.5214777463637358,-0.0268531372075479,0.655746458949761,-0.2094041119571954
2026-07-21 18:04:45.371,Set_A,SubD.mp4,0,0.9951896907367502,0.8716310440200477,0.1643243846857347,-0.8113010854358096,-0.1141094848672156,-0.0640865043765178,-0.8561437627597472,-0.9856996101930188,0.0595808384984825,-0.0075618710983999,0.2796997930789358,-0.0595808384984825,0.0075618710983999,-0.2796997930789358,0.0572353304920738,0.5822505123718092,0.6381604551908713,-0.0228807583558036,0.6271530894344265,-0.2363608487780997
2026-07-21 18:04:45.424,Set_A,SubD.mp4,0,0.9654203245600096,0.9181620553305035,0.1893331716442026,-0.9045141802223444,0.1196390983637471,-0.0859633834706437,-1.0071602691256458,-0.6982715262512722,0.0793465232619173,-0.000753289777803,0.2916373712949205,-0.0793465232619173,0.000753289777803,-0.2916373712949205,0.0611656927043809,0.6775469556386096,0.5709691205155262,-0.0061780752539792,0.7197168106633418,-0.1739984855608699
2026-07-21 18:04:45.480,Set_A,SubD.mp4,0,0.9810273273377034,0.9357475911443514,0.1646717857604822,-0.9036479070756538,-0.0709137094134531,-0.082925558727901,-0.9251901111906188,-0.7344862268355076,0.0656205385710967,-0.0012997496804173,0.2581575956096584,-0.0656205385710967,0.0012997496804173,-0.2581575956096584,0.0395315042505773,0.6134130388798132,0.6108163827214044,-0.0189350591677748,0.6482398315665975,-0.1448240466677605
2026-07-21 18:04:45.535,Set_A,SubD.mp4,0,0.9463291096049542,0.9605630733795236,0.1324356690234049,-0.8577849830920371,-0.1454066748206755,-0.0966295171344939,-0.8874651749426626,-0.830718217478852,0.0580939457230051,-0.0110946729683723,0.2303354326080237,-0.0580939457230051,0.0110946729683723,-0.2303354326080237,0.0107656914437772,0.5616047480878265,0.7676176502212796,0.007718209483609,0.6045357803616521,0.106756750188529
2026-07-21 18:04:45.589,Set_A,SubD.mp4,0,0.9641439673744712,0.9018564990780948,0.1450900166360256,-0.8494435296606149,-0.2129594194901056,-0.1046931156054964,-0.8893857183697744,-0.7743809152380974,0.0660350316207728,-0.0112411202288379,0.215038149248916,-0.0660350316207728,0.0112411202288379,-0.215038149248916,0.0078494400448576,0.5571478459272585,0.7932838663042192,0.0211096696028394,0.5922636958062855,-0.126011669802493
2026-07-21 18:04:45.644,Set_A,SubD.mp4,0,0.9536792833339208,0.8852315931942363,0.149607331535151,-0.8380743375997151,-0.1789050370874877,-0.1181352645690465,-0.8707576589662015,-0.8597973825272082,0.0680799501031209,-0.0024602952016957,0.2440870466718973,-0.0680799501031209,0.0024602952016957,-0.2440870466718973,-0.0003270177923975,0.554972353105626,0.8617045509889941,0.0230702520123341,0.5757339779126319,-0.2699229976828609
2026-07-21 18:04:45.699,Set_A,SubD.mp4,0,0.9572084843507628,0.8773414752836075,0.1485572857459916,-0.8464366175743716,-0.1400479113050458,-0.1230210112636606,-0.8834275409466752,-0.8634050730194982,0.0705036608928104,-0.0080446241743518,0.273115321685391,-0.0705036608928104,0.0080446241743518,-0.273115321685391,0.009886406056064,0.5743509584067266,0.8475242438929602,0.0291318191407721,0.5849272052530656,-0.3347490674817444
2026-07-21 18:04:45.753,Set_A,SubD.mp4,0,0.968479554129633,0.8777464717740853,0.1487717227779447,-0.7983623858429626,-0.3214640909902371,-0.1281077150823918,-0.8247068220214444,-0.8469619209028414,0.0745871330970543,-0.0066840067946377,0.1855970946007547,-0.0745871330970543,0.0066840067946377,-0.1855970946007547,0.0136532819038696,0.5207550335590897,0.6935411923653638,0.02936073157101,0.5428583572282182,-0.1227848619226218
2026-07-21 18:04:45.808,Set_A,SubD.mp4,0,0.9866868377897796,0.9063843923529428,0.1501740758192718,-0.8353353999759563,-0.3224324841961235,-0.1404800531847487,-0.8483148162372693,-0.7570247754349934,0.0774356298369822,-0.0034304914738548,0.164568465297493,-0.0774356298369822,0.0034304914738548,-0.164568465297493,0.0271662357948262,0.5456035459951889,0.5777520252720015,0.0192076442205416,0.5436836599302998,-0.1149705605279332
2026-07-21 18:04:45.863,Set_A,SubD.mp4,0,0.9705503212842672,0.9065090919745172,0.168421937669512,-0.8206495931483092,-0.412255674896004,-0.150268878467081,-0.8410457276867763,-0.7005961243820378,0.0854510422992934,-0.0017550581723121,0.1207559039189076,-0.0854510422992934,0.0017550581723121,-0.1207559039189076,0.04413953960893,0.5834593776008219,0.3877182230642563,0.0144353534672674,0.5763108106183409,-0.0566230574607699
2026-07-21 18:04:45.917,Set_A,SubD.mp4,0,0.9453891767615352,0.8984019649314362,0.1351295467043654,-0.7803183627768663,-0.4881900966009856,-0.17071575474844,-0.7850098672915891,-0.7561897304405011,0.0816617005815839,-0.0041526154826262,0.0994186425239644,-0.0816617005815839,0.0041526154826262,-0.0994186425239644,0.0339189500582596,0.5464456459750201,0.3019126402687446,-0.0075300376517019,0.5369995584314193,-0.107908045940286
2026-07-21 18:04:45.971,Set_A,SubD.mp4,0,0.9325874734911394,0.86409980910048,0.1379401757118401,-0.753177689728225,-0.5757435183898475,-0.1603093650119202,-0.7432663063263466,-0.7509648090289122,0.0820813523024951,-0.0057596616192611,0.0705433437724798,-0.0820813523024951,0.0057596616192611,-0.0705433437724798,0.053066053098018,0.528468097557245,0.2640365147404471,-0.0036750247812011,0.5248067415072674,-0.1641434222772968
2026-07-21 18:04:46.026,Set_A,SubD.mp4,0,0.9055646355366644,0.8839381546775988,0.1401954703030934,-0.754921219792367,-0.6019781994962018,-0.163861901201722,-0.7621963186076427,-0.7010161499649211,0.0832169088472193,-0.0023967781104427,0.0501056118803009,-0.0832169088472193,0.0023967781104427,-0.0501056118803009,0.0777745303631767,0.4919465759302073,0.1225623443730493,-0.0210153593363432,0.4893366400733671,-0.1077889290567716
2026-07-21 18:04:46.080,Set_A,SubD.mp4,0,0.8966086503819464,0.9176714989910392,0.1353428382398672,-0.7879029909397596,-0.5740457697646866,-0.1823218119828677,-0.7844323484061143,-0.6610876467819432,0.0903825792884548,-0.0128906927979022,0.0344687187692917,-0.0903825792884548,0.0128906927979022,-0.0344687187692917,0.0902653236706752,0.4972931408848102,0.0202601390061997,-0.0216222143619783,0.4998220258972917,-0.038284396689927
2026-07-21 18:04:46.135,Set_A,SubD.mp4,0,0.8954960185129063,0.9229931247749176,0.126639314414613,-0.7520122012464157,-0.6297949491841596,-0.1749725585101263,-0.7363374381455843,-0.7053002715536375,0.084869400574015,-0.01177116772012,0.0466761057443756,-0.084869400574015,0.01177116772012,-0.0466761057443756,0.0928415361338381,0.4593971834415607,0.0750905073718715,-0.033262002230257,0.4765423116024171,0.011545211985442
2026-07-21 18:04:46.190,Set_A,SubD.mp4,0,0.7982316689501041,0.8187298403420469,0.1324547810628478,-0.7151640685283629,-0.7091133183075399,-0.1714655758083026,-0.70722181750158,-0.6963391174284199,0.0871859949235792,-0.01191089367391,0.018283345088408,-0.0871859949235792,0.01191089367391,-0.018283345088408,0.1353728791782418,0.4686186615995343,-0.2994845103352212,-0.037315143137861,0.4777266913629076,-0.352768481697788
2026-07-21 18:04:46.246,Set_A,SubD.mp4,0,0.8502544302680919,0.9160341434210127,0.145751789357867,-0.7403389596736886,-0.7043518180654879,-0.1591358748163686,-0.7356027058632895,-0.6452470357382527,0.0891075156704776,-0.0135419605855149,0.0258145231422767,-0.0891075156704776,0.0135419605855149,-0.0258145231422767,0.1314123415703409,0.4817743513209202,-0.0707991680707969,-0.0335661146591412,0.5263741498092794,-0.001286749529485
2026-07-21 18:04:46.301,Set_A,SubD.mp4,0,0.9012869439645144,0.9338772635516857,0.1511290232483959,-0.7583904853248516,-0.6939866752394918,-0.16708433828334,-0.752990654447493,-0.6157737907475465,0.0926824626195639,-0.0150732351001975,0.0174295861199336,-0.0926824626195639,0.0150732351001975,-0.0174295861199336,0.1304092975634448,0.4811238762757938,0.1143433159214262,-0.032509284038968,0.5165802008565105,0.1142854711174043
2026-07-21 18:04:46.355,Set_A,SubD.mp4,0,0.9139737870853192,0.9466866270191028,0.1382703440393794,-0.7638234498051264,-0.6515498061933146,-0.171515090840358,-0.7578501862556181,-0.6459108414287283,0.0896151036647994,-0.0129331982611349,0.0249329829661453,-0.0896151036647994,0.0129331982611349,-0.0249329829661453,0.1252252891505899,0.5213589561874521,0.1819260964565488,-0.0362771381052278,0.5281155152124342,0.1656035713455324
2026-07-21 18:04:46.409,Set_A,SubD.mp4,0,0.9009013127111712,0.938934493831822,0.1355508423130073,-0.7437288656384687,-0.6899262467631264,-0.1559374495339487,-0.7462368330276253,-0.6440852235940355,0.0874057149208656,-0.007973185780869,0.0095784115411223,-0.0874057149208656,0.007973185780869,-0.0095784115411223,0.1144101012131712,0.5173521151018166,0.1355483338120757,-0.037493676552354,0.5093931692284873,0.1745220889174975
2026-07-21 18:04:46.464,Set_A,SubD.mp4,0,0.9164821640401986,0.9827456985488224,0.1356072922461061,-0.8035131946138504,-0.6190713600400218,-0.1730692704215804,-0.8034609985664589,-0.5709834885462414,0.0900513061898808,-0.009763376263507,0.0032364834617561,-0.0900513061898808,0.009763376263507,-0.0032364834617561,0.1167346497233963,0.5583492651500678,0.1147345129918408,-0.0382667929524491,0.5275071336556073,0.3064762499458552
2026-07-21 18:04:46.519,Set_A,SubD.mp4,0,0.9020590005695046,0.9635805366556696,0.1465018953945896,-0.8090831799625612,-0.6650157708001487,-0.168009400310393,-0.8008965643642248,-0.5213663978494621,0.0898785915134048,-0.0116557400556559,-0.0255806224277736,-0.0898785915134048,0.0116557400556559,0.0255806224277736,0.1269181430440927,0.5799411473362571,0.0426007761894493,-0.0289402545492654,0.53651621240954,0.2753389871942805
2026-07-21 18:04:46.574,Set_A,SubD.mp4,0,0.8601975102318035,0.9607157081355108,0.1425936570241367,-0.749883876700274,-0.7691952098986558,-0.161797732573202,-0.7676202211587365,-0.5334223534956873,0.085341870658378,-0.0072698778537848,-0.0723898790941114,-0.085341870658378,0.0072698778537848,0.0723898790941114,0.1043230611244644,0.5354084961863924,-0.0671421268691137,-0.0339963962994472,0.4689116877167882,0.3854821879258756
2026-07-21 18:04:46.629,Set_A,SubD.mp4,0,0.8647736296641526,0.9409037962050368,0.1321996477818207,-0.7398825650979247,-0.7749113670944303,-0.163323982845649,-0.7434055642401254,-0.5663147887538897,0.080687775986306,-0.0031576085710175,-0.053794674668434,-0.080687775986306,0.0031576085710175,0.053794674668434,0.0857597906539115,0.5046896457136211,-0.0361038491406408,-0.0381775755697227,0.4393027707027212,0.2492043078073951
2026-07-21 18:04:46.684,Set_A,SubD.mp4,0,0.8849177645138357,0.9516343132369188,0.1456584038568201,-0.7909544549517358,-0.7370896267038822,-0.1668444339558536,-0.7999220821110881,-0.4747944419890109,0.0879623825866259,-0.0028891896691334,-0.0697684980609803,-0.0879623825866259,0.0028891896691334,0.0697684980609803,0.0912904328181379,0.579175510836419,0.0017090193438938,-0.0305582546207115,0.511114798649826,0.2893473275362964
2026-07-21 18:04:46.739,Set_A,SubD.mp4,0,0.8945036885865503,0.9506785333233456,0.1411761647146339,-0.7788723694478326,-0.7560848417973182,-0.1662037294215941,-0.7897110450081712,-0.484447178304696,0.0865636194653399,-0.0043645988094772,-0.0755449017175238,-0.0865636194653399,0.0043645988094772,0.0755449017175238,0.0707449504461818,0.5692355037404515,0.021292383118854,-0.0382292079464864,0.4944509158246782,0.2384142073774502
2026-07-21 18:04:46.793,Set_A,SubD.mp4,0,0.9032945510298048,0.956077723226502,0.1448373451516541,-0.796104802878807,-0.7753210772972944,-0.1666850688470693,-0.8149698393713197,-0.4095675985148913,0.0860526143566193,0.0007578671969376,-0.1009098155370265,-0.0860526143566193,-0.0007578671969376,0.1009098155370265,0.0562009133772232,0.5891347620534514,0.0454800190705147,-0.0344048923196411,0.519061621998191,0.3036659270697545
2026-07-21 18:04:46.847,Set_A,SubD.mp4,0,0.9054332344684995,0.96383168946371,0.1445310828186232,-0.8067237617057545,-0.7122475521385795,-0.1652738005199558,-0.8217514211385885,-0.4486307009622558,0.085871179492719,-3.393361164244359e-05,-0.053992296071588,-0.085871179492719,3.393361164244359e-05,0.053992296071588,0.0546853203007071,0.5725461675760388,0.0707047266939965,-0.0371468636372011,0.4841406983522798,0.2632967432001502
2026-07-21 18:04:46.902,Set_A,SubD.mp4,0,0.9246198020525954,0.9653687788565012,0.1467558199828646,-0.8103860985087865,-0.6973950775130167,-0.1662377391043551,-0.837219931317945,-0.4361898665057096,0.0837342825518756,0.0016126965408312,-0.0490518167707827,-0.0837342825518756,-0.0016126965408312,0.0490518167707827,0.0535672343905316,0.561439547801776,0.1444229700373656,-0.0311410716562151,0.4783610391398412,0.3024080483510271
2026-07-21 18:04:46.956,Set_A,SubD.mp4,0,0.9525698540283684,0.9619172151255276,0.1572676836709104,-0.8148234007714228,-0.6681491361964632,-0.1661251220536832,-0.8482918293099865,-0.442692561461919,0.085295835049362,-0.0005177643862782,-0.0340684156347829,-0.085295835049362,0.0005177643862782,0.0340684156347829,0.0520771924528678,0.5630284866799613,0.2693350986185839,-0.0196122392307106,0.5060206929925661,0.3693298076160569
2026-07-21 18:04:47.010,Set_A,SubD.mp4,0,0.9236711971349356,0.9711537342011158,0.1527246865804659,-0.8194580246932097,-0.6921042449661166,-0.1651127059836196,-0.8413167473612194,-0.4221998847412205,0.0886248485705548,0.0016369706891214,-0.0454862198866366,-0.0886248485705548,-0.0016369706891214,0.0454862198866366,0.050987704238567,0.575021117339027,0.1268661088345234,-0.0324232022069611,0.4968106817970327,0.361196186997654
2026-07-21 18:04:47.064,Set_A,SubD.mp4,0,0.9215451301878116,0.9489552446504366,0.1572898146379504,-0.7888307731451519,-0.7238777022699557,-0.1515440409698195,-0.831802511481689,-0.448092750789579,0.0869231740464954,-4.268128025113174e-05,-0.0527252758565495,-0.0869231740464954,4.268128025113174e-05,0.0527252758565495,0.0559855846684226,0.5736368291621439,0.1492912982592214,-0.0196574763707118,0.5197558682832663,0.3398698175013556
2026-07-21 18:04:47.119,Set_A,SubD.mp4,0,0.9258022425220946,0.9481972592578836,0.1692979278072632,-0.7893608321209593,-0.7437838822883022,-0.1434769725258466,-0.8357806606651151,-0.4216552652837214,0.088157683021127,0.0038348514227621,-0.0635554622500438,-0.088157683021127,-0.0038348514227621,0.0635554622500438,0.0547066762382916,0.5906976853170325,0.1781652030283538,-0.0271937414591217,0.5047154449678578,0.3799024618959927
2026-07-21 18:04:47.174,Set_A,SubD.mp4,0,0.9543141247932534,0.941142421308478,0.172235646844102,-0.7699028159944696,-0.7497444670003154,-0.1364930387246215,-0.8270928249893675,-0.4537202764148959,0.0862298333510478,0.0008649769807421,-0.0594085548909292,-0.0862298333510478,-0.0008649769807421,0.0594085548909292,0.0582861306242242,0.5439450149602509,0.2950701408771192,-0.0256948721890569,0.4668490261311758,0.3483229494870787
2026-07-21 18:04:47.228,Set_A,SubD.mp4,0,0.910034044545166,0.9281582917776362,0.1608458041825015,-0.722217675386775,-0.8390017211059473,-0.1221755788750352,-0.7746642056775386,-0.4868373520156859,0.081835419962189,0.0026269738491454,-0.0594011018834296,-0.081835419962189,-0.0026269738491454,0.0594011018834296,0.0690452819715881,0.5043343180208896,0.194397725465987,-0.0289733480533424,0.4596821057440738,0.2576890343677742
2026-07-21 18:04:47.283,Set_A,SubD.mp4,0,0.9257673316689228,0.9436405853211556,0.1573356754889481,-0.7408202036745729,-0.8542095965971632,-0.1296438431772274,-0.7864484873802673,-0.4367913746444754,0.0832655728975605,0.0057471193390713,-0.091035973642136,-0.0832655728975605,-0.0057471193390713,0.091035973642136,0.0661571490085372,0.509303977835989,0.1623255787207694,-0.0484664604107613,0.456695924900068,0.3519816412286227
2026-07-21 18:04:47.337,Set_A,SubD.mp4,0,0.8846749197879811,0.9494779969820668,0.155413067966088,-0.7004519589585091,-0.9104563635878788,-0.1258870134200855,-0.769972283691605,-0.4448962690246767,0.0801197161627757,0.0103052474938882,-0.1111653460993915,-0.0801197161627757,-0.0103052474938882,0.1111653460993915,0.0692309625748192,0.5156132537742351,0.0409298831146696,-0.072504024665267,0.4353985482473087,0.3629585485135842
2026-07-21 18:04:47.392,Set_A,SubD.mp4,0,0.912206757231442,0.9178256514683076,0.1586289718761517,-0.7767421251870161,-0.875693346251778,-0.1345839536375285,-0.8413372498291871,-0.2995687407930978,0.0935787948920161,0.0069312009715831,-0.1380559876973634,-0.0935787948920161,-0.0069312009715831,0.1380559876973634,0.0975227762602126,0.5656165013478138,0.0183227869808722,-0.0995958086850931,0.4923675088259175,0.0606467919544197
2026-07-21 18:04:47.450,Set_A,SubD.mp4,0,0.9284897107923192,0.9704365038949488,0.153887650013828,-0.7943753937750702,-0.8896086704937671,-0.1346290431165942,-0.8594366211262932,-0.2349067475545009,0.0943087870803973,0.010046206107508,-0.1548877023508462,-0.0943087870803973,-0.010046206107508,0.1548877023508462,0.1045998453943297,0.5947773969874188,0.0778965325905164,-0.099943730024448,0.5122373549195472,0.4565543939309702
2026-07-21 18:04:47.506,Set_A,SubD.mp4,0,0.9211645645432848,0.95605995661233,0.1365767313094643,-0.7612672577695002,-0.961896919277888,-0.1354849154450028,-0.8470741238889976,-0.2268994501575812,0.088751719506989,0.0135954017223364,-0.1952595006276653,-0.088751719506989,-0.0135954017223364,0.1952595006276653,0.0899028143325072,0.5469279293539266,0.0128847321660555,-0.1319059481712081,0.466655951228088,0.3531318424529714
2026-07-21 18:04:47.562,Set_A,SubD.mp4,0,0.9234799458376832,0.949356250486976,0.1348542413351089,-0.7534526329677536,-0.9995182763052378,-0.1241444914788264,-0.841743635590688,-0.2068125929156571,0.0862114368182502,0.0143308110100445,-0.2178627253279616,-0.0862114368182502,-0.0143308110100445,0.2178627253279616,0.1049028224597857,0.5253935830540487,0.0482865153319558,-0.123007987850183,0.4801630969913728,0.6049141197229146
2026-07-21 18:04:47.617,Set_A,SubD.mp4,0,0.9038081029051752,0.9710192976869538,0.1378303069978291,-0.7491924353966317,-0.9880385615165486,-0.1091523893268942,-0.8197058616058406,-0.2520161593328182,0.082056062661954,0.022765976813276,-0.2011370129184452,-0.082056062661954,-0.022765976813276,0.2011370129184452,0.1200244488398593,0.5218246660217767,0.0383474985879131,-0.1211949254473292,0.4726638213160936,0.4919674483625854
2026-07-21 18:04:47.672,Set_A,SubD.mp4,0,0.9035474709820152,0.967583180943928,0.1238293737239394,-0.7831461261171473,-0.9851666650624576,-0.1153677952222118,-0.8595355771731649,-0.1556774186599842,0.0814665715559782,0.0141713160767346,-0.2297262551754045,-0.0814665715559782,-0.0141713160767346,0.2297262551754045,0.1272808793097221,0.5307729509190489,-0.0277745452171202,-0.1313765618988297,0.507666966275785,0.4765486237499387
2026-07-21 18:04:47.731,Set_A,SubD.mp4,0,0.8900612436860978,0.942260742936892,0.1031491251615678,-0.7772542217305269,-0.9762388938510492,-0.1106574071706329,-0.8442628343362355,-0.1944985073563488,0.0797198666873302,0.0069689238245295,-0.2004156159513864,-0.0797198666873302,-0.0069689238245295,0.2004156159513864,0.1211850829258079,0.493162163058478,-0.0411269532970508,-0.1383675137428237,0.5253057742280761,0.3180659488777476
2026-07-21 18:04:47.786,Set_A,SubD.mp4,0,0.907471338595048,0.958877320258412,0.1117712819027756,-0.841707976260608,-0.9371863687557208,-0.1169734096399317,-0.8821670908548561,-0.0768292577731117,0.0843894293931493,0.0093506280629344,-0.2298519886102557,-0.0843894293931493,-0.0093506280629344,0.2298519886102557,0.1244213376035077,0.5001561756697426,-0.0111105528777117,-0.1422230869544089,0.5183278738822482,0.4936398783986728
2026-07-21 18:04:47.841,Set_A,SubD.mp4,0,0.9356069477063842,0.9429012432754728,0.1027895055376812,-0.8411978486149698,-0.9489855645490471,-0.1300993137789894,-0.8866074479527335,-0.0579618181509695,0.0845524673584043,0.0062955089312631,-0.235491071969653,-0.0845524673584043,-0.0062955089312631,0.235491071969653,0.1256513276755113,0.4855738331889699,0.0686997282993768,-0.1265060966042221,0.4995647712962736,0.6042837974148502
2026-07-21 18:04:47.896,Set_A,SubD.mp4,0,0.8984574897303799,0.9681988710460322,0.0920537249619245,-0.7919637353618365,-0.9951490111091098,-0.1087368087392965,-0.8813708346519155,-0.1001468811102345,0.0731119040986745,0.0049646294932043,-0.2431468946040098,-0.0731119040986745,-0.0049646294932043,0.2431468946040098,0.1064063201576791,0.4887904183780218,0.0478308296179066,-0.1201562027892222,0.5244001117015472,0.6229274359878246
2026-07-21 18:04:47.950,Set_A,SubD.mp4,0,0.9002593345199836,0.996961373958068,0.0952363213626054,-0.8600050151618261,-0.9553348130103976,-0.1042634247005063,-0.9018849202202288,0.0089404094952749,0.0752370414832073,0.0033903854759033,-0.258635944037701,-0.0752370414832073,-0.0033903854759033,0.258635944037701,0.1066850850521229,0.5271947267432472,-0.0657122735266484,-0.1114332712766726,0.5588641409260224,0.4457757545974301
2026-07-21 18:04:48.004,Set_A,SubD.mp4,0,0.907812324827034,0.9846857691803568,0.1058100634752475,-0.8655474755239453,-0.9287472362019732,-0.1242499133276009,-0.8926854882349583,-0.0242883439780138,0.0793190843770994,0.0078846579567704,-0.2562314488482151,-0.0793190843770994,-0.0078846579567704,0.2562314488482151,0.098642524304164,0.5453999263584594,0.0047937917333728,-0.0922859055492041,0.537163018194685,0.3703807927285581
2026-07-21 18:04:48.059,Set_A,SubD.mp4,0,0.9036945643543076,0.9632676936635096,0.1120011624014012,-0.8268059196342779,-0.9716259008731174,-0.1169302227847258,-0.8758126570277238,-0.0776908705401659,0.0762069840451213,0.0041222280050524,-0.2503349642842049,-0.0762069840451213,-0.0041222280050524,0.2503349642842049,0.0792432100914988,0.5392559678526799,0.0006768024890664,-0.0726497001594011,0.5248580389252235,0.3358301529106409
2026-07-21 18:04:48.113,Set_A,SubD.mp4,0,0.9159806509949237,0.9468020622896718,0.1245799194014331,-0.905650398256338,-0.8637428935766346,-0.1215169660099867,-0.9152489558225156,0.0365088513420703,0.0698559864489645,0.0027970177037314,-0.2750747924953689,-0.0698559864489645,-0.0027970177037314,0.2750747924953689,0.0629585533061834,0.5616636812263452,-0.1652546948440095,-0.0181299308608308,0.568669991568332,0.4035366298818423
2026-07-21 18:04:48.168,Set_A,SubD.mp4,0,0.912982930586382,0.9389359000160996,0.1257950472081132,-0.885280634240356,-0.9221958817861302,-0.0998129096676179,-0.918751122511863,0.0591811952608489,0.0639002340776043,0.0096873799681529,-0.3071300676569328,-0.0639002340776043,-0.0096873799681529,0.3071300676569328,0.0302522847323923,0.6130575634615912,-0.2455784026619187,-0.0134677282643827,0.569883073087463,0.3750736557322179
2026-07-21 18:04:48.223,Set_A,SubD.mp4,0,0.8921496662929413,0.9387424977762594,0.1273820577413066,-0.847970540389209,-0.9519872682384044,-0.1078604641328251,-0.8877657747641529,-0.0414101102767669,0.0666169574990072,0.0082740693504843,-0.2997372333055714,-0.0666169574990072,-0.0082740693504843,0.2997372333055714,0.0190047743966156,0.6037620657792508,-0.3378877327929479,-0.0210472414409293,0.5592210261842747,0.3022072430357289
2026-07-21 18:04:48.277,Set_A,SubD.mp4,0,0.8901812287306429,0.9442449029431388,0.1116602268814304,-0.8448144798066052,-0.970009779490336,-0.1197337348608588,-0.8703783480074236,-0.0586050084085262,0.057711975352633,0.0082808197246358,-0.299099309783222,-0.057711975352633,-0.0082808197246358,0.299099309783222,-0.0080966587867102,0.5825089627414443,-0.2905759480122973,-0.0211184651225684,0.5307604859845606,0.3488330501963937
2026-07-21 18:04:48.331,Set_A,SubD.mp4,0,0.885349910769808,0.985783614061554,0.0994909433783185,-0.8714669329011491,-0.9324487453479534,-0.1369260599231396,-0.8877747125705379,-0.0181655007515604,0.0563730149683898,0.0004991410248729,-0.3084360390547195,-0.0563730149683898,-0.0004991410248729,0.3084360390547195,-0.0105324433536209,0.6467948575455486,-0.2994118363109936,-0.0350518830992857,0.5650207353464278,0.4715282399489492
2026-07-21 18:04:48.385,Set_A,SubD.mp4,0,0.8742178141967794,0.945818494822922,0.1067053241205848,-0.8325659196899934,-0.9927780870903106,-0.1148045503722113,-0.8619963169431025,-0.0694804636924847,0.053619005553647,0.0059486608588506,-0.3195861909404275,-0.053619005553647,-0.0059486608588506,0.3195861909404275,-0.0334540837955133,0.6030933060168505,-0.3497240561132276,-0.0144436400158476,0.5464204767449924,0.3323026213399992
2026-07-21 18:04:48.496,Set_A,SubD.mp4,0,0.8580300387366013,0.9305007956649968,0.1289794904452159,-0.9038146733139374,-0.88331634023441,-0.1064744227835836,-0.9321715820173436,0.090443089226302,0.0550880152009031,0.0059881015546545,-0.3524749487827707,-0.0550880152009031,-0.0059881015546545,0.3524749487827707,-0.0709851840890269,0.643002236977296,-0.4624593883974082,-0.0190056425091007,0.6316145876799257,0.8468938887835689
2026-07-21 18:04:48.550,Set_A,SubD.mp4,0,0.8683720396993279,0.9452082357075128,0.1048055505420839,-0.8829680304063175,-0.9107251230646614,-0.0926068641242433,-0.9343825917912492,0.0758072180896889,0.0432132396202941,0.0177492434828882,-0.3500845603608633,-0.0432132396202941,-0.0177492434828882,0.3500845603608633,-0.0694477697911028,0.6270674562099084,-0.2862573417977802,0.0105435537891547,0.5709955510214244,0.7591744792862374
2026-07-21 18:04:48.605,Set_A,SubD.mp4,0,0.8739308130815158,0.946808201625,0.0791097520513708,-0.910155198558102,-0.8879250767729245,-0.1058330547394548,-0.914473629335278,0.0693803281404074,0.0334715398552042,0.0070320584619072,-0.3377707300653197,-0.0334715398552042,-0.0070320584619072,0.3377707300653197,-0.0894876572198048,0.6164348092220259,-0.2220389942234971,0.0311285178900255,0.5834349923290233,0.7305250633454197
2026-07-21 18:04:48.660,Set_A,SubD.mp4,0,0.8694486985952069,0.9580772912933552,0.0840288750589265,-0.9053794968652198,-0.8910890003554203,-0.1025509497769399,-0.9350338028160744,0.108442324578699,0.0319815932408737,0.0079736430578889,-0.3395185625541832,-0.0319815932408737,-0.0079736430578889,0.3395185625541832,-0.0907842239863621,0.6270824342900241,-0.1843754607758465,0.0259982934165163,0.5771446450651999,0.6613631016087123
2026-07-21 18:04:48.714,Set_A,SubD.mp4,0,0.8725899757027266,0.9386979723040456,0.0892944643818816,-0.9248336058364852,-0.8796414747073908,-0.0976492901216533,-0.9309991430817234,0.1341114585916457,0.041595051319461,0.0090414214419693,-0.3538860990883566,-0.041595051319461,-0.0090414214419693,0.3538860990883566,-0.0942526991172151,0.5912987293116898,-0.2434929785954306,0.0019155082596604,0.5321355038144733,0.6978574368531878
2026-07-21 18:04:48.769,Set_A,SubD.mp4,0,0.8953956314824838,0.8983939771235843,0.0879355732776886,-0.8722333387283051,-0.9673058252155736,-0.0048966459083993,-0.9001063607128522,0.0443125823767184,0.019498997775895,0.0058547535704352,-0.3430060354556635,-0.019498997775895,-0.0058547535704352,0.3430060354556635,-0.0705593553218087,0.625529719660434,-0.1878799446177068,0.0675368584115593,0.5582873255303261,0.9035519538228096
2026-07-21 18:04:48.824,Set_A,SubD.mp4,0,0.873825292733165,0.9232026473403872,0.0776326464065674,-0.9528333928152036,-0.8544874456166444,-0.1056997913235126,-0.9266315881913552,0.1712425257334245,0.0363936953829151,0.002313093682221,-0.3441373340064844,-0.0363936953829151,-0.002313093682221,0.3441373340064844,-0.0936787456562727,0.6217120191894794,-0.226497058396356,0.0741461356699944,0.5630946295631181,0.7379420223963038
2026-07-21 18:04:48.879,Set_A,SubD.mp4,0,0.8927343846763539,0.926644919169959,0.085226717846409,-0.9242937433123484,-0.8954467871614458,-0.0802316084086072,-0.9136213829539284,0.1067497366259946,0.0335221491991676,0.0098619515662753,-0.3511913613173848,-0.0335221491991676,-0.0098619515662753,0.3511913613173848,-0.0891644754719521,0.6850714723170682,-0.256886601873752,0.0796278254088025,0.5908901030987589,0.7602233335592053
2026-07-21 18:04:48.933,Set_A,SubD.mp4,0,0.8738748486880187,0.937769166355688,0.0837429806346367,-0.9214526135790252,-0.928667174482286,-0.0963186401047346,-0.898413174955549,0.0992514979302176,0.0426954150927667,0.0049348705896734,-0.3634980460370422,-0.0426954150927667,-0.0049348705896734,0.3634980460370422,-0.0774829861960556,0.6875578569449107,-0.3566375869456863,0.0509880411216529,0.6200137089582575,0.7509955823530148
2026-07-21 18:04:48.989,Set_A,SubD.mp4,0,0.9006706150669704,0.9291298702490663,0.0478952189104295,-0.928280619742937,-0.9919639839060744,-0.0587132473913436,-0.9101135959773776,0.2044427601502469,0.0177300631789291,0.0058416362113335,-0.3657950084362454,-0.0177300631789291,-0.0058416362113335,0.3657950084362454,-0.0591657030342374,0.6166958016596634,-0.1669366859321785,0.043202696071596,0.54751998237809,0.6975737198572641
2026-07-21 18:04:49.045,Set_A,SubD.mp4,0,0.9311459488944632,0.934711600771304,0.0522707260939083,-0.9447768634063606,-0.9283399902961064,-0.080171319236691,-0.9127347032642972,0.1874808021996102,0.0231131762077293,0.0049212710403779,-0.3397637522949218,-0.0231131762077293,-0.0049212710403779,0.3397637522949218,-0.0336546135359857,0.6355444104887655,-0.0701138040505121,0.0452358630567063,0.5573208778739368,0.625349202391808
2026-07-21 18:04:49.099,Set_A,SubD.mp4,0,0.940954657515862,0.9421892836558012,0.0540360268488051,-0.8532812608827458,-1.017602835735739,-0.0813083114541661,-0.8727838749341529,0.0076744375758515,0.0246146659558898,0.0055535893962893,-0.3071022598069346,-0.0246146659558898,-0.0055535893962893,0.3071022598069346,-0.0074677868411028,0.5761167010636395,0.1156121095603359,0.0256022280155713,0.5133842235568065,0.7567045040900836
2026-07-21 18:04:49.209,Set_A,SubD.mp4,0,0.9415827716392448,0.9433168604289456,0.0176986781632338,-0.750518542611101,-1.105855016219341,-0.0935016405607831,-0.8024022821799222,-0.1521953892979118,0.036258145209909,0.0040956014347512,-0.2900045889639354,-0.036258145209909,-0.0040956014347512,0.2900045889639354,0.0232037955295697,0.5197834099133282,0.2366992253867249,-0.0155650701405451,0.4538008899215787,0.8366047216663707
2026-07-21 18:04:49.265,Set_A,SubD.mp4,0,0.8406351719119036,0.8884754995088084,-0.0020466217017634,-0.7591080177423754,-1.11174075481351,-0.1329278808284,-0.786646008193579,-0.1501730199625342,0.0510367842078976,0.0034483919831913,-0.2920130938222857,-0.0510367842078976,-0.0034483919831913,0.2920130938222857,0.0076446950426387,0.5245490096945483,-0.1694766366328854,-0.1169303198940851,0.4163686930294782,0.3964494505642252
2026-07-21 18:04:49.320,Set_A,SubD.mp4,0,0.8274042668984944,0.8851695192555847,0.0002802631268739,-0.6728425732273616,-1.135869080500173,-0.134584780492541,-0.744976699404066,-0.2683213648348127,0.0450332885499053,0.0070574412174451,-0.2782552952396815,-0.0450332885499053,-0.0070574412174451,0.2782552952396815,0.0081214341661762,0.5301386822610827,-0.1869052330762306,-0.1066999548558361,0.4207901053075619,0.4141869782353269
2026-07-21 18:04:49.374,Set_A,SubD.mp4,0,0.7780846296404756,0.8644571176261421,-0.0543137501758267,-0.7548011820525768,-1.15394909198043,-0.1455366271157229,-0.817396754980996,-0.065990854690636,0.0290505002809654,0.0072370836792293,-0.3262444442953757,-0.0290505002809654,-0.0072370836792293,0.3262444442953757,-0.0234808384015853,0.5362463845916026,-0.420646209172696,-0.1360128586779925,0.4481203924062716,0.5025255323152105
2026-07-21 18:04:49.429,Set_A,SubD.mp4,0,0.7924098851642323,0.8238294810887682,-0.0670322720140371,-0.7644506441223748,-1.1859685897083068,-0.1169162847829469,-0.8023430538149412,-0.0433891436452589,0.0191637978522492,0.0108245778349521,-0.3267893343232711,-0.0191637978522492,-0.0108245778349521,0.3267893343232711,0.0029614223590837,0.5730613433209868,-0.3461777866635782,-0.1637426403212497,0.4441483456455094,0.5323089446691335
2026-07-21 18:04:49.483,Set_A,SubD.mp4,0,0.7895725920784437,0.8757669700852116,-0.1024506752223981,-0.7993659971303827,-1.1376608933541823,-0.1013317180137156,-0.8763377742309227,0.0650521077979294,-0.0048890800765732,0.010423985349701,-0.3595084722928859,0.0048890800765732,-0.010423985349701,0.3595084722928859,-0.045525797183226,0.526942794404779,-0.3651347881492944,-0.1301936578760421,0.462971502167484,0.7809966097960773
2026-07-21 18:04:49.539,Set_A,SubD.mp4,0,0.8438430913800291,0.8339003444209605,-0.0902086910928795,-0.7767970700588851,-1.1494553266888423,-0.0912779679720091,-0.8425286987502467,-0.0102199067503215,0.001482509610505,0.00999521720772,-0.3369337061817836,-0.001482509610505,-0.00999521720772,0.3369337061817836,0.0040585205763361,0.5228732772951199,-0.1175812778639212,-0.1717298617018394,0.4251287908146805,0.8958145778048469
2026-07-21 18:04:49.594,Set_A,SubD.mp4,0,0.890822986011263,0.8298230779893975,-0.0680600237173531,-0.7867869950033197,-1.1418017055202074,-0.0657993878483842,-0.8348938051971351,-0.0210538487927462,0.0157304393239075,0.007959027343204,-0.3218239338747334,-0.0157304393239075,-0.007959027343204,0.3218239338747334,0.0550951083046474,0.5206929018638542,0.0607600948227738,-0.1686768229243933,0.3816376739863738,0.9445626204831066
2026-07-21 18:04:49.649,Set_A,SubD.mp4,0,0.8278763695959229,0.8867145450963747,-0.1140501636535387,-0.8912311986856941,-0.9793059221418986,-0.0509387694315889,-0.9598544102687794,0.2402113948444236,-0.0386182735207454,0.0159081009892742,-0.3288264476336309,0.0386182735207454,-0.0159081009892742,0.3288264476336309,-0.1411285120079453,0.5462000524503158,0.2184705647006263,0.0546072316971771,0.5547133389378417,0.816523159317747
2026-07-21 18:04:49.704,Set_A,SubD.mp4,0,0.8267128941579751,0.8820970270152482,-0.0992111311729905,-0.9100318100515452,-0.9402953839501028,-0.0181157650132694,-0.9815280112443072,0.301362021313199,-0.0446812424598897,0.0163045689154285,-0.326128626149911,0.0446812424598897,-0.0163045689154285,0.326128626149911,-0.1662594646053945,0.5566401415625138,0.2723363041333876,0.0747765472539255,0.5756054743612412,0.7847944035606945
2026-07-21 18:04:49.759,Set_A,SubD.mp4,0,0.8336864912455769,0.874782228976407,-0.1122151559538629,-0.9069965698315352,-0.8978397723258862,0.0067825754244555,-0.9975334223403058,0.2964667766893696,-0.050069615824233,0.016373622466166,-0.319182124490329,0.050069615824233,-0.016373622466166,0.319182124490329,-0.1510222402836143,0.4972779567973881,0.320157786648778,0.0666720837135938,0.5427014124478167,0.785660639065444
2026-07-21 18:04:49.813,Set_A,SubD.mp4,0,0.9649003125270136,0.917186075420244,-0.091968324242648,-0.8441049027186253,-1.0409982045373647,0.023825765737233,-0.9299399016525368,0.1200630147416757,-0.0341875130916321,0.0234517330600458,-0.3358670320084563,0.0341875130916321,-0.0234517330600458,0.3358670320084563,-0.0245402492103739,0.5315933634543306,0.139458668115299,-0.0864284718350211,0.4854359361957802,0.630851941382845
2026-07-21 18:04:49.869,Set_A,SubD.mp4,0,0.8927208640983284,0.9174381048416452,-0.1098595571643883,-0.8630485271919195,-1.03157974223327,0.0106292229626366,-0.9381034148974844,0.1678639195914837,-0.0340403924591055,0.0189253265240892,-0.3637461114737865,0.0340403924591055,-0.0189253265240892,0.3637461114737865,-0.0506665741299919,0.5718418526955995,-0.2114594469667353,-0.0728988568774862,0.5305639795373569,0.5524586026318239
2026-07-21 18:04:49.923,Set_A,SubD.mp4,0,0.9303328521408948,0.9307896734210422,-0.0668607814285223,-0.8509938925575885,-1.027034430726378,-0.0142077928423106,-0.906332529267466,0.0755977626179613,-0.0138843722384819,0.0119331345937397,-0.3240187140940098,0.0138843722384819,-0.0119331345937397,0.3240187140940098,-0.0432279350620039,0.5386064454939502,-0.0155129180560845,-0.0542845198213387,0.494186968357505,0.5645869304539958
2026-07-21 18:04:49.978,Set_A,SubD.mp4,0,0.8914956610416411,0.8953750318393301,-0.0722949211550767,-0.8622317940993973,-1.084856654650726,-0.0586813607913159,-0.9170150829941042,0.1809065653645304,-0.0085565662066622,0.0188186406773235,-0.3868083894602007,0.0085565662066622,-0.0188186406773235,0.3868083894602007,-0.0496789071675397,0.583512323227101,-0.2400370714684025,-0.0663773983427642,0.4895877899726958,0.7394994129510623
2026-07-21 18:04:50.033,Set_A,SubD.mp4,0,0.8746212866285573,0.9129507897015026,-0.0344573422493753,-0.8916535215584328,-1.045079872460703,-0.0596060386175734,-0.9028857263665446,0.1671385486601108,0.007681641869089,0.004699450862413,-0.3709392608930186,-0.007681641869089,-0.004699450862413,0.3709392608930186,-0.0574647861939976,0.5971238159082947,-0.2251818268353693,-0.0792443308703741,0.5245833052919303,0.6552289013452546
2026-07-21 18:04:50.088,Set_A,SubD.mp4,0,0.938998976846399,0.925582033918306,0.0046131499112051,-0.869151123722283,-1.060260357865943,-0.033284409742116,-0.8770335904655089,0.085572252471911,0.0057914015425555,0.0081140551055287,-0.3374027352117623,-0.0057914015425555,-0.0081140551055287,0.3374027352117623,-0.0273536602690153,0.5542200053161199,0.0495482208083548,-0.0715596756282306,0.4818998397673433,0.7808085201483977
2026-07-21 18:04:50.143,Set_A,SubD.mp4,0,0.937978405709248,0.912160657319337,0.015077551970161,-0.8897096705789647,-1.0288653819951965,-0.0245458680628751,-0.898370467337385,0.1329414056560114,0.0075185229025292,0.0115435337298414,-0.3382184135392436,-0.0075185229025292,-0.0115435337298414,0.3382184135392436,-0.0090213016278327,0.5473828107455413,0.0525330648679563,-0.035554575748488,0.4959553155421292,0.8047663978818185
2026-07-21 18:04:50.198,Set_A,SubD.mp4,0,0.8929543699795547,0.9261531803471964,-0.0180539038907352,-0.9150031103006548,-1.009137255083971,-0.0348504510775996,-0.9164715344328148,0.2073257093178875,-0.0030623317810687,0.0129985200830163,-0.3590932949441529,0.0030623317810687,-0.0129985200830163,0.3590932949441529,-0.0584315627320539,0.5767470133617778,-0.0995594250007404,-0.0541556303197392,0.5043623065351335,0.6783455733207403
2026-07-21 18:04:50.418,Set_A,SubD.mp4,0,0.8538009334001287,0.886150784300867,-0.0444627026000335,-0.9400413527210028,-0.9374512572389684,-0.0213540412359274,-0.930926748833686,0.233784774311385,-0.0279574374161773,0.0081197215985911,-0.3245663392881803,0.0279574374161773,-0.0081197215985911,0.3245663392881803,-0.1733350618934445,0.5854313722125103,0.0176740212290318,0.0361931186060206,0.4853310927159951,0.8236496319764415
2026-07-21 18:04:50.473,Set_A,SubD.mp4,0,0.8547578523375694,0.886307943618058,-0.0561836132318404,-0.9050639100939644,-0.968856816957432,-0.0135089126635892,-0.9405765449828491,0.2015535767595503,-0.0287333070897298,0.0151400377442173,-0.3240053809325124,0.0287333070897298,-0.0151400377442173,0.3240053809325124,-0.1509146388307738,0.5822498380635023,0.0850315640322953,0.0561522851162711,0.4984946559592866,0.8681872796172078
2026-07-21 18:04:50.528,Set_A,SubD.mp4,0,0.8554466266157478,0.8908368039611461,-0.052699987972576,-0.9414766416915774,-0.8874850426260691,-0.0288833197308223,-0.9614185345838392,0.2772931777082184,-0.0275106269207284,0.0124033593414424,-0.3128845950936344,0.0275106269207284,-0.0124033593414424,0.3128845950936344,-0.1557234721114616,0.5772140826033979,0.0488393763381444,0.0667089931690844,0.4853613766747665,0.7377753661396076
2026-07-21 18:04:50.582,Set_A,SubD.mp4,0,0.8403618570665925,0.87327013329789,-0.059784177623088,-0.9246521274485288,-0.9686250465220556,-0.0360800641626132,-0.9386067999883204,0.2481556047872002,-0.028227069908673,0.0137142321285882,-0.3231411980507391,0.028227069908673,-0.0137142321285882,0.3231411980507391,-0.141485179511017,0.5741220356909127,0.0635698956515101,0.0681056748146881,0.4725707747583722,0.8756778466813467
2026-07-21 18:04:50.637,Set_A,SubD.mp4,0,0.8699078737397699,0.903467997245063,-0.0408614206483414,-0.924186725704052,-0.9207235618859396,-0.022916267555226,-0.9426879884031972,0.2060829470910734,-0.0249584822732346,0.020068508358623,-0.3204062487921364,0.0249584822732346,-0.020068508358623,0.3204062487921364,-0.1160296889373029,0.587565497566385,0.1532382816406739,0.0669522930952553,0.4723416575750215,0.7775497718377986
2026-07-21 18:04:50.691,Set_A,SubD.mp4,0,0.8776499756133054,0.894038506481883,-0.0461616981473567,-0.9080346507374238,-0.9674911464726108,-0.0345252078936162,-0.9283436409216692,0.1793259397318121,-0.0240427883759101,0.0210738957786031,-0.3194299347663971,0.0240427883759101,-0.0210738957786031,0.3194299347663971,-0.1207292085942666,0.5974344092051247,0.1630139998568713,0.0853688794576685,0.4796117966176563,0.8377635121416848
2026-07-21 18:04:50.746,Set_A,SubD.mp4,0,0.8551980764907119,0.8959471165306586,-0.0984566744609258,-0.8845077425564526,-0.9746278654826322,-0.0405669906298808,-0.9625253977211444,0.2202135235848938,-0.0432539962706201,0.0292520975737652,-0.334084512843554,0.0432539962706201,-0.0292520975737652,0.334084512843554,-0.1375637069245254,0.6073917391167692,0.1493846355916065,0.078827233135896,0.520193389172154,0.82530122054496
2026-07-21 18:04:50.800,Set_A,SubD.mp4,0,0.8590220736687477,0.9004511754864756,-0.1085822008345149,-0.8871856206962125,-0.9568387086677632,-0.046257869905644,-0.962051438880183,0.2109520886091723,-0.0450211025234395,0.032962776154317,-0.337833132708604,0.0450211025234395,-0.032962776154317,0.337833132708604,-0.1171035716679672,0.6256379511161809,0.2106698751915137,0.07484527801104,0.539336236045828,0.8518959308225146
2026-07-21 18:04:50.855,Set_A,SubD.mp4,0,0.8321209420426336,0.9588936600395688,-0.1020213185087886,-0.8522735946245359,-1.0256578843903317,-0.0910117564071203,-0.933720412740941,0.1464743781510971,-0.0147547845060054,0.0208638814716505,-0.3484684366939292,0.0147547845060054,-0.0208638814716505,0.3484684366939292,-0.0952463788758683,0.5560085159433727,0.0328880764758929,0.0312517115567596,0.4981176979435309,0.6536381628562948
2026-07-21 18:04:50.910,Set_A,SubD.mp4,0,0.853470248110639,0.9447992838782692,-0.1367623969717226,-0.8493107012234715,-1.0188179247556302,-0.0835416889038801,-0.9714211898359202,0.2210701634765353,-0.0297264143340485,0.0471748870946171,-0.3533784269615606,0.0297264143340485,-0.0471748870946171,0.3533784269615606,-0.1057221721909917,0.6261205634334199,0.1267777620089795,0.0280697807275422,0.5364588521664037,0.6459702711944226
2026-07-21 18:04:50.964,Set_A,SubD.mp4,0,0.8513750220677168,0.8939399974323269,-0.1524331426758227,-0.8624856641851376,-0.981790940514374,-0.0482585118308175,-0.9464107988189095,0.1525645263530574,-0.0447601072172162,0.0345707818193742,-0.3518907145042744,0.0447601072172162,-0.0345707818193742,0.3518907145042744,-0.1055838727885041,0.5783349546320913,0.1785938704429855,0.0263146774517718,0.512722908050907,0.9216683811344007
2026-07-21 18:04:51.019,Set_A,SubD.mp4,0,0.8622097028601606,0.8690043073216801,-0.1507954292037393,-0.832091119414605,-1.0245164540248684,-0.0494112620431197,-0.928324245019228,0.0966937201768129,-0.0445949446646081,0.0395092188223795,-0.3242957620166583,0.0445949446646081,-0.0395092188223795,0.3242957620166583,-0.0860293931747932,0.5411103688015999,0.2692761352877132,-0.0014144698568167,0.4775459608924578,1.0048988115146054
2026-07-21 18:04:51.291,Set_A,SubD.mp4,0,0.8554282415301635,0.8149661848220499,-0.2449605177601791,-0.8685541607324977,-0.8838473167826587,-0.0341089990745631,-1.0027108743126203,0.2353973392275528,-0.0771756919077825,0.0458638041180318,-0.3364592017454877,0.0771756919077825,-0.0458638041180318,0.3364592017454877,-0.0546375134030424,0.61661551269301,0.4339162039962716,-0.0353761257382014,0.4915102557375967,1.115223989625374
2026-07-21 18:04:51.346,Set_A,SubD.mp4,0,0.8848679855594455,0.804181561805179,-0.2444119426292871,-0.895616665833065,-0.8288569234439402,-0.0108898171757248,-1.005538226175223,0.2627905951453747,-0.0804275328867729,0.0379131936387664,-0.3295585534432431,0.0804275328867729,-0.0379131936387664,0.3295585534432431,-0.0530392241025895,0.604246810204979,0.380621816972386,-0.0426923473164379,0.4836286692826585,1.0726347320555116
2026-07-21 18:04:51.621,Set_A,SubD.mp4,0,0.932700339627897,0.8778405783689726,-0.2073280105084557,-0.8672157888075535,-0.8710809705377275,0.0590777587673152,-0.9683174076665666,0.0907991320330832,-0.0643684932267481,0.0122984904167926,-0.327708265686383,0.0643684932267481,-0.0122984904167926,0.327708265686383,-0.0159690080740182,0.5689699380953687,0.3365078125272738,-0.0057197638307339,0.5128464175713493,0.998569666090002
2026-07-21 18:04:51.675,Set_A,SubD.mp4,0,0.9395703189043134,0.9017869271946182,-0.2087298221786745,-0.8089695316644508,-0.9875097335364628,0.0571263932590722,-0.9061028784535043,-0.030106612829891,-0.0614445968150108,0.0186225672742608,-0.344525292667861,0.0614445968150108,-0.0186225672742608,0.344525292667861,-0.0197563454623193,0.546814715699605,0.2691512156228901,-0.0187149225814973,0.500842040553155,1.018058066168742
2026-07-21 18:04:51.730,Set_A,SubD.mp4,0,0.9330092364120968,0.8730741621623549,-0.190779907288405,-0.8626286887934528,-0.8753051557294153,0.0785937604219381,-0.978943791119553,0.1032785566550584,-0.0667586144007261,0.0177212157843568,-0.3463077370576436,0.0667586144007261,-0.0177212157843568,0.3463077370576436,-0.0202055363156628,0.5857122865119387,0.4056375999973454,-0.0187867623786812,0.5264921962244888,1.0933360111592294
2026-07-21 18:04:51.785,Set_A,SubD.mp4,0,0.923445213145806,0.8693726241480478,-0.1629186375712677,-0.8743607687819598,-0.8583534574889081,0.0816309487106443,-0.9462199547470294,0.034412840238878,-0.0614330009084503,0.0203285799705155,-0.3044963659491631,0.0614330009084503,-0.0203285799705155,0.3044963659491631,-0.0163504660206195,0.5254366406641872,0.4612572806290275,-0.0055693875625086,0.4711037503979021,1.045216466925747
2026-07-21 18:04:51.894,Set_A,SubD.mp4,0,0.9142132472226852,0.8829669241711804,-0.1715645557024355,-0.8907525802052502,-0.8333242243030401,0.1070304600970777,-0.9666475057841928,0.094473582379513,-0.0804567068857807,0.0063868285537603,-0.3114638940522333,0.0804567068857807,-0.0063868285537603,0.3114638940522333,-0.0463445283849555,0.5218192901548272,0.4106826556674933,0.0025749749582089,0.4948542007091715,0.9813446809008424
2026-07-21 18:04:51.948,Set_A,SubD.mp4,0,0.8962521040204904,0.8656966553173748,-0.1593330091491834,-0.8854733441423838,-0.7729397104023229,0.1165758498983116,-0.9743062373586036,0.038506777068851,-0.0878140060633854,0.0007927874063274,-0.2708559719883305,0.0878140060633854,-0.0007927874063274,0.2708559719883305,-0.0679539048563643,0.5057500385735381,0.5223191443449587,0.0295185300730772,0.4567577329417334,0.9791422477286688
2026-07-21 18:04:52.003,Set_A,SubD.mp4,0,0.8894285905951924,0.9144574136100332,-0.1554141912596071,-0.8374017925423501,-0.8034066353317358,0.116931587649275,-0.9308766553516872,-0.1302477010973435,-0.0830444920647303,0.0159494022980754,-0.2349444891926537,0.0830444920647303,-0.0159494022980754,0.2349444891926537,-0.0855393722354269,0.5043963952856676,0.4881145080606338,0.036560355251213,0.4878297841900578,0.8826106733743863
2026-07-21 18:04:52.058,Set_A,SubD.mp4,0,0.8652470888725604,0.8873487023930378,-0.1858342710117806,-0.901636644619932,-0.708983200868128,0.1301991139051666,-0.9991730086188896,0.0894451540559622,-0.0960256763596056,0.0076830730591029,-0.2456610139394367,0.0960256763596056,-0.0076830730591029,0.2456610139394367,-0.1392144801547185,0.5454869349840276,0.4353617482565902,0.0494701168809921,0.5559258623681015,0.8698440853320303
2026-07-21 18:04:52.112,Set_A,SubD.mp4,0,0.8435832734674943,0.8672971894533704,-0.2025999814190228,-0.9067592772163234,-0.5809486457091786,0.1422721685286006,-1.0159384919639318,0.0335969823508502,-0.1069121983206869,-0.0009453981094014,-0.1880842403978615,0.1069121983206869,0.0009453981094014,0.1880842403978615,-0.1554390087642899,0.516902603888337,0.5640528862296976,0.0653834148029536,0.5730822993112454,0.9172700622937496
2026-07-21 18:04:52.166,Set_A,SubD.mp4,0,0.8541911545142827,0.9061683792926124,-0.1783322532311438,-0.8935833643875888,-0.5816042346885402,0.15005620134691,-1.004700997287232,-0.0474561337266525,-0.1031102052986079,0.0010513878125315,-0.1635336131172108,0.1031102052986079,-0.0010513878125315,0.1635336131172108,-0.155153583223342,0.601444836060338,0.5059176219016042,0.075732200554429,0.6002630608568649,0.7852290515482924
2026-07-21 18:04:52.221,Set_A,SubD.mp4,0,0.816010095679839,0.9181585676371354,-0.1974323046672793,-0.8892654024907528,-0.5462274898435462,0.1487594939376686,-1.001355323783044,-0.1042986256042662,-0.101760729616038,0.0029024427860502,-0.1424461453571024,0.101760729616038,-0.0029024427860502,0.1424461453571024,-0.1649333527391079,0.5891578756632263,0.4216943376316552,0.076677091394794,0.6227976079173282,0.681947834859929
2026-07-21 18:04:52.275,Set_A,SubD.mp4,0,0.8257810278570247,0.9104530733476496,-0.1993105082683318,-0.9021240759466078,-0.4748171395111329,0.1564238416134819,-1.0018557321929746,-0.1359378228264601,-0.1115380758843879,0.0041750510636962,-0.0874610235314086,0.1115380758843879,-0.0041750510636962,0.0874610235314086,-0.1493918721952335,0.5533588879056788,0.5544375718912209,0.0916788157713123,0.6240501384931981,0.6177258338255261
2026-07-21 18:04:52.330,Set_A,SubD.mp4,0,0.8090580257410568,0.8824099105028786,-0.2334932786272092,-0.923919702667615,-0.3172461591769702,0.1585363527998396,-1.0365799153478308,-0.0711128332923699,-0.108636193772223,-1.1275892010412232e-05,-0.0506822288761695,0.108636193772223,1.1275892010412232e-05,0.0506822288761695,-0.148843769502951,0.6297760897829547,0.5417295013464828,0.09008787184088,0.6701545386464559,0.6591784118882589
2026-07-21 18:04:52.385,Set_A,SubD.mp4,0,0.8368622103375573,0.8909353717995859,-0.2018409238009165,-0.8967671772922956,-0.4250901660563502,0.1739696978904671,-0.9911796487449156,-0.2343641362438697,-0.1043852250851616,0.0018546423051141,-0.0443584266586482,0.1043852250851616,-0.0018546423051141,0.0443584266586482,-0.1266779726784453,0.5888267740573303,0.5807365847823716,0.0967151481127365,0.6234604332514769,0.6547854855419567
2026-07-21 18:04:52.440,Set_A,SubD.mp4,0,0.8505531017541343,0.9093244144063068,-0.208912563782856,-0.8972171694838826,-0.4285167177309148,0.1573338204896711,-0.9853888010149684,-0.2446358601311736,-0.0838574887755211,0.0063488662766463,-0.0673968823010716,0.0838574887755211,-0.0063488662766463,0.0673968823010716,-0.0971463740372501,0.5920215288523706,0.4840209223383596,0.0996627899408005,0.6426049196095784,0.5832711857678017
2026-07-21 18:04:52.495,Set_A,SubD.mp4,0,0.8604192398127272,0.9067115815949414,-0.2300737785713021,-0.8688141186828934,-0.5137089463351648,0.1369328368572135,-0.973474193273798,-0.2591419711155279,-0.0905462582851214,0.0098846274946861,-0.0775656578479041,0.0905462582851214,-0.0098846274946861,0.0775656578479041,-0.094808487633805,0.5779415791670239,0.496769772960871,0.1056978478396502,0.6076430200006392,0.625031930054756
2026-07-21 18:04:52.550,Set_A,SubD.mp4,0,0.9871151113527372,0.9703957431705452,0.0816040611413498,-0.8892668039900855,-0.6013572614419366,-0.1814025895198414,-0.8279258078066347,-0.4190788157937939,0.0471097480545618,0.0046462196033919,-0.0867313444244881,-0.0471097480545618,-0.0046462196033919,0.0867313444244881,0.0698765905448514,0.5801771364828521,0.2603099378361453,-0.0302004274220477,0.5652145345464202,0.4271811820011458
2026-07-21 18:04:52.606,Set_A,SubD.mp4,0,0.8710861791599419,0.8974660281388408,-0.2258564801218987,-0.92210352528644,-0.478839770626488,0.1366290326821808,-0.9405415378979805,-0.244065362304589,-0.0953764803616908,0.0034904947228552,-0.0876604359130448,0.0953764803616908,-0.0034904947228552,0.0876604359130448,-0.0995210017696262,0.6167399303930579,0.4615705914310939,0.1300508333422264,0.6573167551160682,0.6409486572384179
2026-07-21 18:04:52.660,Set_A,SubD.mp4,0,0.8666156963639943,0.9273783886494282,-0.1987312774446747,-0.8109481948210435,-0.5942571657149819,0.1105909935174979,-0.8732730268830327,-0.4807452374036652,-0.0697340728725302,0.0121894393818202,-0.0623552293287087,0.0697340728725302,-0.0121894393818202,0.0623552293287087,-0.0681728475854495,0.5503464905950193,0.3596556213789086,0.1010375302512524,0.5704739576502855,0.5014615471610662
2026-07-21 18:04:52.715,Set_A,SubD.mp4,0,0.8755935799065272,0.8881231240852555,-0.2114748534300887,-0.902283306441949,-0.3702928263814355,0.1346851088645947,-0.9683816518762124,-0.3330676422618327,-0.1039670249147165,0.0070914626769203,-0.0072470745471122,0.1039670249147165,-0.0070914626769203,0.0072470745471122,-0.0863441801923643,0.6050267516910778,0.5176859515769412,0.1301166479436071,0.6461047324107893,0.6238748486701158
2026-07-21 18:04:52.769,Set_A,SubD.mp4,0,0.8937970434594759,0.905740418648572,-0.1889166726836274,-0.869448475356629,-0.4129706598707537,0.117376779390892,-0.8990919975394571,-0.5182364274069113,-0.0703698439301824,-0.0092915634563062,0.009815602256188,0.0703698439301824,0.0092915634563062,-0.009815602256188,-0.049195656121217,0.558809782809951,0.369204187060895,0.1188854487910239,0.584892129634049,0.5166399051410943
2026-07-21 18:04:52.824,Set_A,SubD.mp4,0,0.8932536405472026,0.8859971019434182,-0.2053043243505184,-0.9171124138329791,-0.1907895015975899,0.174107039718746,-1.0083285828216273,-0.3493065063799914,-0.1194252603625913,0.0162854028586726,0.0264502425847912,0.1194252603625913,-0.0162854028586726,-0.0264502425847912,-0.0676197662919311,0.6405099986678559,0.3546168863701076,0.1403863362478078,0.6541319532624277,0.5570402786540083
2026-07-21 18:04:52.879,Set_A,SubD.mp4,0,0.8406946432470417,0.7678835168984416,-0.1555403111784347,-0.9448641362597988,0.4207518812298031,0.2325682316649246,-0.9862817646060849,0.0937791761753084,-0.1256783802647682,-0.0080567818665466,0.1308779243299662,0.1256783802647682,0.0080567818665466,-0.1308779243299662,-0.0463188489768209,0.5534541940530451,0.6116401958258565,0.1974631251969562,0.6608894140776014,0.4919199877741754
2026-07-21 18:04:52.934,Set_A,SubD.mp4,0,0.877351198457258,0.8209401748175807,-0.1374513168328514,-0.9439978622738296,0.0799557855237848,0.2376066147703772,-1.047218419970953,-0.2381538690087362,-0.0876919650450712,-0.0058130766998678,0.1092306715536502,0.0876919650450712,0.0058130766998678,-0.1092306715536502,-0.0182674862594823,0.5482704540829333,0.700302674768285,0.1367027061650227,0.5606043986492084,0.5762887580435347
2026-07-21 18:04:52.988,Set_A,SubD.mp4,0,0.9058528456232762,0.8704318681585319,-0.1446684385808639,-0.9265418259508672,-0.1649149471563967,0.2002989112201955,-0.9961320223795193,-0.3830180081039582,-0.0841773847094537,-0.0076953949294733,0.0595439319695149,0.0841773847094537,0.0076953949294733,-0.0595439319695149,-0.0478942910851265,0.5846452218450652,0.5253684924150324,0.103771011777288,0.6733533605847273,0.6092525859506249
2026-07-21 18:04:53.098,Set_A,SubD.mp4,0,0.8755897681342968,0.8510313282067039,-0.1295413765654763,-0.9608044770417304,0.0590218374984115,0.1683234235730066,-1.000907317250682,-0.4465560798099124,-0.0937483130272651,-0.0024492483691473,0.222291440790522,0.0937483130272651,0.0024492483691473,-0.222291440790522,-0.0448523109894909,0.5119663866028765,0.8498320274617023,0.1072741070540896,0.5802773643527317,0.4647695281097244
2026-07-21 18:04:53.261,Set_A,SubD.mp4,0,0.8164867446322048,0.7965067939163347,-0.0889973871263188,-0.9685677749020236,0.3083538200331175,0.2349894125630096,-1.0142718346394115,-0.5252256977454234,-0.096658393308085,-0.0126443317200774,0.320126819785734,0.096658393308085,0.0126443317200774,-0.320126819785734,-0.0465518233361055,0.4289521599831815,1.269589477599344,0.1453636809527118,0.5226901685952211,0.6169902860721443
2026-07-21 18:04:53.316,Set_A,SubD.mp4,0,0.8411389763775633,0.8242909000904847,-0.0892323302613285,-0.9796773160337549,0.217758737203783,0.2040491898274151,-0.9770582185669492,-0.6152548206942716,-0.0909772801802253,-0.0159698746184501,0.3332156699643152,0.0909772801802253,0.0159698746184501,-0.3332156699643152,-0.045565799236713,0.474167912639897,1.1514970687045034,0.1385536187771284,0.5717900346488022,0.4325032279170268
2026-07-21 18:04:55.529,Set_A,SubD.mp4,0,0.469106091237559,0.4081944134510708,0.3262095473318219,-0.9606699293674164,0.6865230724105795,0.2964303482586666,-0.8762820533340508,-1.1743006586814264,0.0220501187393622,-0.0595834193041389,0.5636345041277419,-0.0220501187393622,0.0595834193041389,-0.5636345041277419,0.4404536965405817,0.1611804902466802,0.6711255098596086,0.4038524341049082,0.2597620648645244,-0.9173272241971826
2026-07-21 18:04:56.018,Set_A,SubD.mp4,0,0.5407183396414812,0.5245604929704804,0.0796517040468319,-0.9889512141263608,0.4478285769219216,-0.0522124746294103,-0.9798482115968026,-0.7986503407295861,0.0480175177083468,-0.0418575716997797,0.4067041778732106,-0.0480175177083468,0.0418575716997797,-0.4067041778732106,0.3974393968569861,-0.0164442311305691,0.0297316593227042,0.3465561350898226,0.1400824070227583,-0.8373417187532297
2026-07-21 18:04:56.236,Set_A,SubD.mp4,0,0.4907306630486321,0.4745113393966295,0.0750890659239165,-0.8753492558465068,0.0535331924742377,0.0146258393489364,-0.75607417394942,-1.2069666879497147,0.0338195783006008,-0.069603957013274,0.4060883679908498,-0.0338195783006008,0.069603957013274,-0.4060883679908498,0.421884524501206,-0.033239073570882,0.3315708812652149,0.4281720436192885,0.0894409259763597,-0.5956151243345148
2026-07-21 18:04:56.290,Set_A,SubD.mp4,0,0.4839086905049697,0.4428977135573714,0.0897064887992114,-0.8436923300648483,-0.0588248915048478,0.023332695278518,-0.7175495151322353,-1.1860630727990271,0.0313073048995067,-0.0723116077058393,0.3704493102506267,-0.0313073048995067,0.0723116077058393,-0.3704493102506267,0.4218313519747089,-0.0696508122137429,0.3863231680614779,0.4443647902078801,0.0423659005551934,-0.5568764558404278
2026-07-21 18:04:56.345,Set_A,SubD.mp4,0,0.471086305550933,0.4559000159998313,0.1028914457302517,-0.8938882171907204,0.0055479805375312,-0.0160000007341879,-0.7724062066230282,-1.1082323279161015,0.0453266777088546,-0.0814224990950252,0.3663459357656748,-0.0453266777088546,0.0814224990950252,-0.3663459357656748,0.4645023195028354,-0.0533351794526911,0.1479568341370584,0.4545720969103027,0.0776314996252489,-0.6443376519978995
2026-07-21 18:04:56.399,Set_A,SubD.mp4,0,0.4886178325409391,0.4554733680443388,0.0952528905691369,-0.9138005213638974,0.0889423441377636,-0.0108115131753422,-0.7871568206176203,-1.137567050380664,0.0325379219704299,-0.0638284449859333,0.3934698690597958,-0.0325379219704299,0.0638284449859333,-0.3934698690597958,0.4786311060490019,-0.0627789377758827,0.304781737916248,0.4870768946058568,0.0411478636900052,-0.6242744004431364
2026-07-21 18:04:56.453,Set_A,SubD.mp4,0,0.504903607082678,0.4984044576770538,0.0804458226752913,-0.9317163753254064,0.1685501354334715,-0.0377940100963426,-0.8407424023525347,-1.0940611857814122,0.0381502176987861,-0.0582028735480668,0.4242778207085088,-0.0381502176987861,0.0582028735480668,-0.4242778207085088,0.4792411118076181,-0.0472068812080426,0.254583086070445,0.4868058364174057,0.0908077995698179,-0.6247870162111251
2026-07-21 18:04:56.618,Set_A,SubD.mp4,0,0.6026416922280966,0.5744851448130479,-0.0026328565147393,-0.9244155738409546,0.1333008944829277,-0.1657580807751534,-0.8506281509984438,-1.0393164943193245,0.0585141753048448,-0.0702780640529325,0.3839090989858511,-0.0585141753048448,0.0702780640529325,-0.3839090989858511,0.4669481568667563,9.803426717307653e-05,0.1428030165647382,0.4242860555699935,0.1327966823622138,-0.7802619482215365
2026-07-21 18:04:56.673,Set_A,SubD.mp4,0,0.7022516829943964,0.6041996236965729,-0.1709786362455972,-0.8485635799623761,0.0712918467563886,-0.2943846799427527,-0.709173983893266,-1.2361483469740215,0.0506585232926038,-0.0837044744485029,0.3934175731284824,-0.0506585232926038,0.0837044744485029,-0.3934175731284824,0.316397042345088,0.068856499461071,-0.2213786105257182,0.2476071725065412,0.2215873469769528,-1.1024731457516874
2026-07-21 18:04:56.945,Set_A,SubD.mp4,0,0.477625232741606,0.4703883973290205,0.0859665581143076,-0.9464320066192066,0.1767799532427729,-0.0363926895480201,-0.8527147259601711,-1.0489115179761692,0.0507617744126551,-0.0717018490427383,0.422185845155726,-0.0507617744126551,0.0717018490427383,-0.422185845155726,0.4862725560692175,-0.1001382920405324,0.0275017590723341,0.4567818394748311,0.0297058192262804,-0.7658618585865912
2026-07-21 18:04:56.998,Set_A,SubD.mp4,0,0.502555733892724,0.4853999061352366,0.0581737835380005,-0.9398388572720986,0.1393432890148707,-0.06812427772472,-0.8413192056768515,-1.0489459178904603,0.048794774755555,-0.0601549116313027,0.4083511587017223,-0.048794774755555,0.0601549116313027,-0.4083511587017223,0.4870258491209527,-0.0556209569586183,0.2056624442182237,0.4969872104797893,0.0628469871710477,-0.6358681918808465
2026-07-21 18:04:57.052,Set_A,SubD.mp4,0,0.4946867271518539,0.4823172495321872,0.0678710880080135,-0.905733679847011,0.0761770952405832,-0.0348907025084104,-0.7719185771263857,-1.1644763182690507,0.0480489026520627,-0.0636939564678245,0.3996782348276155,-0.0480489026520627,0.0636939564678245,-0.3996782348276155,0.4685544366465488,-0.0501749443086423,0.0989976650686079,0.4648379524821376,0.0935582746831415,-0.7106656077587576
2026-07-21 18:04:57.158,Set_A,SubD.mp4,0,0.5318217667188315,0.5032011221422228,0.029044024385781,-0.8702638870547458,0.0286017828598259,-0.0467937914461451,-0.7847996496090981,-1.151299264541811,0.04295305919138,-0.0484958653640124,0.3884343406328209,-0.04295305919138,0.0484958653640124,-0.3884343406328209,0.4376832573712531,-0.0467219101293203,0.2486233823756621,0.4297609904503597,0.0472065415338075,-0.5565666795899713
