timestamp,subject_id,input_source,label,left_angle,right_angle,x11,y11,z11,x12,y12,z12,x23,y23,z23,x24,y24,z24,x25,y25,z25,x26,y26,z26
2026-07-21 18:03:26.475,Set_A,SubB1.mp4,0,0.9128294936853012,0.7898397704484111,0.1836533981324371,-0.766548964593604,-0.1310850015340589,-0.0245795849947555,-0.8213565321882041,-1.074423876601626,0.0549285801572848,0.0016020540377628,0.2910846055680969,-0.0549285801572848,-0.0016020540377628,-0.2910846055680969,0.0870410292098436,0.4130638783415741,0.6048097489812005,0.0221182745742037,0.4773153529256034,-0.4328603223513679
2026-07-21 18:03:26.588,Set_A,SubB1.mp4,0,0.9834441018273604,0.8896030161209569,0.1137753318445142,-0.8540912018987367,0.1091670674006095,-0.074681656441238,-0.9040583869267924,-1.0617329222663436,0.0482118373501308,-0.0122953166627587,0.3769737765515507,-0.0482118373501308,0.0122953166627587,-0.3769737765515507,0.0291156821345387,0.5755512863362993,0.5527162973576366,0.024276249022199,0.5990579761539071,-0.3621843218124512
2026-07-21 18:03:26.644,Set_A,SubB1.mp4,0,0.976799554357259,0.873456274896983,0.1243738715779844,-0.7514481850029466,-0.1389392518182633,-0.078024112864222,-0.8136199780715226,-1.1054133287624506,0.0572501405813215,-0.0037336198146055,0.2997009943002421,-0.0572501405813215,0.0037336198146055,-0.2997009943002421,0.0265655453060618,0.5417821547930031,0.6105360571464655,-0.0028703697428821,0.5617840400146855,-0.2080063209643321
2026-07-21 18:03:26.710,Set_A,SubB1.mp4,0,0.982538129323693,0.8824001375597527,0.1264116510998451,-0.8014741235375292,-0.0965448841094305,-0.0841790369560931,-0.882339644683882,-0.9818741440287958,0.0639013976638441,-0.008054275609525,0.2707159775250964,-0.0639013976638441,0.008054275609525,-0.2707159775250964,0.0760798933707908,0.5358925176340512,0.5377645411066859,-0.0593946938715036,0.5848491666970279,-0.2695707184937339
2026-07-21 18:03:26.774,Set_A,SubB1.mp4,0,0.9653771458594368,0.9453227613644044,0.1108666372598174,-0.8155796302129211,-0.0555628197658232,-0.0791864707774479,-0.8884026577137875,-0.9910702245642846,0.0552844872466923,-0.0059487671447768,0.2999641428253896,-0.0552844872466923,0.0059487671447768,-0.2999641428253896,0.0850437110295844,0.5198243419280597,0.5543371134599799,-0.0575220072017996,0.5394207144899683,-0.012090283253288
2026-07-21 18:03:26.837,Set_A,SubB1.mp4,0,0.9325385455214468,0.9015063012564808,0.0648505518537826,-0.8726385842874185,0.0833200470801447,-0.0810802867451335,-0.9391003908058232,-0.9302784178596336,0.0381026697268465,-0.0094195911433983,0.3405383887678956,-0.0381026697268465,0.0094195911433983,-0.3405383887678956,-0.0329721683551374,0.6271526483930311,0.821229566002776,0.0505651373608859,0.6093206153672213,-0.2478890901254628
2026-07-21 18:03:26.917,Set_A,SubB1.mp4,0,0.8996710708619163,0.9295194843613171,0.0632845741294937,-0.918853095623505,0.1149039735073716,-0.0684281140119147,-0.9275502006502016,-0.8835185788246718,0.0324823630128209,-0.0095617043431206,0.3337682275697015,-0.0324823630128209,0.0095617043431206,-0.3337682275697015,-0.0751251447441287,0.571848293939981,0.917311350176448,0.1081609614595013,0.5968005200719397,-0.1129312621291532
2026-07-21 18:03:26.985,Set_A,SubB1.mp4,0,0.8863808290803642,0.930525020576608,0.0546094159409948,-0.9662552632274392,0.2116293957171852,-0.0813533807601187,-0.9562370423596244,-0.7623635378441195,0.0211200758184732,-0.0040331814598715,0.3694518722702383,-0.0211200758184732,0.0040331814598715,-0.3694518722702383,-0.1088253150837651,0.6478226404142067,0.8971018289459246,0.1324202312122629,0.6464061993737567,-0.2167710574936172
2026-07-21 18:03:27.046,Set_A,SubB1.mp4,0,0.9020682203418884,0.9107760889954366,0.0671180288154635,-0.909129702329578,0.1046142685406231,-0.0304110115782288,-0.9270515850404458,-0.8965049647845597,0.0147768822875122,-0.0093494126788248,0.3396778399828326,-0.0147768822875122,0.0093494126788248,-0.3396778399828326,-0.0800849005489981,0.490833517104504,0.8174608583345766,0.1218743909125435,0.4993292856675015,0.0872751728790056
2026-07-21 18:03:27.102,Set_A,SubB1.mp4,0,0.8861467064610937,0.9224122848645812,-0.0091964303032268,-0.9466240579177188,0.1698564442745788,-0.0889422798517986,-0.9331722178128732,-0.845677985303351,0.0151104635310458,-0.0104996033855361,0.3366618600991836,-0.0151104635310458,0.0104996033855361,-0.3366618600991836,-0.1024158467502806,0.5596660393383449,0.8017768260817082,0.1352709302728455,0.5922242479526625,-0.1726899875202529
2026-07-21 18:03:27.158,Set_A,SubB1.mp4,0,0.9208689059324844,0.8812762764532464,0.0483204428020293,-0.9002272778723452,0.1133889631130067,-0.0427653031046012,-0.9186829773912965,-0.9449745712855488,0.025771638484226,-0.0066166261141592,0.3479461889478437,-0.025771638484226,0.0066166261141592,-0.3479461889478437,-0.0585966853909389,0.5162562657409459,0.7854308570619021,0.1284200925191125,0.5369266755540449,-0.0511478753369599
2026-07-21 18:03:27.213,Set_A,SubB1.mp4,0,0.9147800372945856,0.9032326195303664,0.0304027570996441,-0.9428346449480556,0.2427556915816254,-0.0811647912576474,-0.960061201849406,-0.8562788061658393,0.0141033320073134,-0.0104094955554544,0.3344669206897069,-0.0141033320073134,0.0104094955554544,-0.3344669206897069,-0.0676781138757729,0.6215973577053455,0.6332175664731439,0.1157501221183304,0.632343487206529,-0.1725647369805749
2026-07-21 18:03:27.268,Set_A,SubB1.mp4,0,0.92883285684582,0.8940429862879785,0.0563065912275684,-0.9482536944540588,0.3015665814693343,-0.079208939068837,-0.9687523865324048,-0.8712710381170586,0.0251917679495701,-0.0098383873450528,0.3521307038430936,-0.0251917679495701,0.0098383873450528,-0.3521307038430936,-0.014498333066046,0.6252517473761839,0.6412429738921811,0.1134477725784382,0.6409539902730228,-0.1443745867798532
2026-07-21 18:03:27.324,Set_A,SubB1.mp4,0,0.7422301023622526,0.8049223238404343,-0.2925348391462744,-0.8657589396792673,0.2345579315381934,-0.272955065318638,-0.8506770311068456,-1.091336039416656,0.0235188822915281,-0.0350934138967309,0.4456579137482024,-0.0235188822915281,0.0350934138967309,-0.4456579137482024,-0.0484231238565057,0.9087974491558738,0.8235849554188224,-0.0116795950982582,1.087304296846164,-0.660817187346407
2026-07-21 18:03:27.381,Set_A,SubB1.mp4,0,0.9023434372234402,0.9281727245027224,-0.0911573313361578,-0.8969717395096355,0.1259985623402803,-0.1205060154878572,-0.853132033230775,-1.070633630634401,0.0165067544064679,-0.0214856927266007,0.3698716986291965,-0.0165067544064679,0.0214856927266007,-0.3698716986291965,-0.006416110742295,0.6370611360755504,0.7241489132358931,0.028549895463067,0.6999689157958724,-0.1836755028019119
2026-07-21 18:03:27.436,Set_A,SubB1.mp4,0,0.9333118281715356,0.903346400753956,0.0117780024687536,-0.8320322004167332,-0.0833568397556006,-0.1114820230205395,-0.7629148594180996,-1.1192249597948627,0.0262672484162188,-0.0225465269702982,0.3178628025772351,-0.0262672484162188,0.0225465269702982,-0.3178628025772351,0.0134620895444977,0.5453674860933495,0.645160360427527,0.0355700341663401,0.6117434909870698,-0.1022253779877472
2026-07-21 18:03:27.491,Set_A,SubB1.mp4,0,0.9724424399449084,0.8640788353236796,0.0696879086799121,-0.7973229779913686,-0.0869718106545146,-0.0660296681078403,-0.8072066455018784,-1.1069592194341318,0.0300993519429191,-0.0116752487506222,0.3266605393449914,-0.0300993519429191,0.0116752487506222,-0.3266605393449914,0.0687594227617936,0.4810286645375458,0.75819522061144,0.0575683974301575,0.5345896174482727,-0.1079630812922875
2026-07-21 18:03:27.547,Set_A,SubB1.mp4,0,0.9243994796929196,0.9288174762234436,0.0137221084887802,-0.9015912393754516,0.0389365346137661,-0.117780492308443,-0.841410134162596,-1.0141893554768076,0.0418915327695934,-0.0226429701798319,0.3178465911016198,-0.0418915327695934,0.0226429701798319,-0.3178465911016198,0.0907236490286218,0.5018560459813547,0.808593188558363,0.0115030768661017,0.652782008021511,-0.0673219305006543
2026-07-21 18:03:27.602,Set_A,SubB1.mp4,0,0.9656281732566456,0.9406515632678136,-0.0026207259876604,-0.8554707679258289,0.0015838252058972,-0.0944261329093241,-0.8081239100597563,-1.10749279729911,0.0273908877171664,-0.0205054861622316,0.3429635203752793,-0.0273908877171664,0.0205054861622316,-0.3429635203752793,0.060784748302453,0.4985458858289316,0.7418114159825135,-0.0095409331305118,0.618699215209769,0.0039362148649403
2026-07-21 18:03:27.712,Set_A,SubB1.mp4,0,0.9106857566773476,0.8895588657696027,0.0222966760609532,-0.8841105199767385,0.1422752932344018,-0.0267466730078517,-0.8930694923881699,-1.0596691024449485,0.0316217220301139,-0.0023304988390449,0.3628830402474409,-0.0316217220301139,0.0023304988390449,-0.3628830402474409,0.179839990678279,0.5135671363160615,0.6482462761187041,0.0055045769066074,0.6282915386954748,-0.1833636393347358
2026-07-21 18:03:27.767,Set_A,SubB1.mp4,0,0.899516701264346,0.912243916344652,-0.0065574700335488,-0.8966227331524477,0.2084706868838603,-0.0038781624194686,-0.8857802196454191,-1.115626027182726,0.006543604715684,-0.0031348823439263,0.392186891378412,-0.006543604715684,0.0031348823439263,-0.392186891378412,0.1880706570890098,0.4589380598081533,0.6826917933085781,-0.01957238173605,0.610025787568829,-0.1309582986262387
2026-07-21 18:03:27.823,Set_A,SubB1.mp4,0,0.9271955107757186,0.9228541607988218,-0.0090531495605378,-0.8474013700214376,0.0753136099888658,-0.0092452454261345,-0.839015658809704,-1.1503311789658832,0.0039201142309057,-0.0041766633145644,0.3657449990209835,-0.0039201142309057,0.0041766633145644,-0.3657449990209835,0.135506572032494,0.4700852806490072,0.7212059183953032,-0.0423516092889872,0.5798617488945577,-0.0201869221616297
2026-07-21 18:03:27.878,Set_A,SubB1.mp4,0,0.8923142092857275,0.903581608165796,0.0075907248530004,-0.8493116462584825,0.1219868037743635,-0.0020282446996215,-0.8493581876307131,-1.1776808192207882,0.012179295345582,-0.0044448582823831,0.3916372942444034,-0.012179295345582,0.0044448582823831,-0.3916372942444034,0.172275011975317,0.4872430409909188,0.8167216989457982,-0.0491194655068277,0.5642048604112964,-0.1465810298167405
2026-07-21 18:03:27.934,Set_A,SubB1.mp4,0,0.8737742728923992,0.915787078299698,0.0073250729282539,-0.8649763027562859,0.1765844134651963,0.0105330978546367,-0.8801754950298347,-1.1533782957249905,0.0117174442645812,-0.0040062305597841,0.3976727116096033,-0.0117174442645812,0.0040062305597841,-0.3976727116096033,0.1664457976999819,0.4954986288984925,0.8241375149441963,-0.0648787715800851,0.5904194889465318,-0.1682729452834768
2026-07-21 18:03:27.989,Set_A,SubB1.mp4,0,0.9122959977953508,0.8722429057171327,0.0297619510196121,-0.8413640859001326,0.02923284137733,0.0376770210677826,-0.819388284812805,-1.1415967873119115,0.0169896398052792,-0.0046587823211014,0.3579494559598962,-0.0169896398052792,0.0046587823211014,-0.3579494559598962,0.1750616410958171,0.4910898499728063,0.6095578846634349,-0.0363223441167335,0.5519998385913137,-0.2340457194497952
2026-07-21 18:03:28.045,Set_A,SubB1.mp4,0,0.8863771156142279,0.938590447075062,0.0255158907022189,-0.9178282349687424,0.2141810989552873,0.0037449270303767,-0.908982757233405,-1.0277567889282764,0.0243779450686102,-0.0009746455295309,0.3722479294201225,-0.0243779450686102,0.0009746455295309,-0.3722479294201225,0.1777378620574715,0.5095912782452799,0.7207293537616355,-0.0887534402728478,0.6017969691908907,-0.1275460389340448
2026-07-21 18:03:28.099,Set_A,SubB1.mp4,0,0.8867018558660956,0.9234779336681604,0.006731693430373,-0.8981649611757992,0.1599148498215075,-0.0008377315013243,-0.8826303706511932,-1.0702627214376117,0.0146360500924125,-0.0101428653208831,0.3706130596666351,-0.0146360500924125,0.0101428653208831,-0.3706130596666351,0.1540247588313451,0.4778542744896487,0.80951104977264,-0.0677281989380335,0.5716699069459751,-0.1502975775662955
2026-07-21 18:03:28.155,Set_A,SubB1.mp4,0,0.8967259534909331,0.8685600461973493,0.0712101685122059,-0.8982475455230071,0.1234663451589491,-0.0376691762128501,-0.8810483227745981,-1.0361443907449304,0.04875050072213,0.0013688762477552,0.355478093822054,-0.04875050072213,-0.0013688762477552,-0.355478093822054,0.1429382348216557,0.5079196384807816,0.7519755741407821,-0.0724275848566052,0.5859595176025966,-0.4227852602846565
2026-07-21 18:03:28.212,Set_A,SubB1.mp4,0,0.9354803056161114,0.8540559387342234,0.0811043963536771,-0.8312325971777726,0.0463812158747649,-0.0355263388172795,-0.8247067272912141,-1.16700050642281,0.0406839736119563,0.0023429751986563,0.3684014388653488,-0.0406839736119563,-0.0023429751986563,-0.3684014388653488,0.0994453074887306,0.512417259264507,0.6569894029054585,-0.0490438709139247,0.5834396803036915,-0.3928927196138396
2026-07-21 18:03:28.268,Set_A,SubB1.mp4,0,0.9224882578125426,0.8442871017442782,0.05958427566941,-0.8278604571967986,0.0806393968082275,-0.012664514210721,-0.819861017639465,-1.2132525158158032,0.0283627103815129,0.0001989861610119,0.3985581191625471,-0.0283627103815129,-0.0001989861610119,-0.3985581191625471,0.0916683863837116,0.5399376029196598,0.7929908462981018,-0.0014164909041681,0.6182268225800086,-0.4094207394123739
2026-07-21 18:03:28.379,Set_A,SubB1.mp4,0,0.8871245084889464,0.8274063690228396,0.0314103821293244,-0.8863652725442537,0.2022586160455138,0.0624685350199013,-0.8420841102814369,-1.2040816942007229,0.0013085891870599,-0.0194796878972326,0.4432481003571115,-0.0013085891870599,0.0194796878972326,-0.4432481003571115,0.1179235617693269,0.5661031095201224,0.7948014900553851,0.0945142109273452,0.6374751929183426,-0.4302528843595987
2026-07-21 18:03:28.433,Set_A,SubB1.mp4,0,0.9491416014581888,0.838532945417565,0.0032581508748767,-0.8930099596732309,0.2554064047241555,-0.0295909876822961,-0.9081308709606786,-1.1244278601146795,0.0191769378508205,0.0032348975097407,0.4341316178830885,-0.0191769378508205,-0.0032348975097407,-0.4341316178830885,0.0967034843268477,0.5986966986646272,0.7084431813503037,0.0710144804693654,0.6509031831508321,-0.500355256806409
2026-07-21 18:03:28.600,Set_A,SubB1.mp4,0,0.9502195749800342,0.9235416268153108,-0.0705035485902997,-0.889056131460792,0.1717070810304309,-0.0727644483129334,-0.8928889554500833,-1.0684489548701266,-0.0001833022384747,-0.0062398491583711,0.4126786993936775,0.0001833022384747,0.0062398491583711,-0.4126786993936775,-0.0134055037071234,0.5953887339463777,0.6906589536475964,0.1261677052587027,0.5763397587863434,-0.1932363807405877
2026-07-21 18:03:28.659,Set_A,SubB1.mp4,0,0.927764362676216,0.9238767425188068,-0.0729872146726391,-0.9084442879873036,0.1381679012986765,-0.0801908892046455,-0.904081303545584,-0.9696048793859608,-0.0061031536352712,-0.0049432980707885,0.3496938910973171,0.0061031536352712,0.0049432980707885,-0.3496938910973171,-0.0482969619029893,0.563057187028418,0.6411158759444602,0.1346529117228393,0.5474202727396931,-0.125097500775157
2026-07-21 18:03:28.716,Set_A,SubB1.mp4,0,0.1914329316839069,0.3318052954083779,0.3825611539607045,-0.9471072489659766,-0.2622041908966993,0.0061845443186581,-0.9359269227461936,-0.2883038383213599,0.0918256236018545,0.0234184627965926,0.1022883722273548,-0.0918256236018545,-0.0234184627965926,-0.1022883722273548,0.3116776661669396,-0.3135768631163235,-0.574294586396557,-0.0630491043415379,-0.2958779472019792,-1.1602465404122069
2026-07-21 18:03:28.774,Set_A,SubB1.mp4,0,0.9044866009006508,0.8394779900861463,-0.0407635446606835,-0.9398262407667364,0.1915619505981964,-0.0465378321488733,-0.9223430921356583,-0.915926392854306,-0.0114615005994381,-0.002946839510973,0.3480185556847902,0.0114615005994381,0.002946839510973,-0.3480185556847902,-0.0981206930489064,0.5665466177305856,0.7351988232290818,0.1719408769198422,0.5409774218844042,-0.1273146630793687
2026-07-21 18:03:28.830,Set_A,SubB1.mp4,0,0.8985055901074668,0.8830371705492667,-0.0215628372203972,-0.9637111140936534,0.2260312015838008,-0.0096747363317277,-0.9494038730591332,-0.8082813711243249,-0.0027602752090238,-0.0042083661884192,0.3482827206678608,0.0027602752090238,0.0042083661884192,-0.3482827206678608,-0.0933821662529149,0.5729958092040903,0.7246114523781992,0.1615942200238346,0.5896107286071355,-0.1050177223003649
2026-07-21 18:03:28.887,Set_A,SubB1.mp4,0,0.9046055810241316,0.8194616968007779,0.0283215473344512,-0.9151449931104888,0.1778063010047368,0.0031064668863994,-0.937718253801807,-0.93007624468437,-0.0065677618070755,-0.00903524828037,0.3536236939248514,0.0065677618070755,0.00903524828037,-0.3536236939248514,-0.1006796458217404,0.5592734962080284,0.7174587741770388,0.1932042271028869,0.6117173696255221,-0.1435806974294951
2026-07-21 18:03:28.944,Set_A,SubB1.mp4,0,0.920346356262432,0.8204929196184215,0.0209519887974538,-0.9154194362433694,0.1973257704048087,-0.0004102700854607,-0.931908097227527,-0.9634582797481286,0.0016620625986619,-0.0082548662635879,0.3678949111101633,-0.0016620625986619,0.0082548662635879,-0.3678949111101633,-0.0672983119488389,0.5824544135101521,0.5850701754851118,0.1850773445043969,0.5881283728988047,-0.0937522279505795
2026-07-21 18:03:29.000,Set_A,SubB1.mp4,0,0.8870898491846734,0.870084417291395,0.0065287746418679,-0.8784867975492581,0.0610892791471569,-0.0283408269438369,-0.8930969092594906,-0.988998436416418,0.0029477067928418,-0.0080491671650639,0.3456040163246032,-0.0029477067928418,0.0080491671650639,-0.3456040163246032,-0.127347950779006,0.5224526122832944,0.8273034948541281,0.1468792856165679,0.5525077090342196,-0.0618566761054437
2026-07-21 18:03:29.057,Set_A,SubB1.mp4,0,0.8429342141155717,0.8649836232106569,0.1057903123802729,-0.5425226596748686,1.106887031878654,-0.0237833888648801,-0.5787615147465522,0.5471978101677305,0.0198066481151107,0.0265890328816368,0.1960647795932126,-0.0198066481151107,-0.0265890328816368,-0.1960647795932126,-0.1232395048023864,0.496011581352236,-0.1189088478991168,0.0688490226184445,0.3707958042817108,-0.555469704530588
2026-07-21 18:03:29.169,Set_A,SubB1.mp4,0,0.8710990429164249,0.8203888156688769,-0.0008153607517541,-0.9504502885790168,0.3849304593176055,-0.0043164465849389,-1.0043745256090906,-0.8075811547954319,-0.0078704455541415,0.0066106911455413,0.3630696895360558,0.0078704455541415,-0.0066106911455413,-0.3630696895360558,-0.1118859763954266,0.5807201340824246,0.6095736336029928,0.1640420327969019,0.5988869774485721,-0.1698973218257964
2026-07-21 18:03:29.226,Set_A,SubB1.mp4,0,0.8825431303014007,0.876081042703206,0.0094941960445287,-0.9064256932026972,0.2374908321798968,-0.0431164789113985,-0.958061439272833,-0.9603720637304152,-0.0019366414654244,-0.0002512908622986,0.3621712240424107,0.0019366414654244,0.0002512908622986,-0.3621712240424107,-0.1045067641528539,0.5798844424535126,0.6357269681937143,0.0933688579218627,0.6163274109360983,-0.1366559380729442
2026-07-21 18:03:29.284,Set_A,SubB1.mp4,0,0.9000166546675317,0.8080871059182171,0.1034058484120154,-0.9053710071015524,0.1993487521611034,-0.0175525797667515,-0.8993908394172505,-1.0569406677089153,0.0359330075639355,0.0038031285377887,0.377749670593183,-0.0359330075639355,-0.0038031285377887,-0.377749670593183,0.0443978580575956,0.687153910177369,0.1748648430029157,0.0107703749947359,0.702150447469599,-0.5957494147074506
2026-07-21 18:03:29.343,Set_A,SubB1.mp4,0,0.9571879082178518,0.898174585510332,0.0056832441709411,-0.9008928530280774,0.1639658194020333,-0.0545496091753861,-0.912988205069912,-1.0050648536688491,0.0193181020483926,-0.0063456852113191,0.3635270644338689,-0.0193181020483926,0.0063456852113191,-0.3635270644338689,0.0185267439106688,0.6193536253120602,0.4562328981045131,-0.0043687183113015,0.6310025885126697,-0.3196683564086129
2026-07-21 18:03:29.399,Set_A,SubB1.mp4,0,0.9772008927248236,0.8661841024328774,0.0107290430108167,-0.9187946619152112,0.177823102488065,-0.0048048288699735,-0.9003660076595207,-1.0088582172450935,0.0092906284494361,-0.0080333622021386,0.3515388262894108,-0.0092906284494361,0.0080333622021386,-0.3515388262894108,0.0340801199379915,0.5901887476483089,0.4631011429778042,0.0499051935684771,0.6319483711887783,-0.2202147814908723
2026-07-21 18:03:29.456,Set_A,SubB1.mp4,0,0.9769480593993696,0.8064940459415552,0.1086279571620543,-0.9425851328754602,0.1665732818546999,-0.0165679314713579,-0.8808536115843673,-0.9830266466420566,0.0298763137259347,-0.0109240156761145,0.3535304379640178,-0.0298763137259347,0.0109240156761145,-0.3535304379640178,0.0602713911821007,0.6713435307887241,0.4041117265808743,0.0730105932688741,0.715686247568915,-0.5385487632961116
2026-07-21 18:03:29.512,Set_A,SubB1.mp4,0,0.964649111219704,0.8113918536299325,0.0453445713568251,-0.9224165284056376,0.1501689127294597,-0.0240413519340729,-0.8929494690499699,-0.9892115029024696,0.0223936591944132,0.0013480783216464,0.3440337129792009,-0.0223936591944132,-0.0013480783216464,-0.3440337129792009,0.0656937259391537,0.6003265516154062,0.5727972032675818,0.0847265173001238,0.6378503658006647,-0.3757332588759387
2026-07-21 18:03:29.570,Set_A,SubB1.mp4,0,0.9406149018965584,0.8761946988624499,0.0583916378654084,-0.8985373055643636,0.0337374963063846,-0.0036763331244669,-0.8424969993658398,-1.0164916794484915,0.0048939115505335,-0.0083656126051293,0.3283278085573315,-0.0048939115505335,0.0083656126051293,-0.3283278085573315,0.0618763705664504,0.5073501726828371,0.8005333257693625,0.0559515501200254,0.6160393871439303,0.0009250436651492
2026-07-21 18:03:29.683,Set_A,SubB1.mp4,0,0.9512659246854764,0.8328434954105858,0.0494597431068532,-0.8727600648833237,0.0402351679657963,0.0221689460712861,-0.8397139687303955,-1.07091553310592,0.009503113725427,-0.0069011410812528,0.3517688629349086,-0.009503113725427,0.0069011410812528,-0.3517688629349086,0.0860289380485777,0.5036751153094908,0.7384261504057753,0.0348173855518767,0.6251889770789522,-0.2435428675965544
2026-07-21 18:03:29.740,Set_A,SubB1.mp4,0,0.9190738025671548,0.842183694612644,0.0621577162493151,-0.95378258969504,0.2910276446526908,0.0168839876848298,-0.9393104335209902,-0.9313019721795552,0.023752426320659,-0.0069651141952176,0.3759359210885999,-0.023752426320659,0.0069651141952176,-0.3759359210885999,0.1077150523904372,0.5831673986452484,0.5149317172097316,-0.0012054294598197,0.6925940169251408,-0.4657159794927569
2026-07-21 18:03:29.797,Set_A,SubB1.mp4,0,0.8983588715533688,0.8214908530084919,0.0378444538168576,-0.9379698689559044,0.2721728364088824,0.0545784778759822,-0.906326796686013,-1.0403055142708555,0.0202301074561131,-0.0029902742796688,0.3895005891902219,-0.0202301074561131,0.0029902742796688,-0.3895005891902219,0.1423812223097652,0.5202255236269593,0.4888606910460695,0.0150866174955377,0.6245805845678658,-0.5010174858815288
2026-07-21 18:03:29.854,Set_A,SubB1.mp4,0,0.8932194604326333,0.8983255658711071,-0.0289788245087312,-0.955865272963958,0.2833758463293547,0.0753144018858394,-0.94137877572481,-0.9145002666968304,-0.0097792178262531,-0.0135696779367962,0.4017788982789302,0.0097792178262531,0.0135696779367962,-0.4017788982789302,0.1084549277980045,0.525918770701567,0.8165040373690576,-0.011876148128042,0.6145679567173027,-0.3648523788117975
2026-07-21 18:03:29.909,Set_A,SubB1.mp4,0,0.8931139883855892,0.9453884392786158,-0.0544111555550565,-0.9783154286008834,0.3936065147639886,0.1027182702801471,-0.9717221219188786,-0.8352171738629559,-0.0224634933193599,-0.0166460224884452,0.425624171971579,0.0224634933193599,0.0166460224884452,-0.425624171971579,0.0752263222039153,0.5787633601954284,0.8717210494581331,-0.0552738610574269,0.6715337573517148,-0.3475114558286131
2026-07-21 18:03:29.969,Set_A,SubB1.mp4,0,0.8910795829232268,0.8923215164461539,-0.0139915762448898,-0.9363889441196837,0.3450448666043509,0.0759944655247911,-0.9460177977603542,-1.017875082814596,0.0025776516352942,-0.004515897640343,0.438047006859302,-0.0025776516352942,0.004515897640343,-0.438047006859302,0.1023836820222286,0.5707107277434728,0.903380129186122,-0.0586782470574826,0.651159477537912,-0.4787430197102154
2026-07-21 18:03:30.027,Set_A,SubB1.mp4,0,0.8850882127799775,0.9063575329008826,-0.0140982995909838,-0.9115189966923584,0.2333991238109603,0.0625787575604268,-0.918026930913356,-1.0398799629983642,-0.0083659933760438,-0.0028348239647779,0.4159493806167727,0.0083659933760438,0.0028348239647779,-0.4159493806167727,0.0792547596906623,0.5768114127380284,0.9588606681318752,-0.0652878941953512,0.6324445549774812,-0.3445628007130608
2026-07-21 18:03:30.087,Set_A,SubB1.mp4,0,0.8757216736041735,0.8535017462414864,0.0444760875024662,-0.9259950010072762,0.2670928321372313,0.0702155559955189,-0.9225860043234536,-1.0218074097373726,0.0045703194006054,-0.0072024058871876,0.4120749004938618,-0.0045703194006054,0.0072024058871876,-0.4120749004938618,0.0851234851114371,0.5733233423516158,0.9175520975733064,-0.0454216834993911,0.6264725995110688,-0.5292032085307553
2026-07-21 18:03:30.144,Set_A,SubB1.mp4,0,0.9496399763192752,0.8974828478362252,-0.0802908449963216,-0.9660601742275804,0.2750640558512231,0.058775508508474,-0.8905956078865577,-1.018277616705674,-0.0111391606776274,-0.0093825078311069,0.4191432741349556,0.0111391606776274,0.0093825078311069,-0.4191432741349556,0.0719592480269525,0.623794899704033,0.6794674065701717,-0.0715484685370225,0.6693476826776231,-0.4814947987701765
2026-07-21 18:03:30.202,Set_A,SubB1.mp4,0,0.954965999187421,0.8821451664095652,-0.0757762070990667,-0.8243153846993501,-0.019538384846577,0.0279243148891206,-0.7726138595243603,-1.1835938544999618,-0.0086713777916318,-0.0069695854998948,0.3861230978574186,0.0086713777916318,0.0069695854998948,-0.3861230978574186,0.0158456937719404,0.4917249130027267,0.8355810293507461,-0.0310441083482295,0.543111786359334,-0.313250540052533
2026-07-21 18:03:30.260,Set_A,SubB1.mp4,0,0.8809356683951849,0.929735503014228,-0.1234584444950183,-0.990141357844644,0.3408300911691725,0.06889397797801,-0.9277843217577876,-0.905262378086978,-0.046536127335307,-0.0071633512252673,0.4450051235690652,0.046536127335307,0.0071633512252673,-0.4450051235690652,0.0205662637669282,0.5480413129004239,0.9721043739189338,-0.013465085306661,0.6274861214593915,-0.516008059788766
2026-07-21 18:03:30.319,Set_A,SubB1.mp4,0,0.9130184811866472,0.907341556748696,-0.1002663689361478,-0.9495177798605692,0.2059915298684708,0.0728363941306228,-0.9100697920239263,-0.9416420304289572,-0.0492181231253082,-0.0128741442456412,0.4143994172050095,0.0492181231253082,0.0128741442456412,-0.4143994172050095,-6.666304099799028e-05,0.551920382160857,0.8425563083909111,-0.0124140803787004,0.6027371738933517,-0.5152475767209606
2026-07-21 18:03:30.376,Set_A,SubB1.mp4,0,0.9102260428659243,0.932045221925246,-0.1287909876220155,-1.0118229648311077,0.3949613944250046,0.0642454912030133,-0.9513212808177616,-0.7716556333877974,-0.0578190836433209,-0.0215159872319151,0.4230926199333132,0.0578190836433209,0.0215159872319151,-0.4230926199333132,0.0155050736218003,0.5519282432871325,0.709960139111522,0.0147620771387127,0.6168814585521374,-0.5827132680958211
2026-07-21 18:03:30.730,Set_A,SubB1.mp4,0,0.9346438918023972,0.7431640131396351,0.044890908461246,-1.0521594234425944,0.3459059197316496,0.2640287617002511,-0.8860180139562546,-0.7306615025960737,-0.0559107723716481,-0.0334050865915262,0.3851756090388158,0.0559107723716481,0.0334050865915262,-0.3851756090388158,-0.0024268295152263,0.6898160419741743,0.5085769567370961,0.2589241378802198,0.6703524677183959,-0.1139988995723819
2026-07-21 18:03:30.788,Set_A,SubB1.mp4,0,0.9168253914580498,0.8030584581320898,-0.0029379601188597,-1.030979205400519,0.5702759816583333,0.1372343124351974,-0.9589999910642416,-0.7184221506671596,-0.0530199314473291,-0.0091736965814017,0.4043862234549871,0.0530199314473291,0.0091736965814017,-0.4043862234549871,-0.0622700384405189,0.6365464361666744,0.6548370395144997,0.2307715722370061,0.5970689362731425,-0.1760222108891405
2026-07-21 18:03:30.845,Set_A,SubB1.mp4,0,0.9671514428121814,0.7611913634689642,0.0506697425413147,-1.0033125368102966,0.4382108731049856,0.0854750670875824,-0.9468958592939524,-0.8602912002651179,-0.0337782297697846,-0.0081466200277114,0.4154331481095527,0.0337782297697846,0.0081466200277114,-0.4154331481095527,-0.0449443885460244,0.6586848722334655,0.521258629487581,0.2362653690040272,0.6273748671094237,-0.3007884644799228
2026-07-21 18:03:30.904,Set_A,SubB1.mp4,0,0.9398505341036516,0.6859009907647702,0.0956633190366836,-0.9844034519957258,0.5563639796580503,0.1528106105341888,-0.9590145217714534,-0.9580943439103452,-0.0236948514444815,0.0045882536478921,0.4697978573112795,0.0236948514444815,-0.0045882536478921,-0.4697978573112795,-0.0207635907887314,0.7134040388446306,0.5942224761822179,0.2753344238490436,0.673523466238768,-0.3588878822361755
2026-07-21 18:03:30.962,Set_A,SubB1.mp4,0,0.9451055015030974,0.6822472147884544,0.0547706470543768,-1.0457231945880738,0.6151608396250872,0.195241192291841,-0.9323755628613652,-0.7720664990631916,-0.0437956962119934,-0.0081567743720239,0.4768720997916004,0.0437956962119934,0.0081567743720239,-0.4768720997916004,-0.0360364997913975,0.693040062469443,0.5335851164982259,0.2870148648471215,0.6613563557669557,-0.255487318880944
2026-07-21 18:03:31.019,Set_A,SubB1.mp4,0,0.9567749665077888,0.7501248926869664,0.0243637876092744,-0.9975446947203598,0.4946357081368903,0.1379883864126365,-0.9526149950185928,-0.9075751178662492,-0.0457280899886397,0.0136493245176128,0.4518897715193451,0.0457280899886397,-0.0136493245176128,-0.4518897715193451,-0.0982913742800854,0.6643631760383572,0.5578052208736535,0.229953785604648,0.6307223959640681,-0.2789645756665712
2026-07-21 18:03:31.076,Set_A,SubB1.mp4,0,0.9776888792939142,0.7666467789248248,0.1024886999378996,-0.9856814109292952,0.5231921263845909,0.0653314473073818,-0.9642812132588884,-0.9348742397289836,-0.0155199265422179,-0.0068028890068325,0.4711332360198816,0.0155199265422179,0.0068028890068325,-0.4711332360198816,-0.0803069201536429,0.7301746845901245,0.5291822406179091,0.2602694120898878,0.745392422209901,-0.4353837193557869
2026-07-21 18:03:31.133,Set_A,SubB1.mp4,0,0.9687519467709472,0.7524302141833963,0.0669938134122335,-0.950315013350292,0.2852425149537294,0.0474764676585411,-0.908395768458599,-1.0146880470799868,-0.0226141902175825,0.0037084788782174,0.4246418596691903,0.0226141902175825,-0.0037084788782174,-0.4246418596691903,-0.078525920782269,0.6559863562306616,0.5329422658642566,0.2427175001124554,0.6747383956955452,-0.4851179756567026
2026-07-21 18:03:31.190,Set_A,SubB1.mp4,0,0.9445057319662916,0.7792975571401575,0.0447034295236088,-0.9659601139264282,0.1576770576704691,0.0777941531123214,-0.8496342182643953,-0.9875032823494144,-0.041255208704011,-0.0028871919659912,0.3791366490611817,0.041255208704011,0.0028871919659912,-0.3791366490611817,-0.0930284148683579,0.5720043963375182,0.7012014668692204,0.2105547200933118,0.5292878516077097,-0.2554620099655498
2026-07-21 18:03:31.246,Set_A,SubB1.mp4,0,0.9100240147669711,0.7934007809092527,0.0249099820042109,-0.9423558789916084,0.2232093798762993,0.0896564969644028,-0.8845709067022,-1.0289469560208055,-0.0347202607027175,-0.0016055060219144,0.4149824532270604,0.0347202607027175,0.0016055060219144,-0.4149824532270604,-0.144193450520165,0.583795918859513,0.6352312735714717,0.2017902730076604,0.6092896327025785,-0.3109580845945961
2026-07-21 18:03:31.303,Set_A,SubB1.mp4,0,0.9124777767531712,0.8980002737722673,0.0402655244807245,-0.8117785522987477,-0.0231427345572294,0.0260375421758119,-0.7772854752288341,-1.1894905240043852,0.0226701017615978,0.0051914430347994,0.3535963151567456,-0.0226701017615978,-0.0051914430347994,-0.3535963151567456,0.1312907579555239,0.5878281962211951,0.5926476093017142,-0.1254379835428985,0.5148243670091659,-0.165379777784609
2026-07-21 18:03:31.360,Set_A,SubB1.mp4,0,0.8977237103385022,0.8898753507083474,-0.005804234382307,-0.9047591515968828,0.1874241940290139,0.026618035522836,-0.8695974147023645,-1.1100430542919215,-0.0378250774414823,-0.008987802422897,0.4088603851229377,0.0378250774414823,0.008987802422897,-0.4088603851229377,-0.1248833493118845,0.5511556238786773,0.6259043765872503,0.1139102922304825,0.5859513752163312,-0.0753359807386943
2026-07-21 18:03:31.418,Set_A,SubB1.mp4,0,0.9626865689726756,0.8659307348967274,0.0300210345325417,-0.9684061471557788,0.1624881154383871,-0.1118603721683227,-0.8730772416727411,-0.938530157781434,0.046029381497527,-0.0134487048712162,0.3697086730536702,-0.046029381497527,0.0134487048712162,-0.3697086730536702,0.0115881509891641,0.6084412461372366,0.322011088169416,-0.0976960130140219,0.6060266492016648,-0.5032533193809031
2026-07-21 18:03:31.475,Set_A,SubB1.mp4,0,0.9340020975465676,0.8982188170784923,-0.0307544670919447,-0.8994431719241918,0.1509534865258165,-0.0374427517221188,-0.8474235430417432,-1.1224501769422837,-0.0100034120995144,-0.0201642297372044,0.3680138875742089,0.0100034120995144,0.0201642297372044,-0.3680138875742089,-0.0749052698079025,0.6227405566622864,0.5958393630908135,0.0386755199807795,0.660273073063434,-0.2471286783723531
2026-07-21 18:03:31.532,Set_A,SubB1.mp4,0,0.9211683738416996,0.9178376542792772,-0.0594543878086655,-0.8656019932851956,0.0641516487213891,-0.021182075426988,-0.8507005605937908,-1.0877742863888615,-0.019606741009427,-0.0146327584527231,0.3525772623864593,0.019606741009427,0.0146327584527231,-0.3525772623864593,-0.0347003666592456,0.5952271708423652,0.7290405058857944,0.0413461400246246,0.639122746861231,-0.103687594938172
2026-07-21 18:03:31.592,Set_A,SubB1.mp4,0,0.94582505501478,0.8683054050898507,-0.0672560241469869,-1.010122038707321,0.4489861075309319,0.0868205675709966,-0.9281511760542224,-0.941646409948898,-0.0388902379866201,-0.0323248749411664,0.458666490928725,0.0388902379866201,0.0323248749411664,-0.458666490928725,0.0521596633331488,0.6169497883471515,0.5965208336060079,0.0903635585849324,0.6700668342212507,-0.3962832716831115
2026-07-21 18:03:32.150,Set_A,SubB1.mp4,0,0.9379270524992498,0.8566663376179587,-0.0420755703076277,-0.7932381917326097,0.0423687855009193,-0.0002921937532643,-0.7573835419888307,-1.3048176801018834,-0.0014018696908025,-0.0084064307895358,0.4173407711256091,0.0014018696908025,0.0084064307895358,-0.4173407711256091,0.0857861049838033,0.4711974243566069,0.8318778647750693,-0.0468332109681234,0.5672575239325898,-0.3723346790620785
2026-07-21 18:03:32.263,Set_A,SubB1.mp4,0,0.956954945403688,0.8987370475518236,-0.0899710022406191,-0.9317048250842048,0.3354607444127337,-0.0426043717539015,-0.9072714140971712,-1.1104382679168252,0.0024242825838891,-0.0044265128759842,0.4552008505469153,-0.0024242825838891,0.0044265128759842,-0.4552008505469153,0.0592131267986866,0.6794901674613336,0.6318224766272583,0.0224323656803157,0.7243880784125226,-0.520969859569761
2026-07-21 18:03:32.321,Set_A,SubB1.mp4,0,0.9914329986464366,0.918692395175712,-0.1014431235506943,-0.9277968633116552,0.270765049796101,-0.0363103407025998,-0.8941165760069306,-1.084187082148642,-0.0172524473460596,-0.0124672139848765,0.4299188138006436,0.0172524473460596,0.0124672139848765,-0.4299188138006436,0.0942580316407635,0.6448302312546498,0.4655067540150944,0.0141382509223767,0.7062872349431027,-0.4091416526646823
2026-07-21 18:03:32.377,Set_A,SubB1.mp4,0,0.8821613112605863,0.9528249285640036,-0.1414270857530336,-0.9444989897595344,0.2818737798508184,-0.0640128279160386,-0.9274339425909682,-0.9554177937454508,-0.0209431414115555,-0.0070801283465535,0.4200666500030683,0.0209431414115555,0.0070801283465535,-0.4200666500030683,-0.0294732774968176,0.725773837788524,0.435196330777797,0.0943666946350742,0.5879614255531711,-0.277663748634576
2026-07-21 18:03:32.435,Set_A,SubB1.mp4,0,0.9578071602368354,0.9183035061859184,-0.0973053161035484,-0.8729897227887398,0.1434468220297479,-0.0674734976562819,-0.8489657056162281,-1.147298128310995,-0.0034507877003753,-0.0075869259080427,0.4147674650927043,0.0034507877003753,0.0075869259080427,-0.4147674650927043,0.0622265168728817,0.5092819590383821,0.74908858343179,-0.0149301909876988,0.6275426288867477,-0.2650159408994331
2026-07-21 18:03:32.604,Set_A,SubB1.mp4,0,0.9040391786939116,0.9195348866744466,-0.0243506031265067,-0.9060283361189914,0.1549524795127755,-0.02928130911238,-0.8933094204613619,-1.026449614180459,-0.0135969522538939,-0.0030976061766216,0.3800462567058364,0.0135969522538939,0.0030976061766216,-0.3800462567058364,-0.0402190886870068,0.4785025428705434,0.8383455617939886,0.0825299262129545,0.5241571041575652,0.0247760143636859
2026-07-21 18:03:32.660,Set_A,SubB1.mp4,0,0.9400452456356224,0.875079356208152,-0.0121445980065722,-0.8643967658220642,0.0690043813645948,-0.0545797214213886,-0.8428178251281843,-1.108699627888042,0.0143762656367648,-0.0055892702712478,0.3756043437269771,-0.0143762656367648,0.0055892702712478,-0.3756043437269771,0.0322177638970618,0.5576777878621493,0.4113035805321438,0.0088233945019857,0.5823497843631323,-0.3732281245021958
2026-07-21 18:03:32.715,Set_A,SubB1.mp4,0,0.981033856620074,0.8484948898154208,0.0505754582288005,-0.856176711741778,0.0760248337485041,-0.0724099855468207,-0.8831372388279032,-1.0630963786582373,0.0406010941718029,0.0004304234117213,0.3804433445461205,-0.0406010941718029,-0.0004304234117213,-0.3804433445461205,0.0406099360660453,0.5347821674101255,0.6495246005450945,-0.0073276314344693,0.573172257507667,-0.5572165067288164
2026-07-21 18:03:32.773,Set_A,SubB1.mp4,0,0.971489187188779,0.8259893935012778,0.0824812196976976,-0.8055386368697371,-0.0719093342192839,-0.0697713180412021,-0.8100207802704134,-1.106991097577083,0.0453845847467736,0.0042570793814327,0.330427429080853,-0.0453845847467736,-0.0042570793814327,-0.330427429080853,0.0484167335757973,0.5086873736858923,0.7614825391122791,-0.0287347542417764,0.5525048520603024,-0.4573362003061408
2026-07-21 18:03:32.831,Set_A,SubB1.mp4,0,0.9623040556176266,0.8843691120276582,0.1404665753273453,-0.8568771993110467,-0.0135598921158035,-0.0842622216121803,-0.8928073538203484,-0.9536241829996068,0.0634307590889777,0.0077937806946011,0.3221350372893033,-0.0634307590889777,-0.0077937806946011,-0.3221350372893033,0.0658973525120809,0.5990727745085446,0.4572082376862124,-0.0586656153546314,0.6488712659661243,-0.3455128631537255
2026-07-21 18:03:32.887,Set_A,SubB1.mp4,0,0.9670455447376388,0.9104191619600872,0.1459553889841492,-0.9082861642442964,0.1179268968007252,-0.1071975289460121,-0.963243097049186,-0.8221115688914601,0.0747542289290819,0.0188207813391689,0.3342607630545648,-0.0747542289290819,-0.0188207813391689,-0.3342607630545648,0.0503723784703783,0.6523786265013767,0.5801037836302423,-0.0804527247373008,0.703650168163433,-0.40733897535322
2026-07-21 18:03:32.943,Set_A,SubB1.mp4,0,0.9895965248494714,0.9248366013069022,0.1685730066137117,-0.8463167040297633,-0.1528606464719561,-0.1133773403906879,-0.905264064451754,-0.8109434051463662,0.0753415809243653,0.0137980743195925,0.2598197846680777,-0.0753415809243653,-0.0137980743195925,-0.2598197846680777,0.0245004628297108,0.6083954690304398,0.541449473648712,-0.0648907402817158,0.6403147223145607,-0.1512500218798723
2026-07-21 18:03:32.999,Set_A,SubB1.mp4,0,0.946832254547166,0.893817133831248,0.1709878163316998,-0.7551572024028749,-0.3912535676223564,-0.1142179845482076,-0.8305599650260347,-0.8262349338102072,0.0784302501055812,0.0143971893969282,0.1739661354834558,-0.0784302501055812,-0.0143971893969282,-0.1739661354834558,0.0410209072109609,0.5384261195222393,0.4125432591634723,-0.0717167505064354,0.5531224537170729,-0.1288336369968725
2026-07-21 18:03:33.057,Set_A,SubB1.mp4,0,0.9493821944005656,0.8950269321583971,0.155583516719507,-0.7196321913106031,-0.5030649542117984,-0.1105603251799176,-0.781931492824295,-0.8172681154001165,0.0729526661997021,0.0150333212470145,0.1273162325497606,-0.0729526661997021,-0.0150333212470145,-0.1273162325497606,0.0412279333260068,0.5157072529315607,0.4197076644705826,-0.0838306723376066,0.5025891379996786,-0.0555479686997807
2026-07-21 18:03:33.114,Set_A,SubB1.mp4,0,0.9642475324964096,0.9095044047694988,0.1504778599487501,-0.7412834904767965,-0.5053122038911055,-0.136514412738104,-0.7905136215773845,-0.780534843640002,0.0767284679449685,0.0079908765686754,0.1040547559443657,-0.0767284679449685,-0.0079908765686754,-0.1040547559443657,0.0333206319696622,0.4909892038825496,0.4382125335398978,-0.0915656919871948,0.4716661435212465,-0.0319326886793198
2026-07-21 18:03:33.170,Set_A,SubB1.mp4,0,0.9021781504772822,0.8802419034023408,0.1468994169951112,-0.6504210477378514,-0.6906536785713675,-0.1152897875064812,-0.6920822647990038,-0.7914683431094262,0.0697975773070199,0.0095064912479446,0.0215782520928242,-0.0697975773070199,-0.0095064912479446,-0.0215782520928242,0.0211598932345853,0.4713771175070421,0.2238647476773149,-0.0811182194764711,0.4394313240087193,0.0914780770698546
2026-07-21 18:03:33.227,Set_A,SubB1.mp4,0,0.9508115925729734,0.9302091634481012,0.1464981354699822,-0.6663138075277913,-0.6619319841120712,-0.1265560995228584,-0.695162573875839,-0.8029858900646216,0.0682605518910732,0.0142118053671368,0.0490808962671869,-0.0682605518910732,-0.0142118053671368,-0.0490808962671869,0.0141172641846002,0.440481494673768,0.3779719700628065,-0.0854740398037464,0.4064094678443948,0.1599762086948879
2026-07-21 18:03:33.283,Set_A,SubB1.mp4,0,0.8954836187198022,0.9011625578542832,0.157581452804489,-0.6740592535016777,-0.7109371949061682,-0.1199137851037128,-0.7051307215348818,-0.7369634092682477,0.0704210988452057,0.011988736979324,-0.011824983794935,-0.0704210988452057,-0.011988736979324,0.011824983794935,0.0225757674034544,0.4771592467210373,0.1145037179624487,-0.0721913484219149,0.4538151751803564,0.1541568599854906
2026-07-21 18:03:33.340,Set_A,SubB1.mp4,0,0.9474092151332836,0.9259865653638024,0.1603157091765801,-0.6970478705528252,-0.7214224849845509,-0.1229200701053007,-0.7166104014853177,-0.6928518363819168,0.0740735863842992,0.0147212404068424,-0.0232884003091334,-0.0740735863842992,-0.0147212404068424,0.0232884003091334,0.0257593655427446,0.4703848741790302,0.3263277145699476,-0.0775508453902425,0.432977151301839,0.2268381081638549
2026-07-21 18:03:33.396,Set_A,SubB1.mp4,0,0.9589523775575028,0.9287709730233336,0.1630815389607511,-0.7057725994188159,-0.7199451813411519,-0.1301307518628332,-0.7246573057152567,-0.677475489798271,0.0773212092099212,0.0116444494545194,-0.0325858520255555,-0.0773212092099212,-0.0116444494545194,0.0325858520255555,0.019893658253509,0.4709894790090239,0.3383209524412844,-0.0812262052437605,0.4419395817451201,0.2227788686326917
2026-07-21 18:03:33.453,Set_A,SubB1.mp4,0,0.9502941911798723,0.926048393053902,0.1674493746192454,-0.7424453754265973,-0.643749100383806,-0.1308559854166781,-0.7517607791778851,-0.6851635722206642,0.0811435263710159,0.0068169833897185,-0.0011597711869174,-0.0811435263710159,-0.0068169833897185,0.0011597711869174,0.035666964790588,0.4915165346639445,0.3008140639619315,-0.0758568310788177,0.4577424762386912,0.1783820894797355
2026-07-21 18:03:33.509,Set_A,SubB1.mp4,0,0.950705692549632,0.912974997083415,0.173548866285578,-0.7774097519721365,-0.7013061028649876,-0.1454685900533543,-0.7886600447563944,-0.5423324659569108,0.0860001863519195,0.0097982347930237,-0.0535534844390137,-0.0860001863519195,-0.0097982347930237,0.0535534844390137,0.0362956099824117,0.5188234769157833,0.2529048490864083,-0.0897275560824615,0.4720962507578671,0.1112867084344969
2026-07-21 18:03:33.566,Set_A,SubB1.mp4,0,0.9692128743607188,0.9723385376689492,0.1741306769351172,-0.840124481495696,-0.6184354786270151,-0.1630959717114059,-0.8240049033447664,-0.4908668362498315,0.0889929785928133,0.0128709821719348,-0.0503389160867177,-0.0889929785928133,-0.0128709821719348,0.0503389160867177,0.0316657396983932,0.5301461834231246,0.2801247475027175,-0.099743187896657,0.5207063597041087,0.2974297526331182
2026-07-21 18:03:33.624,Set_A,SubB1.mp4,0,0.925847085045053,0.9464352953641184,0.1556492492080092,-0.7846492149380121,-0.6733565871015535,-0.1681043479447205,-0.7888591275814573,-0.5611134880874288,0.0872581063364622,0.0064948924770941,-0.0295030551248041,-0.0872581063364622,-0.0064948924770941,0.0295030551248041,0.037539779336561,0.5047572110772848,0.1336965226822568,-0.0740732373858214,0.4805608649636812,0.1673031160243405
2026-07-21 18:03:33.680,Set_A,SubB1.mp4,0,0.9576368220339412,0.9403184580254016,0.1717182932052322,-0.8418362118072233,-0.6560601821298689,-0.1629499244480831,-0.8432017187304712,-0.4212374964894541,0.0952560441458656,0.0025514585530166,-0.0744696041362126,-0.0952560441458656,-0.0025514585530166,0.0744696041362126,0.0517122655576521,0.54098816300295,0.173026292984391,-0.095295263250804,0.5293107597664543,0.1150184978375165
2026-07-21 18:03:33.737,Set_A,SubB1.mp4,0,0.9773286385243029,0.971317486108616,0.1668623073421468,-0.8857245406817502,-0.5316196592828497,-0.1967350426821253,-0.8885443122957567,-0.3909190429064892,0.0994955512895248,-0.0029682809719959,-0.0459997447290349,-0.0994955512895248,0.0029682809719959,0.0459997447290349,0.0647551054875598,0.5272752840147116,0.200860639578663,-0.0936331573796279,0.5353121183260683,0.2936111020431701
2026-07-21 18:03:33.908,Set_A,SubB1.mp4,0,0.949575206221028,0.9789796550939344,0.1616529915569678,-0.8857711668140625,-0.6425762652455353,-0.1799169502706822,-0.867553107888478,-0.3194634509569269,0.0959560185831763,0.0012250913261963,-0.0669860533678264,-0.0959560185831763,-0.0012250913261963,0.0669860533678264,0.0860281542208232,0.5602384377522149,0.1197135702996993,-0.0639564183665602,0.5350410129296868,0.2207369579686701
2026-07-21 18:03:33.966,Set_A,SubB1.mp4,0,0.942031335578282,0.9551688805338177,0.1658771372496702,-0.874934366122381,-0.6944163190027289,-0.1689385678850536,-0.8853240383730848,-0.2550472016475071,0.0977626243375281,0.004440358638305,-0.0957064725264194,-0.0977626243375281,-0.004440358638305,0.0957064725264194,0.0833216041812022,0.5858346457985308,0.1112944812856154,-0.0534157575386098,0.5701258180824109,0.2724391785636751
2026-07-21 18:03:34.024,Set_A,SubB1.mp4,0,0.8778462145615781,0.8738658039110065,0.111773486541414,-0.8457100246195103,-0.8243342375552946,-0.2339962641037862,-0.830741209972274,-0.2594428846800021,0.0869049625660251,-0.022334923797117,-0.1871652841319244,-0.0869049625660251,0.022334923797117,0.1871652841319244,0.0423646524245147,0.6700888611043766,-0.1863261243209988,-0.0874787372830894,0.6898787549479815,0.0931670030517541
2026-07-21 18:03:34.120,Set_A,SubB1.mp4,0,0.912399135650076,0.9531929301523614,0.1564842204883245,-0.8069203915203241,-0.8666207527568791,-0.1499127888454888,-0.8268603469316606,-0.286946460260833,0.0762757229818802,0.0110266143181257,-0.1963708060670372,-0.0762757229818802,-0.0110266143181257,0.1963708060670372,0.0369135913769522,0.54047041253741,-0.0734805552334043,-0.0455429143679644,0.5322094203564666,0.2522750496263681
2026-07-21 18:03:34.177,Set_A,SubB1.mp4,0,0.9380949283478872,0.9401720804446172,0.1905890199323921,-0.8589692994362426,-0.8336925041444629,-0.1228151181281513,-0.8942596123389732,-0.1263049339509318,0.0755316390737292,0.0163255667497631,-0.2555728070016284,-0.0755316390737292,-0.0163255667497631,0.2555728070016284,0.048660794205761,0.6052729875325897,-0.0800892877205255,-0.0253150736006751,0.5646395506847214,0.310382813540199
2026-07-21 18:03:34.234,Set_A,SubB1.mp4,0,0.935870064269314,0.9084346649910032,0.1630957742393788,-0.7912559201472508,-0.9536735628150896,-0.1232100466838913,-0.8122009370568904,-0.241037798067692,0.0693040470907452,0.0167322224683007,-0.2621426354499134,-0.0693040470907452,-0.0167322224683007,0.2621426354499134,0.0249565909798886,0.5742808001987132,0.0030533819799864,-0.0257479809921065,0.5256753038557984,0.1857175384542709
2026-07-21 18:03:34.291,Set_A,SubB1.mp4,0,0.926230434583034,0.9188117482795466,0.1656109333079058,-0.7852221287624983,-0.936390634157938,-0.1322804840020865,-0.8260300125438367,-0.2479892112822074,0.0736100086093404,0.0135650469514977,-0.2697534833754096,-0.0736100086093404,-0.0135650469514977,0.2697534833754096,0.0026540932061065,0.5964597977547191,-0.0702364261504934,-0.0225137007862973,0.5351246121089438,0.2534349347963213
2026-07-21 18:03:34.346,Set_A,SubB1.mp4,0,0.900599720934859,0.8899374798598095,0.1425560303065463,-0.8210967672849719,-0.8907558302959786,-0.1534848468009892,-0.8173304797188421,-0.2561690657828945,0.078779634497318,0.0022877039118027,-0.2177017399183769,-0.078779634497318,-0.0022877039118027,0.2177017399183769,-0.0183799102991028,0.5991298890524525,-0.0906482660533588,-0.0479515833856452,0.5614513575902178,0.0471520200606303
2026-07-21 18:03:34.403,Set_A,SubB1.mp4,0,0.9212747906409688,0.9423200262635076,0.1247345063136691,-0.7319048420684102,-1.0068068311035556,-0.1594775695954983,-0.7433125021604007,-0.3432030602825365,0.0703902611322358,0.0057408432526164,-0.2255681101198849,-0.0703902611322358,-0.0057408432526164,0.2255681101198849,-0.0201576454076965,0.5197163536657146,0.0889509705539371,-0.0778419370464575,0.4820394401428116,0.336689091813411
2026-07-21 18:03:34.461,Set_A,SubB1.mp4,0,0.8795994714122216,0.9296172738559328,0.1421164736567901,-0.8389763886646352,-0.9299955283257716,-0.1545422224910399,-0.839236985875649,-0.1578672710565862,0.0757686391022677,0.0045879108162164,-0.293546089497719,-0.0757686391022677,-0.0045879108162164,0.293546089497719,-0.0182017819210664,0.56972670413637,-0.3801392269232078,-0.0715560098068708,0.5466703120495234,0.2103534585164994
2026-07-21 18:03:34.518,Set_A,SubB1.mp4,0,0.8644033859291633,0.9494931016443914,0.167286783111251,-0.8140351859972561,-0.958729808773581,-0.1241536117155325,-0.8600915068582436,-0.134631680302221,0.0675611424448141,0.0145724596566812,-0.3109806864673385,-0.0675611424448141,-0.0145724596566812,0.3109806864673385,-0.0153836635475367,0.5827628923418812,-0.4251210331487752,-0.0104787834491193,0.5465842546065505,0.6032062421967246
2026-07-21 18:03:34.576,Set_A,SubB1.mp4,0,0.8654551692547776,0.9396100578021764,0.1613182393767866,-0.9202405786371124,-0.8854771917526992,-0.1478803483145749,-0.9209639285771456,0.1045896289770448,0.0725893736751455,0.0066329934020498,-0.3291243917220564,-0.0725893736751455,-0.0066329934020498,0.3291243917220564,-0.0505643820431096,0.6366281048326307,-0.4078430455215845,0.0108398189544987,0.6330521099621974,0.6232580097194047
2026-07-21 18:03:34.632,Set_A,SubB1.mp4,0,0.8575167498829118,0.9480825951078482,0.1729906954380791,-0.9306495407546326,-0.8138851341826164,-0.1578727723221347,-0.9298755380067396,0.0802517927233757,0.0821707032062695,0.0063571635397172,-0.3508537180229426,-0.0821707032062695,-0.0063571635397172,0.3508537180229426,-0.0527491621259612,0.647306145689733,-0.5619862642660512,0.0340409829312712,0.6821569120394881,0.710319924553424
2026-07-21 18:03:34.689,Set_A,SubB1.mp4,0,0.8397891996233857,0.9560855236217898,0.1393382264843181,-0.9513584711066736,-0.8119610600186024,-0.1731127757781386,-0.9266209309307752,0.1249001854644865,0.0847291216945287,0.0080130785595203,-0.35974090337315,-0.0847291216945287,-0.0080130785595203,0.35974090337315,-0.0762589066695962,0.6508926341075081,-0.6146236444851144,0.0242087423524285,0.7054966202288647,0.7477824077220279
2026-07-21 18:03:34.745,Set_A,SubB1.mp4,0,0.8741802630880929,0.9423551047112368,0.1463901165684765,-0.9598162974336072,-0.8205043281092878,-0.1640502389512243,-0.9397176615146904,0.1948375966302734,0.0807078927617777,0.0073778235750054,-0.3550486806442195,-0.0807078927617777,-0.0073778235750054,0.3550486806442195,-0.0539006850196714,0.6620379529478316,-0.4181887149208264,0.031303186851705,0.6634917379670944,0.6622717679429883
2026-07-21 18:03:34.803,Set_A,SubB1.mp4,0,0.8138603792301436,0.9491266554667598,0.123734174187921,-0.8820613596863737,-0.961400713888912,-0.1621817213535141,-0.8505692271082006,-0.0368542815009629,0.0779826159420668,0.0002692166495909,-0.3362183428208677,-0.0779826159420668,-0.0002692166495909,0.3362183428208677,-0.0569396765555699,0.5585766003448969,-0.5518298020233785,0.0129639537291811,0.5890296916191408,0.8894653503007507
2026-07-21 18:03:34.860,Set_A,SubB1.mp4,0,0.8520632307011288,0.964911304853921,0.1185618675067643,-0.9107296002228594,-0.8854941240060347,-0.1658439552577014,-0.890087233218952,0.0166885435851211,0.071422512581217,-0.0047618687068544,-0.3287740272424302,-0.071422512581217,0.0047618687068544,0.3287740272424302,-0.0699050566411826,0.6161700659120037,-0.4439155950438704,0.0288940165047341,0.6356696506425252,0.5769257583413753
2026-07-21 18:03:34.918,Set_A,SubB1.mp4,0,0.8591477997836411,0.9652984239770646,0.111063835425345,-0.8897066043212154,-0.9249929460747224,-0.1681675908565581,-0.883471582774338,0.0016412915442399,0.0762092996173911,0.0011243685729838,-0.3181470916680566,-0.0762092996173911,-0.0011243685729838,0.3181470916680566,-0.0367326958811097,0.5951469569267234,-0.3545418718081802,0.0101084597113976,0.5743921489765325,0.6566489122203037
2026-07-21 18:03:34.975,Set_A,SubB1.mp4,0,0.9189212024169734,0.9384975183319988,0.1332664613366154,-0.8834935343663404,-0.8932317081714594,-0.1469673760251355,-0.9017849422853742,-0.0082077217076819,0.0723281004509576,0.0094623901017159,-0.2991356561071308,-0.0723281004509576,-0.0094623901017159,0.2991356561071308,-0.0060134399419198,0.575119332935736,-0.0444203161485848,0.0324965540854522,0.5637158914281022,0.5041044030878744
2026-07-21 18:03:35.031,Set_A,SubB1.mp4,0,0.8373751850060596,0.9623793948169708,0.0660508074982657,-0.8825064665608517,-0.9520804735883556,-0.2192520725375831,-0.8019443709380587,-0.1152314529071616,0.0775940703374747,-0.0037160458861199,-0.3140756257117297,-0.0775940703374747,0.0037160458861199,0.3140756257117297,-0.0438607988749502,0.5982626189304412,-0.3615785467571318,-0.0390722209057282,0.607666702078325,0.6113194465912974
2026-07-21 18:03:35.090,Set_A,SubB1.mp4,0,0.8908695126734186,0.9449081322988124,0.1119071729754509,-0.8978514689441033,-0.9536707629604988,-0.1435595909599141,-0.8722207915588431,0.0231642788166609,0.074425129096025,0.0048225441585822,-0.3254466914878869,-0.074425129096025,-0.0048225441585822,0.3254466914878869,-0.011687693352285,0.643003622026123,-0.2430522008431543,-0.0290320378146163,0.6139764139107753,0.2856650623247565
2026-07-21 18:03:35.145,Set_A,SubB1.mp4,0,0.9036412975812236,0.9456133676661695,0.1125312442360847,-0.9049502644827206,-0.8873791708372061,-0.1184229954155226,-0.8990229615184087,0.0238712744407005,0.069409299302831,0.0073502859435023,-0.3186151758050232,-0.069409299302831,-0.0073502859435023,0.3186151758050232,-0.0188258551503151,0.6654900324039354,-0.2245248019103576,-0.0639886548521858,0.6076941338431213,0.2149588193433961
2026-07-21 18:03:35.199,Set_A,SubB1.mp4,0,0.9158939663251852,0.9847632154571536,0.0965021056048733,-0.8850118553195636,-0.9864587040006618,-0.0983581817976852,-0.8829212463654296,0.0513602584091582,0.0615818710066165,0.0090963129471503,-0.3317607359869516,-0.0615818710066165,-0.0090963129471503,0.3317607359869516,-0.003802988925567,0.5827377871015601,-0.1238575253320785,-0.067895609266921,0.5369325637338449,0.4867515231330611
2026-07-21 18:03:35.256,Set_A,SubB1.mp4,0,0.904745718628738,0.9740011114439732,0.0735116530442262,-0.881893094028945,-0.9591441393324216,-0.119569806073403,-0.8661106317641545,-0.0116089812667267,0.0484190644584139,0.0117703386075312,-0.3012810549428246,-0.0484190644584139,-0.0117703386075312,0.3012810549428246,0.0018509881081088,0.5354474994198065,-0.1894925277856986,-0.0926787313530059,0.4659234802943907,0.5366624567308445
2026-07-21 18:03:35.310,Set_A,SubB1.mp4,0,0.9369425293573844,0.9360015728750668,0.0838188967176712,-0.848374314597381,-0.994892843364715,-0.0614950894191523,-0.8522007672587246,-0.0575072889983508,0.0524442080558033,0.0217894312839114,-0.2924536514173129,-0.0524442080558033,-0.0217894312839114,0.2924536514173129,0.0550322291825289,0.5605136875520268,0.0479078916616107,-0.1183534166314091,0.4799126531309442,0.761011406808375
2026-07-21 18:03:35.365,Set_A,SubB1.mp4,0,0.9316909485142734,0.9396785418040166,0.0946142415565649,-0.8941215670491067,-0.9087425748495128,-0.0683854593558769,-0.8855847061065977,-0.0033745405882484,0.0537787573992663,0.0166138957432444,-0.287896864858647,-0.0537787573992663,-0.0166138957432444,0.287896864858647,0.0715576819776922,0.6265316403579596,-0.0839307659184202,-0.1385240696004011,0.516508465057898,0.7063687949155897
2026-07-21 18:03:35.420,Set_A,SubB1.mp4,0,0.8982158080109275,0.9191867107098456,0.0900635819649476,-0.9276071426086137,-0.8845979086615257,-0.0784390389600328,-0.9183956650607076,0.1150925454073695,0.063397539027575,0.0113217235014605,-0.3173042561967134,-0.063397539027575,-0.0113217235014605,0.3173042561967134,0.0751837732357271,0.6043649856776884,-0.3083340192877679,-0.1847362419786977,0.5047533624102702,0.5376691108709235
2026-07-21 18:03:35.474,Set_A,SubB1.mp4,0,0.9062835978504308,0.8926341688940309,0.0539351376288202,-0.9109598570294845,-0.954971091683224,-0.0731150636511428,-0.876721187181509,0.0584061946420391,0.0562049475339157,0.010892307657648,-0.3096157624016284,-0.0562049475339157,-0.010892307657648,0.3096157624016284,0.0670752746912012,0.5434869427829037,-0.2214659758944386,-0.1870429062146065,0.435742732159696,0.4412936469118937
2026-07-21 18:03:35.530,Set_A,SubB1.mp4,0,0.8951001608079747,0.9007306342728164,0.0501943672015665,-0.90821091545422,-1.0055932532218612,-0.0461220467123725,-0.894228822015073,0.1388785314145882,0.0504588439005683,0.005127468727715,-0.3397953612519899,-0.0504588439005683,-0.005127468727715,0.3397953612519899,0.0684887756312182,0.6077074556809116,-0.2614046142162096,-0.2056352885396924,0.5295078680584417,0.3494725748751072
2026-07-21 18:03:35.585,Set_A,SubB1.mp4,0,0.8929603094595799,0.8827222634477102,0.0343698942373811,-0.8842989900444129,-1.0782698397154418,-0.0683675730846676,-0.8497158996604142,0.0822595385061853,0.0421977878905233,0.0053334151313842,-0.3290967620634782,-0.0421977878905233,-0.0053334151313842,0.3290967620634782,0.0575723234959364,0.618017671769688,-0.1994034010105903,-0.2141204982242671,0.4973563445666716,0.6176866533996896
2026-07-21 18:03:35.639,Set_A,SubB1.mp4,0,0.9035249149479532,0.8877124545642183,0.0034688529772417,-0.8870835331608224,-1.0678383636399889,-0.0624187756489614,-0.8610320226775493,0.0979842972707748,0.0348881031405057,0.0024517147313725,-0.3326740550365957,-0.0348881031405057,-0.0024517147313725,0.3326740550365957,0.0627503091491403,0.5969673862719664,-0.13148693130476,-0.1911318392420795,0.4913996072332129,0.5424229089228062
2026-07-21 18:03:35.694,Set_A,SubB1.mp4,0,0.8973211176138867,0.8902190867445131,0.0034692525267325,-0.8585277350971844,-1.0837760163115615,-0.0605181564572203,-0.8489243940522642,0.043894941753829,0.0270820783458981,-6.961931457896917e-05,-0.3280784009803615,-0.0270820783458981,6.961931457896917e-05,0.3280784009803615,0.0760967154043579,0.6076720223278533,-0.1524937672120121,-0.1983667089690867,0.5021509180837769,0.5358419439398088
2026-07-21 18:03:35.748,Set_A,SubB1.mp4,0,0.9261428840246282,0.8906871609512711,0.0086749945220099,-0.8737119057320766,-1.1115865215493004,-0.0882399554627113,-0.8599706064252296,0.1175974048933703,0.0349960904168569,-0.0064493433941322,-0.3495033114946251,-0.0349960904168569,0.0064493433941322,0.3495033114946251,0.0881532308262372,0.5984205761177143,-0.0802555944392371,-0.1851980990406959,0.5310500439251166,0.551364203852144
2026-07-21 18:03:35.804,Set_A,SubB1.mp4,0,0.9211151624132656,0.8911694391535556,0.0360409581523058,-0.8524987624510125,-1.1087929059024753,-0.0767634831456672,-0.8627555703584086,0.0810554638791374,0.0502714835558959,-0.0026201802793368,-0.348589132269365,-0.0502714835558959,0.0026201802793368,0.348589132269365,0.1158734373044735,0.5870468490162568,-0.0693050029614792,-0.1636846785881407,0.5071780952645388,0.6796419689243021
2026-07-21 18:03:35.859,Set_A,SubB1.mp4,0,0.9075966585748916,0.930040614371275,0.060594601408047,-0.8355376298369068,-1.099078811567753,-0.1058445697594031,-0.8644093150671153,0.0463999313408895,0.0702139678974252,-0.0040285019254393,-0.3418539620445801,-0.0702139678974252,0.0040285019254393,0.3418539620445801,0.1275238878535794,0.5780602670121973,-0.0553132829743971,-0.150582484268783,0.4838957327253112,0.551026177403932
2026-07-21 18:03:35.914,Set_A,SubB1.mp4,0,0.9054631741933036,0.9196707914349672,0.056965913521079,-0.9069395119926736,-1.0542781448722884,-0.0884117815657653,-0.895870386427858,0.1888952079363513,0.0638477197636421,-0.005134403095813,-0.3679083145649486,-0.0638477197636421,0.005134403095813,0.3679083145649486,0.1253856634093189,0.5816091830231414,-0.1633422706099327,-0.1500306639310975,0.5045535068393928,0.6949852070679566
2026-07-21 18:03:35.968,Set_A,SubB1.mp4,0,0.9236963929288412,0.9263983261498958,0.0356263879930874,-0.9145530706584518,-1.0797608745982523,-0.0944561513461627,-0.8619614576921925,0.1629538122874797,0.0516021725246359,-0.0084927544230098,-0.3743454914481955,-0.0516021725246359,0.0084927544230098,0.3743454914481955,0.0930692845145057,0.6266736895753007,-0.1686030857471081,-0.1522115570272181,0.5451892468124915,0.6376782492611859
2026-07-21 18:03:36.024,Set_A,SubB1.mp4,0,0.9262516038971816,0.9556510150765128,0.0557141930053379,-0.9395913047414188,-0.9756407228044356,-0.129689890198001,-0.9231207556743032,0.2511882563122069,0.0450758557931692,-0.0121905810176223,-0.3931634943248353,-0.0450758557931692,0.0121905810176223,0.3931634943248353,0.0621939558210256,0.6397713111442167,-0.2868208156594595,-0.1361257031947879,0.5265027036840796,0.4742673913789854
2026-07-21 18:03:36.079,Set_A,SubB1.mp4,0,0.8959561866579577,0.9564222131381144,0.0611626080043065,-0.8981039908330135,-1.0608855118360552,-0.0866629261767203,-0.8857103677698762,0.1568080440185749,0.0350041229433022,-0.0049913305724764,-0.3865723369142124,-0.0350041229433022,0.0049913305724764,0.3865723369142124,-0.0056566212315084,0.6311516398210859,-0.3102644626385093,-0.0800121045923832,0.5934783617187213,0.2969806940523756
2026-07-21 18:03:36.136,Set_A,SubB1.mp4,0,0.9084618380632612,0.990699729152997,0.0835546314631562,-0.9189617520476044,-0.9980202123923336,-0.0724693378202974,-0.9352053612992124,0.2483926835168369,0.0343142509132414,0.0008291508168632,-0.3927032393873299,-0.0343142509132414,-0.0008291508168632,0.3927032393873299,-0.0254224573622636,0.6567500577469114,-0.3126992941920787,-0.0563567867502796,0.5998428620072805,0.5012774260026784
2026-07-21 18:03:36.191,Set_A,SubB1.mp4,0,0.92542405652775,0.9803830811919128,0.0705136994718811,-0.9376201694775356,-0.9684349813683136,-0.0659171128671067,-0.9370376939987208,0.2715585459091845,0.0306915976809205,-0.0019865921835484,-0.3950382087344531,-0.0306915976809205,0.0019865921835484,0.3950382087344531,-0.053397178829999,0.6653468669582121,-0.2155220250658063,-0.0615361225813416,0.6072359852179431,0.5659267027590881
2026-07-21 18:03:36.249,Set_A,SubB1.mp4,0,0.9146679369288346,0.9717754367156688,0.0649396203880923,-0.9184860004762984,-0.9980192103493808,-0.0924713775499503,-0.908830994664102,0.1855202247385443,0.0380478157961442,-1.3973535937776424e-05,-0.3939308701451839,-0.0380478157961442,1.3973535937776424e-05,0.3939308701451839,-0.0726381542887984,0.6472964590060207,-0.1852227564592613,-0.066175305477476,0.6031054169231055,0.5816063359219286
2026-07-21 18:03:36.311,Set_A,SubB1.mp4,0,0.9280646170392026,0.95933192622239,0.083388735182704,-0.9902064325792422,-0.9063115252016868,-0.0585103989545829,-0.9514394168913266,0.4273621921608804,0.0393821373104634,-0.0050146482412932,-0.4304880846248645,-0.0393821373104634,0.0050146482412932,0.4304880846248645,-0.0880075299020873,0.6774523101671799,-0.3375924436282776,-0.0796319039528228,0.6259297834982195,0.5764592124751848
2026-07-21 18:03:36.368,Set_A,SubB1.mp4,0,0.8859200293140649,0.9656033541343856,0.0758558603623818,-0.919818402560267,-0.9733537631075794,-0.0663015065363909,-0.951881771172498,0.2686217757735966,0.0438738954328629,0.0009081710417115,-0.4134501337726373,-0.0438738954328629,-0.0009081710417115,0.4134501337726373,-0.1121873639157585,0.5862286210515804,-0.3134699827403748,-0.0516972555299923,0.6228936286795047,0.5336203032147141
2026-07-21 18:03:36.423,Set_A,SubB1.mp4,0,0.9423819650589652,0.9635154525834408,0.096625922750368,-0.934013377528666,-0.9616216472746352,-0.0313621948567714,-0.9470147025895022,0.2852533987380939,0.0422746514005215,0.0094018888090188,-0.3715323601096492,-0.0422746514005215,-0.0094018888090188,0.3715323601096492,-0.0502592351788127,0.6129095275563632,-0.0930387688635868,-0.0670807302271971,0.545168036472615,0.5756227316563913
2026-07-21 18:03:36.479,Set_A,SubB1.mp4,0,0.927036805907124,0.9425595335054686,0.0986235080469192,-0.9405470776948603,-0.9669396360133508,-0.0380471690397572,-0.9291946542827372,0.2595526394874727,0.0335650051911982,0.0022447803844235,-0.3817762528672545,-0.0335650051911982,-0.0022447803844235,0.3817762528672545,-0.1229930317819969,0.6272427521271386,-0.0600314286933777,-0.0263382140697488,0.6359581734565631,0.7461656054052463
2026-07-21 18:03:36.534,Set_A,SubB1.mp4,0,0.8999514121834036,0.942867865500034,0.1053660065848717,-0.955056064635989,-0.924990490572555,-0.0563793900335322,-0.9447521539424424,0.3018299622809283,0.0446804935079353,0.0077374717825205,-0.3785626748687187,-0.0446804935079353,-0.0077374717825205,0.3785626748687187,-0.1406785979048482,0.6335722269998479,-0.1771830924796907,-0.0619146640355567,0.6204171104409008,0.6530610352356746
2026-07-21 18:03:36.590,Set_A,SubB1.mp4,0,0.8932556203831327,0.9451998216125178,0.1481410525643186,-0.961659462762886,-0.8560328110522258,-0.0898348334242925,-0.9465838569606444,0.2600396755715266,0.0556777258165971,0.0092422863151729,-0.362410021673083,-0.0556777258165971,-0.0092422863151729,0.362410021673083,-0.1082913367132746,0.6191194476035283,-0.2562954487124411,0.0031698306211602,0.6561195785007906,0.6546623764150603
2026-07-21 18:03:36.648,Set_A,SubB1.mp4,0,0.8946122657532876,0.931187718271934,0.1248419937085739,-0.9759299260069388,-0.8481146643101299,-0.070586863036183,-0.9423767374125958,0.2849486800071588,0.050249751003986,0.0074110609363425,-0.3538825646185793,-0.050249751003986,-0.0074110609363425,0.3538825646185793,-0.1133657094401791,0.5979840237053632,-0.1494366354241905,-0.0223146567125476,0.5728543715253983,0.6888139635590472
2026-07-21 18:03:36.708,Set_A,SubB1.mp4,0,0.853542284860168,0.9549549972149628,0.1264057643131732,-0.9981582992989678,-0.7551611936597615,-0.0522389650459253,-0.9621548041338358,0.365710526185558,0.041988701503731,0.0070619363680873,-0.4090040213209328,-0.041988701503731,-0.0070619363680873,0.4090040213209328,-0.1151539652653851,0.7221134484111231,-0.5602542596913873,0.0200902308431906,0.6762527249329134,0.554188700365513
2026-07-21 18:03:36.766,Set_A,SubB1.mp4,0,0.8302004215929893,0.9547520643533493,0.0492199891395248,-0.9950136410719008,-0.8325051251042557,-0.0824566284891851,-0.952765350420023,0.3796780873652928,0.0361009658028077,0.0082860804273577,-0.4219698664923201,-0.0361009658028077,-0.0082860804273577,0.4219698664923201,-0.1184086271907137,0.6453224309182174,-0.5145296974730251,-0.0664700361375769,0.6120403957041468,0.6174506099733285
2026-07-21 18:03:36.822,Set_A,SubB1.mp4,0,0.8970249022211297,0.9744210349194956,0.0566625714624499,-0.9551523267588524,-0.9021085721359312,-0.0849406260941311,-0.938297224031689,0.2586420615564419,0.0450073551408918,0.0045867157122449,-0.3855726544909857,-0.0450073551408918,-0.0045867157122449,0.3855726544909857,0.0178513899847145,0.616055119031297,-0.4218763334513286,-0.1184334865745426,0.6035876219173929,0.4237509798990156
2026-07-21 18:03:36.880,Set_A,SubB1.mp4,0,0.8777452344781282,0.9074522210548324,0.1019258795989137,-1.0028659482007685,-0.710520970625394,-0.0722928520701695,-0.98556427620353,0.4977602450321776,0.0310474718964679,0.0138649370054307,-0.4204636820043855,-0.0310474718964679,-0.0138649370054307,0.4204636820043855,-0.12921872754237,0.6832828459460303,-0.4722070458539946,0.0774524198242221,0.6183791546190146,0.6757684677339982
2026-07-21 18:03:36.938,Set_A,SubB1.mp4,0,0.8830815723052043,0.896506319468705,0.1242324144093479,-1.0187129383196862,-0.8078742186278899,-0.0464548829388488,-0.9346596191080216,0.3856345858520312,0.0276331865114104,0.0074393698650993,-0.4142653173628727,-0.0276331865114104,-0.0074393698650993,0.4142653173628727,-0.1089887330130062,0.6555236344111574,-0.4409938943302053,0.0874243072934379,0.6558938650869546,0.7067480706989235
2026-07-21 18:03:37.012,Set_A,SubB1.mp4,0,0.8785866576985675,0.9216049469319572,0.104513491755475,-1.0209729115854094,-0.7702055727412613,-0.0636118989758925,-0.9346623045472124,0.353290759943721,0.0292671179541266,-0.0012348146671265,-0.4139909232147356,-0.0292671179541266,0.0012348146671265,0.4139909232147356,-0.092352848250633,0.6713270585551726,-0.5144924754410083,0.052154488996255,0.6770963570140108,0.6851964213151646
2026-07-21 18:03:37.109,Set_A,SubB1.mp4,0,0.9530226200312106,0.8989902361656467,0.1336455189683956,-1.018682544053491,-0.7353534961179579,-0.0159538300799654,-0.9563607720523896,0.4432018815886613,0.0265693742731274,0.004522143710984,-0.4136127100661578,-0.0265693742731274,-0.004522143710984,0.4136127100661578,-0.0364729300277628,0.763151520868476,-0.4017304367282232,0.0029065402313333,0.7297848946853702,0.4512976478415609
2026-07-21 18:03:37.169,Set_A,SubB1.mp4,0,0.9438845550144488,0.9026982980200502,0.1132781934658698,-1.0269135303258157,-0.6889532088098141,-0.0342324438350222,-0.9655919863714296,0.5350911426715326,0.0287930682113935,0.0049726824081838,-0.4218705876795782,-0.0287930682113935,-0.0049726824081838,0.4218705876795782,-0.0387748417183278,0.7727144656840514,-0.4570811013384582,-0.0095101154700485,0.7384683685900667,0.4173738816685959
2026-07-21 18:03:37.227,Set_A,SubB1.mp4,0,0.9613788492630194,0.8831898593445857,0.1180074781802011,-1.0096607334520498,-0.630000187347624,0.0155925370212129,-0.9858622231867084,0.6237419554974766,0.0330930699409663,0.0100068498620949,-0.4232281317170822,-0.0330930699409663,-0.0100068498620949,0.4232281317170822,-0.0072766869704758,0.833163158435035,-0.4621441686295072,0.0039269291906258,0.7795610946705911,0.4148207795284093
2026-07-21 18:03:37.284,Set_A,SubB1.mp4,0,0.9091637694954496,0.9581494925260968,0.0747647457579329,-0.9188177830454204,-1.008566733037571,0.0187004496183403,-0.90916806430275,0.2025071824161123,0.0242509091506022,0.0054635066774626,-0.3764901394785435,-0.0242509091506022,-0.0054635066774626,0.3764901394785435,-0.0345150699079142,0.675699835361253,-0.2575504807413756,-0.0342093384569925,0.6126163770798554,0.5164640103223903
2026-07-21 18:03:37.341,Set_A,SubB1.mp4,0,0.9331550363048622,0.9503102560294556,0.1011587265900016,-0.9189707490358194,-0.995663730224881,0.0040374719339279,-0.9072618223713332,0.1870795633333113,0.0333283133362573,0.0081536509768673,-0.3793665604217991,-0.0333283133362573,-0.0081536509768673,0.3793665604217991,-0.026452224356014,0.6870870717348376,-0.1585566807415519,-0.0404329662864636,0.6240520780315439,0.5381260340848862
2026-07-21 18:03:37.397,Set_A,SubB1.mp4,0,0.9192916652723218,0.9554570766401762,0.0684233672713221,-0.9246610868626768,-0.9131199783692756,-0.0093141167376204,-0.9074088328951276,0.1131037875206307,0.020109769043297,0.0002979145663071,-0.3392208540448203,-0.020109769043297,-0.0002979145663071,0.3392208540448203,-0.0558541588245005,0.6311062894785355,-0.2093463116162588,-0.0753989975481156,0.5652903890858213,0.6570543713648118
2026-07-21 18:03:37.453,Set_A,SubB1.mp4,0,0.9244213342076156,0.976413038473084,0.0494130929090444,-0.9261581875653696,-0.9574948046687768,0.0016161234158215,-0.924476222739989,0.200825591290165,0.0231349367873677,0.0037324291526498,-0.3727241486751482,-0.0231349367873677,-0.0037324291526498,0.3727241486751482,-0.009278505949799,0.6800068920534098,-0.2312105610848417,-0.1009743503014781,0.5685692444161389,0.5482938071256513
2026-07-21 18:03:37.510,Set_A,SubB1.mp4,0,0.9085460746744832,0.9467943468159964,0.0346498128662826,-0.9594744232476996,-0.9376491465348856,-0.002912309435059,-0.9219304565649736,0.259926187581145,0.0093671876371154,-0.0011678879566547,-0.3827128910122707,-0.0093671876371154,0.0011678879566547,0.3827128910122707,-0.060351499414922,0.6726130554628705,-0.2626220653687799,-0.1085509616108069,0.5555771210705301,0.6607511839342063
2026-07-21 18:03:37.565,Set_A,SubB1.mp4,0,0.9373649259576357,0.899387856960992,-0.0016827151149963,-0.9089483317864836,-1.0203616851553403,0.0274013688269779,-0.8949450378307856,0.1570498863815153,-0.005392797838422,0.0080717481019867,-0.3298227459798234,0.005392797838422,-0.0080717481019867,0.3298227459798234,-0.014334818412978,0.58790719299642,0.1302908877349357,-0.1245357083226114,0.4847424319317462,0.8070493979862182
2026-07-21 18:03:37.621,Set_A,SubB1.mp4,0,0.9111576114182178,0.8988081831565391,0.0047733822180203,-0.8995160111093373,-1.070077956813002,-0.0091683733929383,-0.8735103174156073,0.144681651217433,0.0106536621906986,0.0010037758000541,-0.3425206117521436,-0.0106536621906986,-0.0010037758000541,0.3425206117521436,0.0416630992429751,0.5950031995423661,-0.1052713404728582,-0.1652329731644999,0.4891871007117404,0.6872042272928172
2026-07-21 18:03:37.678,Set_A,SubB1.mp4,0,0.9279036531587938,0.9120327769187172,-0.005541235599652,-0.8694118710164606,-1.1205497205764854,0.0125541380991695,-0.8689366938248223,0.1315628216173615,0.0015186349924144,0.0042227979378893,-0.3622031064738591,-0.0015186349924144,-0.0042227979378893,0.3622031064738591,0.0605152227323827,0.5905388215073718,-0.0451605184286302,-0.152863486573581,0.4955430229173887,0.6280454249872227
2026-07-21 18:03:37.736,Set_A,SubB1.mp4,0,0.9592515057146194,0.960966416776692,0.0079376855699995,-0.8627418041862636,-1.094171884666327,0.0557529765548824,-0.8759342934969743,0.1077901497872376,-0.0069534330645801,0.0068317244214368,-0.3559736999152904,0.0069534330645801,-0.0068317244214368,0.3559736999152904,0.0720821092666003,0.554235529298747,0.2333624739080946,-0.1293091494695521,0.4629454479610794,0.6859403422557948
2026-07-21 18:03:37.793,Set_A,SubB1.mp4,0,0.92763714404521,0.9231949060142066,-0.0378357331292077,-0.918820614619326,-1.0317006582838082,0.0163259542990329,-0.9345357507260772,0.2802969635574953,-0.0223666210165701,0.006976512298594,-0.3700124320359219,0.0223666210165701,-0.006976512298594,0.3700124320359219,0.0569856611192936,0.6228495079077626,-0.1118515635102107,-0.1615960531680616,0.558365063726509,0.5102659478999797
2026-07-21 18:03:37.850,Set_A,SubB1.mp4,0,0.9065340719174968,0.9291382001228332,-0.046033521524137,-0.9664607706877052,-0.9437801974740696,0.0002882696488676,-0.9641714292262816,0.4236199523705549,-0.0298394196342898,0.0032541208439477,-0.3786666104826073,0.0298394196342898,-0.0032541208439477,0.3786666104826073,-0.0305371800151386,0.6325922222281004,-0.0214004801351071,0.0155283098739048,0.634540629393267,0.6484949939139136
2026-07-21 18:03:37.908,Set_A,SubB1.mp4,0,0.9121639571605056,0.9255844749939444,0.0198546283020472,-0.8731176246661898,-1.1565072067695394,0.0227662901083277,-0.8713506975969605,0.179259167664704,0.0016583532678372,0.0048813591255982,-0.3745462535602845,-0.0016583532678372,-0.0048813591255982,0.3745462535602845,0.103547677197917,0.5934779494769379,-0.0537472232134718,-0.1293608092792509,0.4999260027980448,0.7562988453025743
2026-07-21 18:03:37.963,Set_A,SubB1.mp4,0,0.9089584561133368,0.9461383001311792,0.005796735262053,-0.9003741074717173,-1.0431579472853574,-0.0165528800985934,-0.8962290614224421,0.1644649640040979,0.0037159458589681,0.0038918777719817,-0.3511186621095167,-0.0037159458589681,-0.0038918777719817,0.3511186621095167,0.0823188510445376,0.5770254461439267,-0.0482617684610467,-0.1182505436878722,0.5173204840740308,0.6711381021417577
2026-07-21 18:03:38.019,Set_A,SubB1.mp4,0,0.9089388188111798,0.942902362489123,0.0470682939880592,-0.8932562951241231,-1.047947262322424,-0.0825315445887244,-0.890457444999379,0.1440071917693686,0.0427489404375161,-0.0084273216710148,-0.3647249269321641,-0.0427489404375161,0.0084273216710148,0.3647249269321641,0.0991749697359911,0.6040934021991557,-0.1227730006179063,-0.1200447656022189,0.5178648702608464,0.6936840118771634
2026-07-21 18:03:38.076,Set_A,SubB1.mp4,0,0.8909688342132809,0.9548504603992478,0.0576207326958141,-0.8580446200527517,-1.088132137722358,-0.0619274440964252,-0.8550499529084884,0.0560040272982412,0.0395245781889215,-0.0022815889668678,-0.3610728203227896,-0.0395245781889215,0.0022815889668678,0.3610728203227896,0.0707485215317239,0.6141617618526058,-0.1519642773065624,-0.1084593866824442,0.5141254478901467,0.6668587574824614
2026-07-21 18:03:38.132,Set_A,SubB1.mp4,0,0.8883143476370751,0.9526554723664896,0.0349441069420409,-0.8996506757252318,-0.9950012266062298,-0.1300163599268988,-0.8938289421325126,0.1150056998896316,0.0382849038320299,-0.0049702537687068,-0.3732707632546653,-0.0382849038320299,0.0049702537687068,0.3732707632546653,-0.0104875881255914,0.6578731804764639,-0.3548037598867635,-0.1013796111686146,0.5707736209842293,0.5105871615804897
2026-07-21 18:03:38.189,Set_A,SubB1.mp4,0,0.888949129303882,0.9822771030276458,0.0476778429619984,-0.927623229523558,-0.9279621129932908,-0.1463964705414666,-0.9079990005101116,0.1400879725526717,0.044407229540517,-0.0162925509778012,-0.3597561524421681,-0.044407229540517,0.0162925509778012,0.3597561524421681,-0.059824581991367,0.6824259501329627,-0.2566054039748051,-0.0550333865459347,0.6504383306895968,0.4187987097209348
2026-07-21 18:03:38.246,Set_A,SubB1.mp4,0,0.8821093991095154,0.9747157856175396,0.0275086838049926,-0.956163886360358,-0.9281381663052988,-0.1502321654533775,-0.9339635286227692,0.2859876370823608,0.0380893640631137,-0.0114637993471569,-0.3869589582053971,-0.0380893640631137,0.0114637993471569,0.3869589582053971,-0.0891983587219455,0.701581018022034,-0.116261105452453,-0.0551242364394019,0.6755328114432735,0.3886788992458809
2026-07-21 18:03:38.473,Set_A,SubB1.mp4,0,0.9070700511932768,0.9444070171902642,-0.0242379621261876,-0.9595761425546084,-0.9302017029608824,-0.0208478290525866,-0.9538231556111476,0.3497963297840173,-0.0029352297147133,-0.005661205746026,-0.3850134547556643,0.0029352297147133,0.005661205746026,0.3850134547556643,-0.1143650501506998,0.6709226011037588,-0.1143721478345785,-0.0489475827994356,0.6193821529346044,0.6318838853275174
2026-07-21 18:03:38.529,Set_A,SubB1.mp4,0,0.8859143402035415,0.9259974811966164,-0.0126497361167059,-0.9582458112035972,-0.9492376477618878,-0.0357772412737886,-0.9405948038014584,0.3230913815684032,-0.0048764476951356,-0.0062993817167856,-0.3833715897060664,0.0048764476951356,0.0062993817167856,0.3833715897060664,-0.1831565641531273,0.622754775385339,-0.1298733176610898,-0.0141683011147933,0.6140972893615317,0.7058554400354041
2026-07-21 18:03:38.585,Set_A,SubB1.mp4,0,0.8668391833402198,0.8856886445961043,-0.0438061585108957,-0.9240578076838316,-1.0117723129848573,-0.0459713179733949,-0.9231062246296856,0.2502442160354537,-0.024275695419584,0.0003587460866735,-0.3640111384576701,0.024275695419584,-0.0003587460866735,0.3640111384576701,-0.211232413606744,0.6289322593387037,0.1166290548690142,-0.0028732300214487,0.6249567004327491,0.958166044836546
2026-07-21 18:03:38.642,Set_A,SubB1.mp4,0,0.8288141131665568,0.9124155920310648,-0.0250215454700145,-0.9492938568748628,-0.8424633798739641,-0.0376193849710815,-0.980691190986109,0.3216622384902721,-0.015604673430827,0.0046381091621465,-0.3517488569984259,0.015604673430827,-0.0046381091621465,0.3517488569984259,-0.213763437838864,0.6719909210866172,-0.130425811119031,0.0060960205133842,0.6588375859974516,0.7517833189710967
2026-07-21 18:03:38.699,Set_A,SubB1.mp4,0,0.8358068911546073,0.9259793574130926,0.0017126721098566,-0.92577405401892,-0.9803249760127706,0.0065345160730696,-0.924336202031319,0.2207040018784366,-0.024810312654597,0.0005143185360082,-0.3480718643649452,0.024810312654597,-0.0005143185360082,0.3480718643649452,-0.1729728187538181,0.5912307809191291,-0.0588241218278072,0.0541354288599559,0.5789488198190486,0.8015731165329331
2026-07-21 18:03:38.756,Set_A,SubB1.mp4,0,0.7934830849201082,0.9355795486585636,-0.0254979057498083,-0.8673038622963422,-1.0956667482876852,-0.030612360238504,-0.8738125646597261,0.1131367355987825,-0.0177855520721718,-0.0035098696955263,-0.3804418385813657,0.0177855520721718,0.0035098696955263,0.3804418385813657,-0.1494178332026872,0.6057674322417631,-0.3187352236311306,0.081195496149677,0.5824741500994963,0.8527657267542215
2026-07-21 18:03:38.813,Set_A,SubB1.mp4,0,0.80072298965938,0.9239814440832826,-0.0120805314275906,-0.8707969266306915,-1.1495676258266407,0.0145143172451259,-0.8738677881736587,0.1717439660580458,-0.0162875453794009,0.000988794615514,-0.3970445137827044,0.0162875453794009,-0.000988794615514,0.3970445137827044,-0.1545695620077799,0.6211268817702905,-0.2622043693770038,0.0653585413535523,0.5653262629689206,0.8872486330159981
2026-07-21 18:03:38.871,Set_A,SubB1.mp4,0,0.7715117710511746,0.9914621094807752,0.0375764708254061,-0.8660920865525167,-1.0605880792054307,-0.1434142118436845,-0.8324398898918706,0.0099751640116035,0.0178768303165667,-0.0003612051766891,-0.3672384292299913,-0.0178768303165667,0.0003612051766891,0.3672384292299913,-0.1405526584571872,0.6062679030827557,-0.5460499348640422,0.0678134031767308,0.5442515946526228,0.5811451967297565
2026-07-21 18:03:38.927,Set_A,SubB1.mp4,0,0.7702978671023419,0.9669232707534752,0.0285114106017283,-0.8608629627792622,-1.080372845564863,-0.1281835149514555,-0.8217973733893082,0.0039344289800728,0.0189460321631324,0.0049635547819492,-0.3552426697212333,-0.0189460321631324,-0.0049635547819492,0.3552426697212333,-0.1535343663090158,0.5967090229243662,-0.5355367349284615,0.0895110444515885,0.5299258074978334,0.6931838846518201
2026-07-21 18:03:38.983,Set_A,SubB1.mp4,0,0.8402457595612994,0.93143865425976,0.1014964756813275,-0.9124714096112104,-1.010247119860118,-0.0849548073960027,-0.8726037386231955,0.1084527484171305,0.0480964445580389,0.0014160392788258,-0.391425732282695,-0.0480964445580389,-0.0014160392788258,0.391425732282695,-0.1002405901213939,0.6231169583676465,-0.4357812124474153,0.0711945292859193,0.6525011214985604,0.6113870240858047
2026-07-21 18:03:39.039,Set_A,SubB1.mp4,0,0.7918928967424108,0.921000115873133,0.0265843986224661,-0.8963509653834896,-1.0813543183685446,-0.0710080175717586,-0.8432652852084989,0.0955745038279341,0.0097856321658913,0.0063970333935522,-0.3635760377812452,-0.0097856321658913,-0.0063970333935522,0.3635760377812452,-0.1466694512692099,0.6036657768466365,-0.3855907949197164,0.1032093941328494,0.5560828324772176,0.7740749603628984
2026-07-21 18:03:39.095,Set_A,SubB1.mp4,0,0.8523572108406793,0.9108000546717272,0.0514463667141816,-0.9096867705249332,-1.1049785321677912,-0.0123818210879277,-0.8559397329715269,0.1663428139970624,0.009458372391832,0.0007433725469295,-0.4041055786617757,-0.009458372391832,-0.0007433725469295,0.4041055786617757,-0.1256448137360287,0.6337608149193107,-0.2838936706491708,0.0898062644813692,0.5812077001624955,0.7790730179164737
2026-07-21 18:03:39.153,Set_A,SubB1.mp4,0,0.8945454196183366,0.8978916689920222,0.100205228912844,-0.9908868185551172,-0.9490177816383544,0.0129675544806018,-0.9030878869805132,0.3165213501146635,0.0156916500792864,-0.0042200307170088,-0.4079405169203463,-0.0156916500792864,0.0042200307170088,0.4079405169203463,-0.0895910701028974,0.709189025308986,-0.3327658131466071,0.089450896553802,0.6386038559200768,0.6336788057309864
2026-07-21 18:03:39.209,Set_A,SubB1.mp4,0,0.9229904877947798,0.8642756836359285,0.1322307978857324,-1.00707325445419,-0.8550601549654232,0.0381541238962037,-0.9371799273093128,0.4181979986370683,0.0168461002188517,0.0043622151355971,-0.40061754518055,-0.0168461002188517,-0.0043622151355971,0.40061754518055,-0.0411563136687754,0.6833092939365358,-0.3567955213418777,0.0716910518926585,0.6425887603392746,0.5666534231140099
2026-07-21 18:03:39.266,Set_A,SubB1.mp4,0,0.8841684168562318,0.8808680501321935,0.0838645581477762,-0.9647202523409673,-0.9747156813426644,0.0177964110414763,-0.9164840826774716,0.3033474535783954,0.0159608152119153,0.0074855727261869,-0.4066897204626181,-0.0159608152119153,-0.0074855727261869,0.4066897204626181,-0.0813904299390543,0.6771844660395689,-0.3811255611810445,0.042385635215487,0.6355254015940616,0.7555093262299009
2026-07-21 18:03:39.324,Set_A,SubB1.mp4,0,0.8372179371276368,0.9515206398293856,0.0159721054823675,-0.9182123916674618,-1.0716028154024977,-0.0214791664964717,-0.8823946578152271,0.2010949603935768,0.0123932005508613,-0.0027148526472514,-0.4119685720401029,-0.0123932005508613,0.0027148526472514,0.4119685720401029,-0.1045294144419171,0.6867196638531293,-0.3227010200605417,-0.021485828711557,0.633524097135533,0.745382318294318
2026-07-21 18:03:39.379,Set_A,SubB1.mp4,0,0.8646790537245264,0.9581381153528497,0.0806439827577984,-0.9274305333619792,-1.0131633049148376,-0.04408390894276,-0.8902088076841957,0.1795863217369996,0.0271692975644756,0.002573009005221,-0.377895750825321,-0.0271692975644756,-0.002573009005221,0.377895750825321,-0.0893502567553494,0.7018169756413128,-0.3702341480333904,-0.0290942364650219,0.651137196014115,0.5675034943478718
2026-07-21 18:03:39.435,Set_A,SubB1.mp4,0,0.874894673605384,0.9632690753519616,0.0461786551159657,-0.9693953975451908,-0.9227189295766934,-0.0477999092160869,-0.9320954552041262,0.3027754576005645,0.0267565238246539,-0.0050247779065481,-0.3883004204544181,-0.0267565238246539,0.0050247779065481,0.3883004204544181,-0.0991115951373848,0.7021407162680561,-0.3710328604331276,-0.0605837206968199,0.6416770989176716,0.6243233880229787
2026-07-21 18:03:39.493,Set_A,SubB1.mp4,0,0.8797206063123921,0.9215222065205012,0.0232317487950136,-1.019415015335249,-0.7962314882931215,-0.0749209825490925,-0.9509613643279228,0.4571958772146267,0.0177487016032598,-0.0061561431147614,-0.3994815710533993,-0.0177487016032598,0.0061561431147614,0.3994815710533993,-0.1139698352903111,0.6604436518100922,-0.2940611036656507,-0.0640840081397749,0.6390836781804945,0.6497039121727051
2026-07-21 18:03:39.550,Set_A,SubB1.mp4,0,0.8101930766932706,0.8370902655522384,-0.0325089811772112,-1.0130438890865163,-0.8086686957273926,-0.1694225802380022,-0.9276113354152092,0.3692589278357692,0.040370183439461,-0.0107062756621133,-0.4163026397140075,-0.040370183439461,0.0107062756621133,0.4163026397140075,-0.1682516300945432,0.7122602640947439,-0.5362707627834156,-0.1440337911514764,0.6735502593854952,0.5299739315801631
2026-07-21 18:03:39.608,Set_A,SubB1.mp4,0,0.8359406888676947,0.8596654418797401,-0.0039192557764719,-0.973883730230608,-0.9225878925079832,-0.1148835108183379,-0.9089557629929778,0.2586591723828705,0.0403818727315238,-0.0011790669013304,-0.3875637223061712,-0.0403818727315238,0.0011790669013304,0.3875637223061712,-0.1402517878404224,0.6153769143021818,-0.3255080226296217,-0.1352363486395204,0.5584422583433334,0.4182019321550854
2026-07-21 18:03:39.665,Set_A,SubB1.mp4,0,0.8051500462162711,0.8426938743947583,0.0131810579940736,-0.9211817515675812,-1.0098912360931034,-0.1369058563850016,-0.8476849224777743,0.0847950985404455,0.0568797182613008,-0.0026326781565773,-0.373462606659502,-0.0568797182613008,0.0026326781565773,0.373462606659502,-0.1284929237902285,0.6073966110901818,-0.4765492457454274,-0.1496192167137725,0.5514360272934687,0.3782491903391471
2026-07-21 18:03:39.722,Set_A,SubB1.mp4,0,0.7839966345087981,0.8411295446684803,0.0387396575944467,-0.9089585655705132,-0.991530929908343,-0.1166129157136159,-0.8560935085008458,0.0542332549478746,0.0589580182800829,-0.0111528899406153,-0.3351002889283501,-0.0589580182800829,0.0111528899406153,0.3351002889283501,-0.0322553159619746,0.5933974658784592,-0.6264992850765064,-0.1687567121364382,0.5397949189432235,0.1786415128532875
2026-07-21 18:03:39.779,Set_A,SubB1.mp4,0,0.8478054505974233,0.876994957984591,0.05057936884844,-0.881994215052816,-1.039830604339635,-0.1168774892595992,-0.83361479527689,0.0140185928553314,0.0616872976136764,-0.0067634416313301,-0.3366358690029598,-0.0616872976136764,0.0067634416313301,0.3366358690029598,0.0181672256166632,0.6427011038684628,-0.4091407029288694,-0.1616111613484138,0.5491201517699349,0.2848821495289296
2026-07-21 18:03:39.836,Set_A,SubB1.mp4,0,0.7634156346714953,0.8114959467564625,0.0258883720430196,-0.7897643135294304,-1.1040581607314568,-0.1398822232803451,-0.7710876959942776,-0.1412315269500422,0.0585110322515759,-0.0051393525031087,-0.325824922942225,-0.0585110322515759,0.0051393525031087,0.325824922942225,-0.0553812236047786,0.5840601840967298,-0.6663378962533271,-0.1769292345372526,0.5838621050520696,0.2168244607184451
2026-07-21 18:03:39.894,Set_A,SubB1.mp4,0,0.7604713410039758,0.8906380463368707,0.022811243098363,-0.8344037284984952,-1.0531044068008188,-0.1801645003585986,-0.7908604088278155,-0.1017793260271041,0.0660074297741019,-0.0194889674021312,-0.3398780102593646,-0.0660074297741019,0.0194889674021312,0.3398780102593646,-0.142705004175573,0.5585520098311569,-0.6084395852685056,-0.1381153546632897,0.6241844105208528,0.4008296245823637
2026-07-21 18:03:39.950,Set_A,SubB1.mp4,0,0.7850903783410909,0.96406613574288,0.009883043285551,-0.8853086649229048,-1.011540285135592,-0.1414083001963065,-0.8697229529472389,0.0615060083483463,0.0416088330962093,-0.009606115588788,-0.3640503199820395,-0.0416088330962093,0.009606115588788,0.3640503199820395,-0.1842598622837959,0.5650388484381951,-0.4111852006013961,-0.0252729065490977,0.661360341884323,0.5336393100822715
2026-07-21 18:03:40.008,Set_A,SubB1.mp4,0,0.7925325027054294,0.9888357845559104,0.0524143420010738,-0.8959645192372453,-0.9876989083230704,-0.1663152704982608,-0.8453413503257925,0.0105190645313603,0.0611479200365231,-0.0136293939302427,-0.3630013740904967,-0.0611479200365231,0.0136293939302427,0.3630013740904967,-0.1605306482538693,0.6647200395801556,-0.5423308859976846,-0.0049922834823704,0.682248646534244,0.5280998570239229
2026-07-21 18:03:40.063,Set_A,SubB1.mp4,0,0.7677376829407494,0.7717585227420167,-0.0049349562525066,-0.7632284588476435,-1.0594040284543151,-0.2090778223550271,-0.7091269689982185,-0.2771467654497219,0.0652099498046603,-0.0251912951021373,-0.2904053499829132,-0.0652099498046603,0.0251912951021373,0.2904053499829132,-0.0624428005858798,0.5699483596307088,-0.5489197511585077,-0.1874748249001581,0.5888803756087057,0.0827454007726463
2026-07-21 18:03:40.120,Set_A,SubB1.mp4,0,0.7710096856485241,0.7661171840718688,0.023162275310893,-0.7652808313919408,-1.0710358427013829,-0.200778437600961,-0.6961148469861884,-0.282764426951078,0.0671215216746778,-0.0189795415280536,-0.2970331846330516,-0.0671215216746778,0.0189795415280536,0.2970331846330516,-0.0659388695456772,0.5805765154941791,-0.5493485674059175,-0.1857109125431839,0.5603235395912954,0.0917683582757014
2026-07-21 18:03:40.176,Set_A,SubB1.mp4,0,0.8037973045154648,0.8657190202796449,0.0439029902885543,-0.6978513029281687,-1.0972196734782929,-0.1508322933069305,-0.6676061298255325,-0.3602068678930641,0.0592629164750147,-0.0113753547421085,-0.2578841470340017,-0.0592629164750147,0.0113753547421085,0.2578841470340017,-0.0273481768900661,0.5096028754391723,-0.4134380962627393,-0.1094696845016354,0.5433160698171466,0.1853017629909442
2026-07-21 18:03:40.234,Set_A,SubB1.mp4,0,0.8343600673512326,0.8805506978753054,0.0717889661635635,-0.8103741105152539,-1.062295019669146,-0.1374009376055047,-0.7670096316982382,-0.1655305375677368,0.0716545691946989,-0.0063639715572533,-0.3003198119703844,-0.0716545691946989,0.0063639715572533,0.3003198119703844,0.0485331032985605,0.5895279812149758,-0.5151921531940691,-0.1416027684531295,0.5765120670513932,0.15302819076873
2026-07-21 18:03:40.291,Set_A,SubB1.mp4,0,0.8757371270893687,0.9262490169396672,0.0972489284118326,-0.803048037552219,-1.0307457153671196,-0.106163831864315,-0.8014538875467937,-0.1631948597244529,0.0624707345776009,-0.0044542250057444,-0.2937482149036254,-0.0624707345776009,0.0044542250057444,0.2937482149036254,0.1006700025385196,0.5473897197926743,-0.2757814787375798,-0.0839857564499182,0.5408936560725812,0.2538116205952388
2026-07-21 18:03:40.346,Set_A,SubB1.mp4,0,0.8948843329806072,0.959697341586083,0.1147353159016145,-0.8182678545375929,-0.9358305140999892,-0.1194574529694761,-0.820719943567145,-0.2103355729420658,0.0807116048393961,0.0041561863017768,-0.2652903290749865,-0.0807116048393961,-0.0041561863017768,0.2652903290749865,0.1057313124308181,0.6058169625451107,-0.199835390801178,-0.0929848521837964,0.6113222193488843,0.4439220133872432
2026-07-21 18:03:40.403,Set_A,SubB1.mp4,0,0.915427495912108,0.9702992170101956,0.1113893122607992,-0.8526273140242219,-0.8484987117231445,-0.1501035006485619,-0.8410420083335267,-0.2145090201968643,0.0820779229073504,-0.0032729048312907,-0.2346754586656236,-0.0820779229073504,0.0032729048312907,0.2346754586656236,0.1213978707831277,0.5767346527516702,-0.1532748560276941,-0.0841447506471294,0.5650722277832401,0.4231902096520353
2026-07-21 18:03:40.459,Set_A,SubB1.mp4,0,0.9029199737518492,0.9685139727489168,0.1266188551816666,-0.8595679348845396,-0.829334466476456,-0.1471919202119015,-0.8347206118532072,-0.2331922717228965,0.086018744801692,-0.0064020608260815,-0.2130930880066097,-0.086018744801692,0.0064020608260815,0.2130930880066097,0.1371296941757495,0.5712883553559671,-0.1069863090510848,-0.0686666379100634,0.5972208626106955,0.357384188991115
2026-07-21 18:03:40.516,Set_A,SubB1.mp4,0,0.9303416476052924,0.9795458900191346,0.1175252644675506,-0.8694244443889532,-0.7723931788440264,-0.1649222557344216,-0.8704544702681837,-0.2127844130399707,0.0855162403189959,-0.0096000164114675,-0.2042317095459559,-0.0855162403189959,0.0096000164114675,0.2042317095459559,0.1315055504100898,0.5480932908022433,-0.031546422321287,-0.0655759155063101,0.5621657221340394,0.3316336612584218
2026-07-21 18:03:40.573,Set_A,SubB1.mp4,0,0.8900814438529154,0.967296904810668,0.1206704499068286,-0.8849212806612451,-0.7186027873828367,-0.189988996841193,-0.8663453959331033,-0.244859700989749,0.0916303787324606,-0.0152046714183097,-0.1492612009492208,-0.0916303787324606,0.0152046714183097,0.1492612009492208,0.1352045105974803,0.5504149423800928,-0.0798796677210678,-0.067307930800824,0.6172289139009821,0.3026653607138274
2026-07-21 18:03:40.628,Set_A,SubB1.mp4,0,0.9164109941721976,0.9629218920761324,0.1309048870191939,-0.8960873846519262,-0.66930408256948,-0.2010167623175127,-0.8514254261063005,-0.3008934752392558,0.1036974379725666,-0.012130030047497,-0.1154130836570987,-0.1036974379725666,0.012130030047497,0.1154130836570987,0.1350743440817516,0.5474938903629158,0.0191541016463505,-0.0528220294368017,0.5820334202231496,0.2392304264293489
2026-07-21 18:03:40.686,Set_A,SubB1.mp4,0,0.916253938625446,0.947892828981202,0.1108902097529147,-0.8467722848748529,-0.6519438143588949,-0.2169042200845092,-0.8009365202720747,-0.4766910792425289,0.0926637058644984,-0.0224253095889246,-0.0725066670561789,-0.0926637058644984,0.0224253095889246,0.0725066670561789,0.1258420129825598,0.5032173826299561,0.0370635540685043,-0.0617222583583341,0.5466932796587596,0.2393918908275751
2026-07-21 18:03:40.742,Set_A,SubB1.mp4,0,0.9124505247424796,0.9384616570817886,0.1213936851891468,-0.8673473857009821,-0.5909901336700661,-0.2166700401942155,-0.8438724424342866,-0.4398586020684268,0.1028868041905936,-0.019145911063935,-0.0615651135821704,-0.1028868041905936,0.019145911063935,0.0615651135821704,0.1211676457250571,0.5322977868355837,0.0438913526122952,-0.0578053076427999,0.5687175344224531,0.2170265184263904
2026-07-21 18:03:40.800,Set_A,SubB1.mp4,0,0.9092689261123836,0.904830344536447,0.1177479034917549,-0.7936870929264795,-0.6851411750148453,-0.1926927828906693,-0.769556949105058,-0.5601103377747529,0.0941659078327396,-0.02032455292228,-0.061003039482264,-0.0941659078327396,0.02032455292228,0.061003039482264,0.1104125841862978,0.497970846537957,0.0902321823638744,-0.050153246828488,0.5399982216065334,0.1281463876781093
2026-07-21 18:03:40.856,Set_A,SubB1.mp4,0,0.9302745260978328,0.920305341164615,0.1161311966201347,-0.8076322779382974,-0.6388726744036834,-0.1942015043677357,-0.7958581432438353,-0.5539070605957596,0.0955650725373555,-0.0213163360366921,-0.0483363365227673,-0.0955650725373555,0.0213163360366921,0.0483363365227673,0.1046099982840787,0.5151609260091773,0.1486982398218113,-0.0558911676332331,0.5476704123321144,0.1764185639775576
2026-07-21 18:03:40.912,Set_A,SubB1.mp4,0,0.9484748045455872,0.9133269576273312,0.1277195111739437,-0.8096044596130584,-0.6060105556205918,-0.1832520941109267,-0.7868299178923329,-0.5974483803432911,0.098401296165821,-0.0209569646926374,0.0025919550907536,-0.098401296165821,0.0209569646926374,-0.0025919550907536,0.1143105018973456,0.5025573068228465,0.2826921445103453,-0.0472314920756701,0.5525746385339508,0.0344059836948344
2026-07-21 18:03:40.969,Set_A,SubB1.mp4,0,0.9700979367098628,0.8702622816488659,0.1251078952885771,-0.8056795275678812,-0.6211933414291751,-0.1827459817037097,-0.7728872603549656,-0.605511491471286,0.0944061040022121,-0.0165471878373698,0.0154408875162798,-0.0944061040022121,0.0165471878373698,-0.0154408875162798,0.1045636149166099,0.5180493460570937,0.4530234673079892,-0.043595171091939,0.5439980949283512,-0.1374886502342955
2026-07-21 18:03:41.025,Set_A,SubB1.mp4,0,0.9571538679632288,0.8641627985884208,0.1279525650398797,-0.810833309403733,-0.5653664182817516,-0.1913025931032146,-0.8024313824391557,-0.6150419042903339,0.0943002674952424,-0.0174576309852517,0.0268883880830865,-0.0943002674952424,0.0174576309852517,-0.0268883880830865,0.1039565484634984,0.5080435079675452,0.3628261383111684,-0.0548889813249878,0.5373543076391899,-0.15876375480232
2026-07-21 18:03:41.082,Set_A,SubB1.mp4,0,0.9514980863288732,0.877020927254006,0.1271707910749835,-0.7711828226983491,-0.606184197117793,-0.17488343501331,-0.7547307145254936,-0.6858341388687497,0.0877855794273444,-0.016989015382353,0.0472698522846115,-0.0877855794273444,0.016989015382353,-0.0472698522846115,0.0979063318247338,0.4887060668100242,0.3854417787198149,-0.0498167198757926,0.5184120877307868,-0.082133498543224
2026-07-21 18:03:41.138,Set_A,SubB1.mp4,0,0.9314777086965328,0.9091353334636916,0.1398542654770628,-0.8002772884259264,-0.5550218717301085,-0.1764605932277832,-0.8054332805443458,-0.6367639922008964,0.0918291295371814,-0.012162130771135,0.0439793789670229,-0.0918291295371814,0.012162130771135,-0.0439793789670229,0.1081050919964579,0.5317270640435838,0.261155849599842,-0.0451927197135813,0.5687558601383259,0.0243811115554005
2026-07-21 18:03:41.194,Set_A,SubB1.mp4,0,0.9316071368498302,0.8779548566172934,0.1406015457415597,-0.7913874252811666,-0.5427275172123067,-0.1663575473216553,-0.7898220927078498,-0.6816552205799038,0.0890420576913269,-0.0112901773702497,0.0662103165396403,-0.0890420576913269,0.0112901773702497,-0.0662103165396403,0.1006755523336657,0.4862968550556386,0.2338025231523137,-0.0450906199627906,0.5231490741596004,-0.1359821894685353
2026-07-21 18:03:41.251,Set_A,SubB1.mp4,0,0.8999907833254268,0.8918025259505747,0.1355666973531559,-0.7657949953451135,-0.6218154229416963,-0.1480585565395134,-0.7544405606692265,-0.6776951802023637,0.0869064575798668,-0.0098702548286457,0.0150237259886677,-0.0869064575798668,0.0098702548286457,-0.0150237259886677,0.0821127708007065,0.4879777658865524,0.0779066576076193,-0.0454888231834238,0.506688715904988,0.0454081544071611
2026-07-21 18:03:41.308,Set_A,SubB1.mp4,0,0.9227129787051784,0.91460159353618,0.1312388409387322,-0.7954742724674343,-0.5811119776800121,-0.1591974008230834,-0.7900195808697069,-0.6376692003660459,0.086417593420192,-0.0139761088732291,0.0138743615633488,-0.086417593420192,0.0139761088732291,-0.0138743615633488,0.0732837808604507,0.5146999757788568,0.1532521154844842,-0.0432827505680254,0.5518685279099369,0.1039359532360059
2026-07-21 18:03:41.364,Set_A,SubB1.mp4,0,0.9538692960440868,0.9474800118572628,0.1360557524992139,-0.8670261128437946,-0.4023563725179671,-0.1493452226687057,-0.865076043576186,-0.5974663666252611,0.0862862606549413,-0.0091534644431833,0.0474185469951509,-0.0862862606549413,0.0091534644431833,-0.0474185469951509,0.0348565316170066,0.5606174935812084,0.3771918282436413,-0.0562816263638342,0.5422802742140662,0.0658724395151353
2026-07-21 18:03:41.420,Set_A,SubB1.mp4,0,0.9484274570127366,0.8574456112499304,0.130083055787989,-0.7852740455777711,-0.4450587839550253,-0.1394717716851442,-0.7968980218785534,-0.7783149941580997,0.0777821622060876,-0.0029801916543556,0.0983880947586809,-0.0777821622060876,0.0029801916543556,-0.0983880947586809,0.0413209740452956,0.5192457030462265,0.3790842545575701,-0.0431567808152056,0.5269504294423611,-0.208217466917939
2026-07-21 18:03:41.477,Set_A,SubB1.mp4,0,0.94759524883289,0.8765762939729744,0.1382596128361562,-0.814417775115444,-0.3839036476524139,-0.13140488646424,-0.8112211526432662,-0.7811075494104631,0.0783790944919879,-0.0091627702553934,0.1144793009627984,-0.0783790944919879,0.0091627702553934,-0.1144793009627984,0.0397569672351418,0.5793580154253448,0.3455716973383979,-0.0521658669389018,0.5749530088494719,-0.1629594451583325
2026-07-21 18:03:41.534,Set_A,SubB1.mp4,0,0.9552459332888664,0.878688425406169,0.1475081495765907,-0.8508293592987656,-0.2970000118674027,-0.1164958465347367,-0.8640282045704948,-0.731737939556781,0.0769787432593838,-0.008435066824844,0.1079011412081249,-0.0769787432593838,0.008435066824844,-0.1079011412081249,0.0257634844227783,0.6176809750928182,0.3544026683944303,-0.0538866169578455,0.6124722071964592,-0.204935921418516
2026-07-21 18:03:41.591,Set_A,SubB1.mp4,0,0.955956553504156,0.8634440887130741,0.159395863293644,-0.8553232350366639,-0.3079331959711646,-0.1206033951777631,-0.8820488471117545,-0.6820331633505791,0.0756953155950782,-0.0044026724120987,0.1092939994186648,-0.0756953155950782,0.0044026724120987,-0.1092939994186648,0.0299233263603397,0.5926062745027147,0.4359762027377962,-0.0388335170797479,0.6224211631835056,-0.3042200178740215
2026-07-21 18:03:41.648,Set_A,SubB1.mp4,0,0.9628514355055716,0.8720349270742321,0.1435259947969992,-0.8455780847031467,-0.2833342011224623,-0.1068363364514657,-0.8717056399488244,-0.7411610297185318,0.0765289637232937,0.0006718283807272,0.1087450581688032,-0.0765289637232937,-0.0006718283807272,-0.1087450581688032,0.0204478418434203,0.6063905492538403,0.4019771779692145,-0.0410831706768111,0.6005969324652031,-0.2133308262445272
2026-07-21 18:03:41.705,Set_A,SubB1.mp4,0,0.9651859208315948,0.87076946964785,0.1642659901861325,-0.8980620651986071,-0.1591285542235358,-0.113657578375756,-0.9327448416324812,-0.6443544005139086,0.0841880268722494,-0.0017666376820575,0.1074431527710358,-0.0841880268722494,0.0017666376820575,-0.1074431527710358,0.0369688999963454,0.6292324840394715,0.2585735861680579,-0.0393509865683681,0.6692563136422733,-0.2814752617069637
2026-07-21 18:03:41.761,Set_A,SubB1.mp4,0,0.4877858976888374,0.4892851778865263,0.5020098623771997,-0.7567571519484287,0.2666475758152492,0.4258284508106505,-0.8532185520297985,-1.0063058057975411,0.0344586890892519,-0.0048257828408808,0.4390697040859553,-0.0344586890892519,0.0048257828408808,-0.4390697040859553,0.346753032112463,0.4840967650064363,0.4033340650167188,0.3420074548816862,0.6613851327713551,-0.6038697339967433
2026-07-21 18:03:41.858,Set_A,SubB1.mp4,0,0.9691196900504404,0.8341612720846656,0.1375211057374736,-0.799969404860194,-0.1766681606993477,-0.0885976905590613,-0.8462882161465533,-0.9579870048573448,0.0716872155631509,0.0002063121365354,0.2499868789188115,-0.0716872155631509,-0.0002063121365354,-0.2499868789188115,0.0301736709585564,0.6241862546295347,0.5042965007219434,-0.0217931955605831,0.6444906337368194,-0.4253033521386081
2026-07-21 18:03:41.914,Set_A,SubB1.mp4,0,0.9817201730175736,0.8052341708320767,0.1427689143103501,-0.8147453333084828,-0.1177344241626643,-0.0790949994105945,-0.8499295479262228,-0.98897383565451,0.0697050635664094,-0.0020256406460404,0.2807941832517724,-0.0697050635664094,0.0020256406460404,-0.2807941832517724,0.0496416330573051,0.5577277204841098,0.6944044984450836,-0.0008988206033616,0.6415628542456502,-0.5459066430899274
2026-07-21 18:03:41.971,Set_A,SubB1.mp4,0,0.9671573130189486,0.8063849057758787,0.1179069081960682,-0.7522445409528216,-0.2133051659380567,-0.0652635003683758,-0.7764189169623263,-1.0752664091198405,0.0574910963030965,-0.0080692530836053,0.2578334187253408,-0.0574910963030965,0.0080692530836053,-0.2578334187253408,0.0283843463898612,0.5673553863908697,0.55401258349555,-0.0148032583364324,0.6353874866029888,-0.4355103408294321
2026-07-21 18:03:42.028,Set_A,SubB1.mp4,0,0.9843986769386056,0.8374288474387201,0.1186445817994242,-0.7918225188079426,-0.0556255649708789,-0.0905112357157079,-0.8679211010286362,-1.0599279439429268,0.068390964204414,0.0024618039440477,0.3196979663352563,-0.068390964204414,-0.0024618039440477,-0.3196979663352563,0.0281878972246311,0.600527661218371,0.7318635854033331,-0.0141048847760647,0.6493124612473828,-0.4771821391731953
2026-07-21 18:03:42.085,Set_A,SubB1.mp4,0,0.9535430606185412,0.8183306829074246,0.1072866442553191,-0.7769284512107253,-0.076904170952798,-0.0472098216071348,-0.8118192710949738,-1.1364677630595854,0.0468019776634945,-0.0007789688183998,0.3458173630232221,-0.0468019776634945,0.0007789688183998,-0.3458173630232221,0.0175749102296948,0.5396549097598495,0.9208391291674533,-0.017171000472006,0.6256411336138044,-0.525054776863847
2026-07-21 18:03:42.198,Set_A,SubB1.mp4,0,0.9713400968454936,0.863276587296059,0.0881860418570872,-0.816602132475487,0.0375565398743853,-0.0389273094245827,-0.8465775755110395,-1.147244260010548,0.0501134137655987,-0.0085547340689203,0.3663000680960542,-0.0501134137655987,0.0085547340689203,-0.3663000680960542,0.045964800854866,0.5242544347610908,0.7359560222654737,0.0235984905947325,0.6006548398227634,-0.3752349975879185
2026-07-21 18:03:42.254,Set_A,SubB1.mp4,0,0.9342444246892035,0.8359368656668331,0.1182406059248441,-0.8304888777257508,0.0547388142356513,-0.0184901313285147,-0.8666620685856162,-1.1081753373599628,0.0547130804408507,0.0043367316639046,0.365740899680739,-0.0547130804408507,-0.0043367316639046,-0.365740899680739,0.0720653005275834,0.5702359254298139,0.8434477815755675,0.0257091362339315,0.6360184525683237,-0.4988831979260302
2026-07-21 18:03:42.760,Set_A,SubB1.mp4,0,0.911068804121248,0.7495147855805536,0.0717913690865287,-0.9357946831677882,0.3169937009250677,0.1094122137060471,-0.93031542967987,-1.0132682935326356,-0.0119807191059953,0.0007258065060192,0.4082579418890729,0.0119807191059953,-0.0007258065060192,-0.4082579418890729,0.0447032199216165,0.596264591051121,0.7407178908669071,0.1863116208238758,0.5137935516370857,-0.0842822969174412
2026-07-21 18:03:42.814,Set_A,SubB1.mp4,0,0.8628029330573215,0.6240102267030144,0.1328884935048379,-0.9565237473735252,0.4703668927288174,0.1861970291261196,-0.9565608717903368,-0.9585181696563594,-0.0105716610778552,-0.0029092394549087,0.4443269180026007,0.0105716610778552,0.0029092394549087,-0.4443269180026007,0.0960133130126734,0.5832648062233857,0.6192664994606287,0.2546138488952285,0.4562436141035989,-0.2385115198160119
2026-07-21 18:03:42.871,Set_A,SubB1.mp4,0,0.8385996471156301,0.7734489907969426,0.0962836743342524,-0.8879145182275309,0.2268877044119933,0.0782052419653404,-0.9080823121100444,-1.089412488697045,0.0175061395034749,0.0137138396225023,0.3923366378145384,-0.0175061395034749,-0.0137138396225023,-0.3923366378145384,0.1967176336286694,0.4980739713396478,0.3407477073024361,0.0039146021562104,0.5287395010932319,-0.7942319512112855
2026-07-21 18:03:43.055,Set_A,SubB1.mp4,0,0.9613739384629568,0.9353179817626646,0.0046778060861472,-0.9563669877357944,0.2925970706859422,-0.0127294294277444,-0.9559491451609744,-0.878243874847215,0.0067883521108515,-0.0150728965342887,0.3855360438489133,-0.0067883521108515,0.0150728965342887,-0.3855360438489133,-0.0296455922248374,0.6643456941693214,0.5530499679845152,0.0515174048820559,0.6877666217627404,-0.1917434601875089
2026-07-21 18:03:43.110,Set_A,SubB1.mp4,0,0.8265190905246852,0.9437238328042564,0.0993061746620823,-0.9461436889095064,0.3059710077309115,0.034937426753733,-0.9409421895454432,-0.9547279289385564,0.0494027439135581,0.0156342629146502,0.3206190934637205,-0.0494027439135581,-0.0156342629146502,-0.3206190934637205,0.1097356524855146,0.4033237813598475,-0.5988701486126,-0.1214227906969508,0.5444662501322648,-0.1068061851294555
2026-07-21 18:03:43.329,Set_A,SubB1.mp4,0,0.927168870416228,0.8525410203393016,0.0109375947762894,-0.945145353849594,0.5260863701770291,0.1437195244588634,-1.0464104445003566,-0.6250140080168904,-0.0526872458862702,0.0100637704853361,0.4080913840135475,0.0526872458862702,-0.0100637704853361,-0.4080913840135475,-0.0472969924667955,0.4777936472634486,0.5456167113490202,0.0989256757499445,0.512248187690713,-0.2275917897860128
