timestamp,subject_id,input_source,label,left_angle,right_angle,x11,y11,z11,x12,y12,z12,x23,y23,z23,x24,y24,z24,x25,y25,z25,x26,y26,z26
2026-07-21 18:05:52.438,Set_A,SubF.mp4,0,0.5537616952926929,0.5022960923279428,0.0550522548499437,-0.8996818556417924,-0.0093902643600664,-0.0425372040931531,-0.7443263667849593,-1.1295040846020254,0.0323669129871933,-0.0724636998643925,0.3772270446951791,-0.0323669129871933,0.0724636998643925,-0.3772270446951791,0.3802361691218971,-0.0209822482079128,0.0714507585233597,0.4016404776032835,0.0586055532394388,-0.8010453574582648
2026-07-21 18:05:52.494,Set_A,SubF.mp4,0,0.5032098728861106,0.473871796820691,0.1267136440580984,-0.9400648102723408,0.0977282443621774,-0.0149321566434342,-0.7787853185284243,-1.1141234105219535,0.0412293227085994,-0.0996013754904362,0.3943699965525503,-0.0412293227085994,0.0996013754904362,-0.3943699965525503,0.4547390745952414,-0.016785803009385,0.0745003385660541,0.4315386224069398,0.1010997356146237,-0.8165838752866085
2026-07-21 18:05:52.549,Set_A,SubF.mp4,0,0.4682779979756683,0.4816117001569177,0.1024257125520756,-0.9263694675437106,0.136016109447704,-0.0450681254177901,-0.8193780402725173,-1.1102212963316385,0.0406056885028574,-0.0672286766845746,0.4305284761578425,-0.0406056885028574,0.0672286766845746,-0.4305284761578425,0.4580123863243018,-0.0477105646504942,-0.0637165099896039,0.4008894129301592,0.0881206422063114,-0.8790933313253195
2026-07-21 18:05:52.603,Set_A,SubF.mp4,0,0.5148369369714728,0.5284368674896104,0.0682719910760902,-0.925783895898064,0.1078385562070096,-0.1012083810539952,-0.8346972669933436,-1.056322224658787,0.0553792481628807,-0.0643755966284078,0.3988415301318731,-0.0553792481628807,0.0643755966284078,-0.3988415301318731,0.4130883674253794,-0.0265806012963564,0.2161455727377969,0.4041352563162,0.1399245066689023,-0.6315476008847923
2026-07-21 18:05:52.657,Set_A,SubF.mp4,0,0.6408102177175828,0.5630872330109464,0.0036426670004567,-0.9209625171657996,0.1443789016815256,-0.1310753896487305,-0.8194094013718896,-1.1215516020594538,0.0463912668920196,-0.0656253514911928,0.4278468274467621,-0.0463912668920196,0.0656253514911928,-0.4278468274467621,0.3688377494543783,0.0555059217997182,0.3585340845985273,0.3821402630613539,0.1523845615102802,-0.5748941629347831
2026-07-21 18:05:52.712,Set_A,SubF.mp4,0,0.5261667726429544,0.5087763841752063,0.0620240340363912,-0.958745109975584,0.1663892269988854,-0.1008187977978202,-0.8538540308852826,-1.01077025524096,0.0631786451793711,-0.0812240036479707,0.3960971595026102,-0.0631786451793711,0.0812240036479707,-0.3960971595026102,0.4502225164140556,-0.0141900067036281,0.2035872550567191,0.4190650798232151,0.1317705032880872,-0.643375730493058
2026-07-21 18:05:52.766,Set_A,SubF.mp4,0,0.5288586872323888,0.516124202083669,0.0905794965220945,-0.937497369308112,0.1223363860872333,-0.0524595475173347,-0.8107385161374542,-1.0930156113353229,0.0519649063142877,-0.0758096101266265,0.3987916542527542,-0.0519649063142877,0.0758096101266265,-0.3987916542527542,0.433362852408199,0.0029136865047363,0.1895174675733442,0.3905145332123729,0.1530519809743214,-0.6802141443539037
2026-07-21 18:05:52.874,Set_A,SubF.mp4,0,0.6347012968550585,0.5285607545936805,0.0476176021148819,-0.893629284229244,0.0575593928204393,-0.0703579299784774,-0.8035014889497366,-1.115496071557674,0.0358248917888768,-0.0747976577428187,0.3807790819807248,-0.0358248917888768,0.0747976577428187,-0.3807790819807248,0.3750233344363426,0.0522626218259979,0.2839737030678289,0.4112199319916306,0.1524886970963831,-0.601665185434654
2026-07-21 18:05:52.929,Set_A,SubF.mp4,0,0.5220967566801784,0.4917922412766958,0.0932742371994463,-0.9211485046577778,0.0992686900510831,-0.0095046810694477,-0.7917378528684702,-1.1283473982489771,0.0422619843002414,-0.0738526486663575,0.4074721690587052,-0.0422619843002414,0.0738526486663575,-0.4074721690587052,0.4096087565901364,-0.0279252846777477,0.6411381680252761,0.3914658332612583,0.1268554206819679,-0.5009259919233996
2026-07-21 18:05:52.983,Set_A,SubF.mp4,0,0.4806085378326307,0.4857106703208167,0.1559933288919349,-0.8987949321834623,0.1398784193113457,0.045704661570413,-0.7939062064943473,-1.185861581586101,0.0354816589269676,-0.0666021666856854,0.4546126990614354,-0.0354816589269676,0.0666021666856854,-0.4546126990614354,0.3954706434964453,-0.0785222780494835,0.5493770408719048,0.386545484065047,0.0596210083517187,-0.5305909262007624
2026-07-21 18:05:53.038,Set_A,SubF.mp4,0,0.5403695264503856,0.4926062022932585,0.1391451671738021,-0.8475297294078667,-0.0309004209115576,-0.0234931780620897,-0.7423376551549242,-1.17696808058932,0.0470811732732254,-0.0631003577133932,0.3803843697247658,-0.0470811732732254,0.0631003577133932,-0.3803843697247658,0.3756069435183649,0.0352950922626355,0.166452904203684,0.3562380384537427,0.1476492280963006,-0.6738081398284557
2026-07-21 18:05:53.093,Set_A,SubF.mp4,0,0.5380947156672339,0.5121991773643423,0.1422592163173923,-0.8989777614291884,0.0792488528482202,-0.0210914470473999,-0.8005869600206187,-1.1265301566502948,0.0471573848204449,-0.070302789739767,0.4153506385502671,-0.0471573848204449,0.070302789739767,-0.4153506385502671,0.3743727914620131,-0.004915839954676,0.2384962010120252,0.373009259444317,0.1384227080002806,-0.6727366931351757
2026-07-21 18:05:53.148,Set_A,SubF.mp4,0,0.7566484695252127,0.8490727443461814,-0.163945433233609,-0.8076550277713764,0.9611327218480348,-0.3481476946163222,-0.6587309580735544,0.2988167886191362,0.0562580108239955,-0.0591617746116422,0.2911429216379126,-0.0562580108239955,0.0591617746116422,-0.2911429216379126,0.3334187655687729,0.1132430373854053,0.4648694286706716,0.3354358957954286,0.479013545911453,-0.4605480162101032
2026-07-21 18:05:53.203,Set_A,SubF.mp4,0,0.8090857648328198,0.6525006772503947,-0.0956695122883361,-0.5767625683497246,-0.4847004479289484,-0.1773563095300141,-0.3741567046043539,-1.253462213315649,0.0221021560537748,-0.0775883445373721,0.2549927031525572,-0.0221021560537748,0.0775883445373721,-0.2549927031525572,0.1761196131437942,0.2006570156344827,0.2707846676470731,0.1982279533304616,0.2552521031163449,-0.4139662382608286
2026-07-21 18:05:53.311,Set_A,SubF.mp4,0,0.4445901351541014,0.4348757892718105,0.2001986814032413,-0.916880506930367,0.1646247158269875,0.0817652258738954,-0.7936436381761094,-1.161922817700629,0.0337040294383749,-0.0674213030530742,0.4484474744422532,-0.0337040294383749,0.0674213030530742,-0.4484474744422532,0.4400130935001645,-0.0320520583726325,0.618544014519758,0.4296050903550049,0.0920312859988823,-0.7394774043026326
2026-07-21 18:05:53.365,Set_A,SubF.mp4,0,0.5387502685176593,0.5239409296249223,0.1664181607750212,-0.91498208822423,0.1555212705366578,0.0079501558161278,-0.8478707940278305,-1.0839314200421295,0.055145052947551,-0.0294187490778679,0.4201647182886309,-0.055145052947551,0.0294187490778679,-0.4201647182886309,0.3845210269678845,-0.0091010184901443,0.4707194331258444,0.3798549108808461,0.1334994808562187,-0.5496444304015312
2026-07-21 18:05:53.420,Set_A,SubF.mp4,0,0.4572626488935684,0.4428854523076506,0.2171519670436089,-0.8784102305906477,0.0280700600423602,0.0649523483372568,-0.7633520868312266,-1.134882441766133,0.0402255136958071,-0.0616411549893138,0.4005732684585848,-0.0402255136958071,0.0616411549893138,-0.4005732684585848,0.4180703985848824,0.0419707741764286,0.2633507363784794,0.3887044406573399,0.1485443917941245,-0.7340049483980835
2026-07-21 18:05:53.475,Set_A,SubF.mp4,0,0.5009615746499358,0.4863728493366929,0.185727625950163,-0.9205173789111348,0.0948546891851434,0.0129158264870257,-0.8080062372144713,-1.0811340042373716,0.0551453749938742,-0.0598188443949258,0.4176471915690005,-0.0551453749938742,0.0598188443949258,-0.4176471915690005,0.3970207345661253,0.0344798320591987,0.5760425855718847,0.3678927803734932,0.1750281810732462,-0.5534892635611394
2026-07-21 18:05:53.529,Set_A,SubF.mp4,0,0.5350858915854932,0.4916072319390423,0.1561527711478782,-0.9258111293826224,0.1254458130634671,-0.0163703555275505,-0.831216706070184,-1.0705987434019242,0.0452464509161747,-0.0597080458607594,0.4261564461740471,-0.0452464509161747,0.0597080458607594,-0.4261564461740471,0.3493436265256048,0.0507498528222747,0.7989071400486067,0.3614473226831113,0.177420545214731,-0.5254873732839793
2026-07-21 18:05:53.583,Set_A,SubF.mp4,0,0.786186352037689,0.6023510151455207,-0.0025048763429925,-0.8202614732562604,-0.127396890990953,-0.2149352367073311,-0.7136902763594205,-1.1374002576015214,0.0553167194487841,-0.0468330029639637,0.3268928331983377,-0.0553167194487841,0.0468330029639637,-0.3268928331983377,0.2244626257347798,0.2511065141709665,0.1312653180938746,0.2098902143001957,0.280155486386185,-0.9131502875383832
2026-07-21 18:05:53.638,Set_A,SubF.mp4,0,0.6642061223399149,0.6243015193707432,0.0877356263035938,-0.9878840645579888,0.2680726718436843,-0.1018351302552852,-0.9446700808891896,-0.7828888321409715,0.0574680190857876,-0.0434881167402844,0.3672746599904568,-0.0574680190857876,0.0434881167402844,-0.3672746599904568,0.2724460477200557,0.0782941738165705,0.2044661307181074,0.2163274707861586,0.2521909298631807,-0.9629135124417948
2026-07-21 18:05:53.692,Set_A,SubF.mp4,0,0.7407023488698524,0.5977425522030319,0.0221772901595881,-0.8955033664930021,0.0354111906644268,-0.1272484302639924,-0.7388498562031371,-1.183387496595827,0.0387948131249086,-0.0312227693652005,0.3933570882034651,-0.0387948131249086,0.0312227693652005,-0.3933570882034651,0.2208978244400988,0.1546611755743271,0.0749676520369486,0.2231753070506372,0.2187452353740542,-0.7076663923268878
2026-07-21 18:05:54.073,Set_A,SubF.mp4,0,0.4449987118140929,0.4692082311602032,0.2264025527492507,-0.8987263951450716,0.1551671849708788,0.1079739977546121,-0.8791186698397868,-1.0080794004902265,0.0338510991791043,-0.0470995448711286,0.422276590811428,-0.0338510991791043,0.0470995448711286,-0.422276590811428,0.3686383330946396,-0.0640965734911647,1.0385109824426595,0.3984478709243775,0.1751805510990463,-0.5356873820688189
2026-07-21 18:05:54.127,Set_A,SubF.mp4,0,0.459395972993669,0.5108921150543352,0.2151816651752184,-0.918255124259854,0.1531214355117728,0.0718204393899549,-0.8259292891441339,-1.0887765664300766,0.0477446647821592,-0.0646397616945974,0.4342279719613281,-0.0477446647821592,0.0646397616945974,-0.4342279719613281,0.3449122624405107,-0.0049579700768403,0.8859182854470881,0.3557726185089359,0.2483303649169555,-0.4964193823615754
2026-07-21 18:05:54.241,Set_A,SubF.mp4,0,0.4820909714157813,0.444175805594044,0.2558783883346208,-0.9022153418060694,0.1944743814757421,0.1596920052604773,-0.8210590616793687,-1.1205556836620687,0.0265889098332799,-0.0269941524243552,0.4476758565762958,-0.0265889098332799,0.0269941524243552,-0.4476758565762958,0.3667936777487801,0.0090491104112051,1.1028908845513052,0.3949560766442995,0.1562448627307902,-0.4055439683181392
2026-07-21 18:05:55.399,Set_A,SubF.mp4,0,0.8496635015566889,0.8751692175737762,-0.1196526782967244,-0.9864264141005163,0.0671844085933028,0.1700499758981552,-0.9451295375328256,-0.5834708776240989,-0.0512118865854011,0.0083394417521335,0.2271105200082886,0.0512118865854011,-0.0083394417521335,-0.2271105200082886,-0.0491696122096351,0.4882975918737696,1.05658156315671,-0.0345506409052883,0.4744091978120264,0.7045185830702413
2026-07-21 18:05:55.894,Set_A,SubF.mp4,0,0.9412936325629134,0.9506787073357668,0.0809089734180891,-0.8840735678389506,-0.040857297391412,-0.0490589982615014,-0.8623160738417587,-0.933364853102431,0.0460294989299186,-0.0091568761357442,0.2797231576477663,-0.0460294989299186,0.0091568761357442,-0.2797231576477663,0.0646199094910057,0.4838534939931188,0.6976849377011435,-0.0204492860526897,0.553449858624525,0.1274375665514756
2026-07-21 18:05:55.948,Set_A,SubF.mp4,0,0.9639082339061898,0.9247381495103548,0.1311677708583634,-0.7732021528220174,-0.1961238111109152,-0.0475801738868863,-0.8001220592717424,-1.0358112672402466,0.0557020316849525,-0.010376237156947,0.2647004999286952,-0.0557020316849525,0.010376237156947,-0.2647004999286952,0.0924917502159973,0.4453412083941016,0.6770714664686166,-0.0354838920952979,0.5422597139785778,0.0510951859326354
2026-07-21 18:05:56.002,Set_A,SubF.mp4,0,0.9221949008277746,0.8972310952666267,0.082180795440503,-0.8387829274678865,-0.0010897723107681,-0.0197579355019402,-0.8522037226622868,-1.0650563413334286,0.0502020381386174,-0.0105994092107922,0.3323185467731842,-0.0502020381386174,0.0105994092107922,-0.3323185467731842,0.1255600623616264,0.4199528744122639,0.7613746755127474,-0.0265281030572886,0.5445598194055628,-0.1625081313401775
2026-07-21 18:05:56.057,Set_A,SubF.mp4,0,0.9294759731665472,0.8703469674947901,0.0715262174591463,-0.8255443742263019,-0.01094286756133,0.01214570587705,-0.8144262563078329,-1.1307643366861926,0.0281942894030119,-0.0070175490526259,0.3584419825024466,-0.0281942894030119,0.0070175490526259,-0.3584419825024466,0.1084364544967848,0.4586677044330732,0.8324035144431304,-0.0295687212210658,0.5627142399577724,-0.3229621283372161
2026-07-21 18:05:56.112,Set_A,SubF.mp4,0,0.9078389493125965,0.8492744345598848,0.0810882760686937,-0.8394722237003461,-0.0315429601387228,-0.034154426501197,-0.8448887078191593,-1.0458267378459198,0.0624951363574245,0.0016796245787037,0.3209461516780635,-0.0624951363574245,-0.0016796245787037,-0.3209461516780635,0.1673082834185085,0.4325302901503304,0.6049169426625927,-0.0401506136297881,0.5424952541511897,-0.3872828440713332
2026-07-21 18:05:56.168,Set_A,SubF.mp4,0,0.8833176265820644,0.9361677870959472,0.0488746234671738,-0.842702271566963,-0.0645399461825906,0.0363519244345718,-0.823009991751376,-1.0391534402992024,0.0313588746476528,-0.0074778234920561,0.3266736193453469,-0.0313588746476528,0.0074778234920561,-0.3266736193453469,0.1424225192637563,0.4118937643560194,0.9379348809970686,-0.0412487048710038,0.5197790138434455,-0.0621498316891559
2026-07-21 18:05:56.223,Set_A,SubF.mp4,0,0.8873613747273501,0.8551828786497716,0.0604066643090769,-0.7454871779347811,-0.122059137959914,0.0106166657547968,-0.7423193779281434,-1.2126270944250388,0.0420846627906961,-0.0096143659541153,0.3408282605092385,-0.0420846627906961,0.0096143659541153,-0.3408282605092385,0.1237561451931966,0.3647758187694183,0.8362232941179882,-0.0631666645075215,0.4728214069982655,-0.2836193743474611
2026-07-21 18:05:56.277,Set_A,SubF.mp4,0,0.8505263655051155,0.9720923213789536,0.013754026424682,-0.8060081143703297,-0.0904103516719765,0.0275439054169071,-0.7478198062125619,-1.168125811512322,0.0280476135426549,-0.0089989944533127,0.3524736631963905,-0.0280476135426549,0.0089989944533127,-0.3524736631963905,0.1190892788308956,0.3331372863560503,1.083555159781345,-0.0644177940095398,0.4572501506110142,0.2986681610188271
2026-07-21 18:05:56.386,Set_A,SubF.mp4,0,0.8631019166755316,0.9796733953771156,0.0209485072982384,-0.7900519596685468,-0.1000307243429306,0.0143981634348406,-0.7571155234964074,-1.1668644536039696,0.0190401843731249,-0.0125199301331904,0.3386908912607231,-0.0190401843731249,0.0125199301331904,-0.3386908912607231,0.1286265930266685,0.325560113910464,0.9887535941903453,-0.0583901680649538,0.4161184576225553,0.2408932940943307
2026-07-21 18:05:56.441,Set_A,SubF.mp4,0,0.8648095539853569,0.9832269692164604,0.023247468567195,-0.7989223293891234,-0.0967369382446678,0.0115491537565572,-0.7505992938161742,-1.1672930986983143,0.0204432121618736,-0.0081777708710588,0.3416012559005793,-0.0204432121618736,0.0081777708710588,-0.3416012559005793,0.1301392674307108,0.3709983481267371,0.9839224893271492,-0.065615926248592,0.4214478042464067,0.222323211016177
2026-07-21 18:05:56.496,Set_A,SubF.mp4,0,0.8659816930393227,0.9683667732230524,0.0290218473841464,-0.8417494340231036,0.0235388306375009,-0.0106126926303238,-0.8383843400210613,-1.108348308996425,0.0272984043868564,-0.0018562278661699,0.3514648226976675,-0.0272984043868564,0.0018562278661699,-0.3514648226976675,0.1127262907029177,0.3664491920019631,0.9489493354327114,-0.0973928344819811,0.4277513460964143,0.2635508883810688
2026-07-21 18:05:56.605,Set_A,SubF.mp4,0,0.8862306498424389,0.9451663751469696,-0.0237896191766872,-0.8504211379587738,0.0524091913824648,-0.0305634921645857,-0.8287706129305559,-1.137471771620467,0.040032902225571,-0.0087905107703905,0.3325435853031491,-0.040032902225571,0.0087905107703905,-0.3325435853031491,0.1229994854096465,0.3806898954344227,0.9772668086603238,-0.1133097137707659,0.4524586074308964,0.4134896010230616
2026-07-21 18:05:56.660,Set_A,SubF.mp4,0,0.8848456048462398,0.96197014135754,0.0371468592890574,-0.8620287585303124,0.0466566392997555,-0.0197576502812276,-0.7997891817617465,-1.159337522901852,0.0473120794396982,-0.0124436829151413,0.347679525275058,-0.0473120794396982,0.0124436829151413,-0.347679525275058,0.1281875535109733,0.433141806675436,0.9805429757122588,-0.0979880070020946,0.5062755235709019,0.1730312003160143
2026-07-21 18:05:56.714,Set_A,SubF.mp4,0,0.902343853794889,0.9467181706873216,0.0371183849018604,-0.8511861063299825,0.0317069572810385,-0.0074861333764503,-0.7873414675667533,-1.1781577060049475,0.0392922548118728,-0.0114851986648802,0.3477877354981334,-0.0392922548118728,0.0114851986648802,-0.3477877354981334,0.1115433308239982,0.4813135188569494,0.9078215299819314,-0.0737070201393099,0.5617244342543853,0.0934268000975984
2026-07-21 18:05:56.768,Set_A,SubF.mp4,0,0.8932919178314533,0.9415863565358228,0.0370858479101826,-0.8920390330483016,0.1099336278803459,-0.0147491379824646,-0.8375052535465097,-1.1140141187260004,0.0289327527169007,-0.0064328674565854,0.3539088237244541,-0.0289327527169007,0.0064328674565854,-0.3539088237244541,0.0838721209550293,0.4822741748925677,0.9215580502670268,-0.0642538116029348,0.5796660284195195,0.0032404645419023
2026-07-21 18:05:56.823,Set_A,SubF.mp4,0,0.9021938139956732,0.9208891681095208,0.0206757866829491,-0.9010022850021158,0.1691743438783084,-0.0138779080649764,-0.8807246396584992,-1.077691242337398,0.0273781948509136,-0.0070900286289263,0.3847204590934787,-0.0273781948509136,0.0070900286289263,-0.3847204590934787,0.062022316983182,0.5544233358171247,0.8367715182672321,-0.005833522733601,0.6321101973013183,-0.2019489124453167
2026-07-21 18:05:56.878,Set_A,SubF.mp4,0,0.955410031406341,0.913782817661688,0.0206055852827885,-0.9061382181683404,0.1052620108765949,-0.0104332917323865,-0.8729591220324449,-1.0188862107172163,0.0138004064791117,-0.0076589525176266,0.3292464523962818,-0.0138004064791117,0.0076589525176266,-0.3292464523962818,0.0522753496896188,0.5160384934748141,0.6109725306598625,0.0226738342398976,0.5783473006545354,-0.0993934437854688
2026-07-21 18:05:56.933,Set_A,SubF.mp4,0,0.9091552523423946,0.916350366457495,0.0677165777394787,-0.915087394187053,0.1393009127663413,-0.0080271114718259,-0.8864066070406462,-1.0059360904260628,0.0316979081506561,-0.0023210903725754,0.3822796516418713,-0.0316979081506561,0.0023210903725754,-0.3822796516418713,0.0229018668228917,0.546546237918043,0.955932977782515,0.0115733622521963,0.6176351895800172,-0.2468044003489023
2026-07-21 18:05:57.208,Set_A,SubF.mp4,0,0.9441617047698933,0.9249649858848952,0.0441810352214927,-0.9274269616557425,0.2113503822714481,-0.0339107844123709,-0.9235940008408962,-0.9687247403971614,-0.0120527358572619,-0.0072538881227795,0.3554490094274878,0.0120527358572619,0.0072538881227795,-0.3554490094274878,-0.0311730822807685,0.5311819669905606,0.6866708665504194,0.0946177064764017,0.5207610936607848,-0.0053401317884395
2026-07-21 18:05:57.263,Set_A,SubF.mp4,0,0.916538516534817,0.9160645758758884,0.0445109067153232,-0.931199122169586,0.2167553891402671,-0.0634957264972969,-0.942073227354172,-0.9171055023890516,-0.0091888846773713,-0.0003619469047462,0.3539104771199011,0.0091888846773713,0.0003619469047462,-0.3539104771199011,-0.0630436942367611,0.5196460473071448,0.7475396433532777,0.1386370812757926,0.509491554647816,-0.0178295392017451
2026-07-21 18:05:57.317,Set_A,SubF.mp4,0,0.8874270916929018,0.9448292537832558,-0.0253732192596226,-0.9082273858280566,0.0955067589248676,-0.0700557068752189,-0.887205567385571,-0.9714712733724236,-0.0112347011502888,-0.0122142279043165,0.3372633574748047,0.0112347011502888,0.0122142279043165,-0.3372633574748047,-0.0811473628551114,0.4869272570133809,0.8458308745866943,0.1182827207479609,0.4886055427916353,0.074382854466881
2026-07-21 18:05:57.372,Set_A,SubF.mp4,0,0.8811801174946314,0.8472213065566917,0.0050930579214222,-0.9198697242947363,0.2185380342592501,-0.041512970262259,-0.9167492434077716,-1.0094263686405704,-0.023612393225954,0.0050971964902378,0.3774812687979303,0.023612393225954,-0.0050971964902378,-0.3774812687979303,-0.0808879896586127,0.4644627942739904,0.9135546483547722,0.1541232588136467,0.4897371184914674,0.0691502694674163
2026-07-21 18:05:57.426,Set_A,SubF.mp4,0,0.8855919860731526,0.8702266437345697,-6.27599493670965e-05,-0.8878131656082655,0.0723411063613234,-0.0430159953219189,-0.8729384055568417,-1.0199159717328588,-0.0086292485186925,0.0030758895704097,0.3429431851415851,0.0086292485186925,-0.0030758895704097,-0.3429431851415851,-0.0770312358274632,0.4440061021524148,0.9070792882207618,0.13212990701182,0.4757505735808587,0.1125932034358024
2026-07-21 18:05:57.535,Set_A,SubF.mp4,0,0.9051939630782018,0.91429502096199,0.0089880156799459,-0.8373917479290317,-0.0848742896208467,-0.0538386245393493,-0.8052747348055795,-1.055141170531007,0.0213662077794746,-0.0212662215083923,0.3206852306845559,-0.0213662077794746,0.0212662215083923,-0.3206852306845559,-0.0608687497339639,0.4066821329830158,0.952391531781474,0.0693749290217104,0.4678740402010115,0.3008141772371592
2026-07-21 18:05:57.589,Set_A,SubF.mp4,0,0.903684030817684,0.9881864778729824,-0.0509928684776177,-0.9312752906076772,0.0816909751500541,-0.1541797753667278,-0.8378024605684133,-0.9917833311841368,0.0361271627388163,-0.0144694778188262,0.352258232999744,-0.0361271627388163,0.0144694778188262,-0.352258232999744,0.0130468864002597,0.472546245349709,0.8156098263358769,0.0357750526334602,0.5130194290343041,0.0930294668126318
2026-07-21 18:05:57.644,Set_A,SubF.mp4,0,0.8825903937511673,0.9228640226823264,-0.0660731673328755,-0.9233723416030936,0.0894343331908039,-0.0365556376845207,-0.8872763197222356,-0.932653612869284,-0.0202066625451173,-0.012494976733208,0.3252331178398108,0.0202066625451173,0.012494976733208,-0.3252331178398108,-0.1028117458571612,0.4823739124202534,0.7335158015132119,0.0876496224719803,0.5349173386549438,0.0907053507266575
2026-07-21 18:05:57.698,Set_A,SubF.mp4,0,0.9145415095674329,0.9136811472932236,0.0094394571637385,-0.9277843493969165,0.1176227028088642,-0.1173700425008586,-0.9323748157175048,-0.8443680978335639,0.0177964506456099,-0.0147465146232074,0.3120576214832913,-0.0177964506456099,0.0147465146232074,-0.3120576214832913,-0.0970417937843478,0.5580919228363913,0.6722407420730431,0.0834780129719759,0.6350986559464877,-0.1523532242770825
2026-07-21 18:05:57.752,Set_A,SubF.mp4,0,0.929966873608224,0.8481536758580808,0.117540063294004,-0.9074961650967855,0.0412184364639875,-0.0753923469067765,-0.9021024849596186,-0.8918513159821618,0.0524474024945992,-0.0003249877591125,0.3075008714856066,-0.0524474024945992,0.0003249877591125,-0.3075008714856066,-0.0129625449321854,0.6496143351468253,0.3868550656121804,0.0084219576626889,0.6627821152396826,-0.506269512171771
2026-07-21 18:05:57.864,Set_A,SubF.mp4,0,0.9284103953940034,0.9109965653099986,0.0416712856198044,-0.9393971203726804,0.1169915587414181,-0.0417103958293547,-0.8852269095214321,-0.9359831020453524,0.0162735194930646,-0.0118895037032869,0.3167899201652079,-0.0162735194930646,0.0118895037032869,-0.3167899201652079,-0.0457356259409104,0.6081685325231393,0.4287027978573127,0.003890823194228,0.6474201263990298,-0.1776585514941918
2026-07-21 18:05:57.919,Set_A,SubF.mp4,0,0.9268548820730342,0.8923572349392372,-0.0342576291081407,-0.9542384575419924,0.215599182262198,-0.03452241340011,-0.885769846266036,-0.9963928474965316,-0.0071981454927236,-0.0182422441151473,0.3757597582551041,0.0071981454927236,0.0182422441151473,-0.3757597582551041,-0.0219523210950211,0.6521571302242156,0.542461938572342,0.0359537583117423,0.7038814254811873,-0.2491240576179099
2026-07-21 18:05:57.974,Set_A,SubF.mp4,0,0.901205933540215,0.9630542383172036,-0.0685547356804954,-0.9064129974416548,0.0232260017992894,-0.0909764465431075,-0.8409593976278379,-0.9830382307521428,0.0134689623587259,-0.0023395508996761,0.2979760303073808,-0.0134689623587259,0.0023395508996761,-0.2979760303073808,-0.0356076046807119,0.5458929157280227,0.6144787112982626,-0.0180931799210864,0.5677354302375581,0.0617438621728759
2026-07-21 18:05:58.029,Set_A,SubF.mp4,0,0.9597007075715815,0.9308059516517728,0.0107699273169313,-0.9688155743449872,0.2629310240121809,-0.1258403192940975,-0.9451872190592744,-0.8315716062175883,0.0410260713268732,-0.0005308918095878,0.3471533449411325,-0.0410260713268732,0.0005308918095878,-0.3471533449411325,-0.0053225777545739,0.6658471987417521,0.4699834169502679,0.003976999435342,0.6914825044781497,-0.2655636938657463
2026-07-21 18:05:58.248,Set_A,SubF.mp4,0,0.9410127349552296,0.9013371887077004,-0.0216790689210837,-0.9536266802156496,0.3867094306988752,-0.0366057776690993,-0.9837393991432438,-0.8798783178029878,0.0006095370558181,0.0055928499431078,0.3969094972530567,-0.0006095370558181,-0.0055928499431078,-0.3969094972530567,0.0392897261774216,0.6220822020304765,0.6408508183740228,0.0601005522499409,0.6529712368825819,-0.2569717020135467
2026-07-21 18:05:58.302,Set_A,SubF.mp4,0,0.9867077491206828,0.9055347840597516,0.0176433892410928,-0.9680890693882324,0.3111831509388304,-0.0403914946005374,-0.945489840094889,-0.8923012808263289,0.0132690717062981,-0.0069723624290703,0.3564262378832953,-0.0132690717062981,0.0069723624290703,-0.3564262378832953,0.0698730911348451,0.6468818674385265,0.3728362302712029,0.0245346181526583,0.6937360799455553,-0.2906937623368883
2026-07-21 18:05:58.356,Set_A,SubF.mp4,0,0.9457935138239476,0.9236055203162304,-0.1266607709177324,-0.9723818769420098,0.167475583590907,0.0397119077627267,-0.9476828958693418,-0.7204594562354392,-0.0459360554756806,-0.0180155493834162,0.2570824547009545,0.0459360554756806,0.0180155493834162,-0.2570824547009545,-0.0148999267690907,0.5569795988788514,0.4285033815035673,0.0851180776585955,0.5649859701387085,0.2676310206704069
2026-07-21 18:05:58.410,Set_A,SubF.mp4,0,0.8938415063676954,0.9454574651852172,-0.017512513815134,-0.9960036731504484,0.3848906860396897,0.0416673145478898,-0.9679322566272908,-0.7622131069605882,0.0156292041284433,-0.0064871049650572,0.3241008689259195,-0.0156292041284433,0.0064871049650572,-0.3241008689259195,0.1830945380543829,0.5513893257075987,0.5483757373221638,-0.0228687879179402,0.6424999534363309,0.0513445441744002
2026-07-21 18:05:58.464,Set_A,SubF.mp4,0,0.949265317081286,0.8239333640050993,0.0644578425280028,-0.9840558409968442,0.2413026593834733,0.1183959418410111,-0.8860958016956366,-0.9262094609824544,0.0066705892469223,-0.0212795262067147,0.356624132080189,-0.0066705892469223,0.0212795262067147,-0.356624132080189,0.0579599270559508,0.6749682353353363,0.5868321989587707,0.0632216376778666,0.6629399195558081,-0.0264426741249463
2026-07-21 18:05:58.518,Set_A,SubF.mp4,0,0.9532256622121716,0.8755254714566936,-0.0536580504124808,-1.023016760750405,0.1913044270300903,0.1145300232552839,-0.8824940626307659,-0.7957240700757452,-0.0192901801966468,-0.0171401846503482,0.3082520637976092,0.0192901801966468,0.0171401846503482,-0.3082520637976092,0.0549577407295661,0.5972037405299685,0.4680465556069427,0.0129320318027338,0.6171894021383116,0.1977433228337024
2026-07-21 18:05:58.573,Set_A,SubF.mp4,0,0.9114915987974184,0.9799561963240232,0.0712287209259307,-0.986856368874023,0.4486170155608499,-0.0275219586123184,-1.011376478073644,-0.3768172362611714,0.0478501092165771,-0.001098355903384,0.3309891825106837,-0.0478501092165771,0.001098355903384,-0.3309891825106837,0.1734912082041297,0.6683504960950336,0.3781564316214758,-0.0408120444013577,0.7786397955624812,-0.4361968571652186
2026-07-21 18:05:58.627,Set_A,SubF.mp4,0,0.8948453110048901,0.976664377711067,-0.0858869445106101,-1.0134562877385205,0.2042372002273456,0.0716273921028784,-0.8976320456043632,-0.7937607767922288,-0.0300695869693863,-0.0140379768642871,0.3068837562328141,0.0300695869693863,0.0140379768642871,-0.3068837562328141,0.0908971757133676,0.4985544480203332,0.785485107905884,-0.1145029886263306,0.5806219476574709,0.1850141210424149
2026-07-21 18:05:58.682,Set_A,SubF.mp4,0,0.8992091069709887,0.9756457897471436,-0.0578998311136823,-0.915803771002909,0.049112323226095,0.0060432237820475,-0.8513288781022296,-0.98428775743227,0.0086986394725666,-0.0163991391022956,0.30548532674888,-0.0086986394725666,0.0163991391022956,-0.30548532674888,0.1261133736285102,0.5361047182344089,0.825466904071465,-0.1231440019544242,0.5722594089321721,0.1901827186053347
2026-07-21 18:05:58.736,Set_A,SubF.mp4,0,0.9084541906567084,0.9687515984699074,0.0267289839961107,-0.9147176008710872,-0.0064141869978186,-0.0208939719638778,-0.8394998377071742,-0.9541518600923892,0.0270284215000896,-0.0108202780380737,0.2832952916143792,-0.0270284215000896,0.0108202780380737,-0.2832952916143792,0.0952660083967543,0.5082419073406983,0.765504160136524,-0.1325144931618414,0.5413645854234455,0.1355940374888883
2026-07-21 18:05:58.791,Set_A,SubF.mp4,0,0.9110190297313612,0.9691308818558356,0.0249192697368921,-0.929968112766743,0.0613879844493236,-0.0113558406156447,-0.8604170534840062,-0.9526438342813184,0.0179044744355468,-0.0055598772679296,0.2947735062057841,-0.0179044744355468,0.0055598772679296,-0.2947735062057841,0.0748048928560083,0.4786055887265178,0.7371719177648518,-0.1172396125829734,0.5352929620000161,0.2063189059529067
2026-07-21 18:05:58.845,Set_A,SubF.mp4,0,0.9089525102161908,0.9356616051792552,-0.0167238077176798,-0.9129588617811284,0.1488537425126051,-0.0134981878941594,-0.8533417934072256,-1.08654699004211,0.0169458837457263,-0.0115674368366557,0.3512545758770863,-0.0169458837457263,0.0115674368366557,-0.3512545758770863,0.0640122081494725,0.5109340074991296,0.8449056414974714,-0.1147089928378052,0.5598383213896583,0.0635269071554381
2026-07-21 18:05:58.899,Set_A,SubF.mp4,0,0.926593774481488,0.9492258224334188,-0.0103459117369373,-0.9059091017068226,0.0976476489449812,0.0006029619433001,-0.8302282930165935,-1.0904880296569608,0.0139811800602713,-0.0116186257718328,0.3445270329595448,-0.0139811800602713,0.0116186257718328,-0.3445270329595448,0.046807276168762,0.4777418553726896,0.7857993223393785,-0.0686855080199114,0.5377967976305208,0.0420002597584967
2026-07-21 18:05:59.007,Set_A,SubF.mp4,0,0.9482959155514552,0.9264301614864232,0.0022442515495968,-0.969057849515975,0.2913342238513712,0.0344184064660448,-0.8671658091759736,-1.0831287204015696,0.001477247291077,-0.019148727047083,0.4171623549272327,-0.001477247291077,0.019148727047083,-0.4171623549272327,0.0446165067306525,0.6018332752898823,0.6733289969006558,0.0186169544076965,0.6541114559634434,-0.1858655667903304
2026-07-21 18:05:59.062,Set_A,SubF.mp4,0,0.9759805970312944,0.9001901936513141,-0.0019317240523092,-0.9775042796641188,0.2715996374333416,0.0518768678387443,-0.8796694854000412,-1.012147467738424,-0.0138996569635561,-0.021453830404417,0.3817553609937148,0.0138996569635561,0.021453830404417,-0.3817553609937148,0.0568172932050022,0.5864519886605232,0.527640913590376,0.0559956131261391,0.6581738712996336,-0.1319355912813794
2026-07-21 18:05:59.336,Set_A,SubF.mp4,0,0.9236164572236806,0.821160857451828,-0.0466956145760509,-0.9892597755976404,0.1445144384482239,0.0712272058991958,-0.8389579917333639,-0.955080904718814,-0.0484572023179566,-0.0262000498418859,0.3673000666526091,0.0484572023179566,0.0262000498418859,-0.3673000666526091,0.016559437076124,0.5275744877171499,0.7470109402240295,0.1876961858886529,0.5413631016977795,-0.2157541202784699
2026-07-21 18:05:59.390,Set_A,SubF.mp4,0,0.9284423574966452,0.8156561498367233,-0.0270105989552963,-1.046865403854636,0.3264294329089718,0.0697164108631227,-0.8875103203075448,-0.8327561766242637,-0.037528521095886,-0.0298122849081748,0.3870842645467913,0.037528521095886,0.0298122849081748,-0.3870842645467913,0.008844341996528,0.5547973818964305,0.5911299783329925,0.2017268584398007,0.560564848778558,-0.1482987011884222
2026-07-21 18:05:59.444,Set_A,SubF.mp4,0,0.9653161609335998,0.8599721315266831,-0.0336597694882775,-1.0471838706029126,0.2852227513684266,0.0758904949563406,-0.8947736923563705,-0.7616861702073591,-0.0372386703102564,-0.0365490160077744,0.3622557774221036,0.0372386703102564,0.0365490160077744,-0.3622557774221036,-0.002331932827582,0.5473172222030833,0.4407884735843211,0.1392497031327587,0.6316181911344412,-0.0771917611053425
2026-07-21 18:05:59.499,Set_A,SubF.mp4,0,0.9815797843560752,0.8116326255172784,-0.0646658297211647,-1.0322809431702678,0.2802371424949139,0.0867434427916057,-0.913017572948394,-0.744269751465065,-0.0481982041317754,-0.0276279902949054,0.3543057840254741,0.0481982041317754,0.0276279902949054,-0.3543057840254741,-0.0334569383262976,0.6111052596667885,0.3913769107151136,0.2490738597645027,0.5935907532966793,-0.0904694977884288
2026-07-21 18:05:59.553,Set_A,SubF.mp4,0,0.995062735851087,0.8436838248565965,-0.0517689054675009,-1.002721377671935,0.1580491067338349,0.0569390622807726,-0.9026327763450908,-0.7659955001342651,-0.0269009838921282,-0.0305702121456917,0.3442823581042327,0.0269009838921282,0.0305702121456917,-0.3442823581042327,-0.0364805169340458,0.5870534495612952,0.3854182951357318,0.1909752463664189,0.6282676498321769,-0.1679755138006307
2026-07-21 18:05:59.607,Set_A,SubF.mp4,0,0.995468766188366,0.8402252552657734,-0.025055371774844,-0.992319531419758,0.2191798646237778,0.0492340312962575,-0.9078392850609164,-0.8427276691861141,-0.0223155258984645,-0.0221466391856077,0.3629163150056963,0.0223155258984645,0.0221466391856077,-0.3629163150056963,-0.0425265965455976,0.6436132368382004,0.4285376651799402,0.2086907556808944,0.6764383580797284,-0.2430827863251815
2026-07-21 18:05:59.662,Set_A,SubF.mp4,0,0.9787832194777708,0.8178909365815493,0.0081780959404933,-0.9751197723502631,0.3660599550519881,0.1104080591572938,-0.9616380577740716,-0.8507314224102414,-0.0389288619028746,-0.0190266228988117,0.4191165212747671,0.0389288619028746,0.0190266228988117,-0.4191165212747671,-0.048429890954424,0.5979209948761032,0.5426032045398904,0.1960112215338829,0.676543397000013,-0.2134593829678465
2026-07-21 18:05:59.716,Set_A,SubF.mp4,0,0.9424337140713224,0.8560152139405948,0.0096400951525647,-0.994178918039576,0.6852251603561097,0.0582032871146902,-1.0046150572058743,-0.6703954602570421,-0.0375022795081541,-0.0119503183296554,0.4463986494878608,0.0375022795081541,0.0119503183296554,-0.4463986494878608,-0.1085182480819638,0.7319642949403786,0.3593011270212101,0.1717081317496572,0.8085403379870342,-0.4341089017681487
2026-07-21 18:05:59.771,Set_A,SubF.mp4,0,0.979656957189784,0.8655372840924564,0.0360336128547616,-1.002873300072652,0.3772886655664232,0.1168610355106569,-0.9717961849630218,-0.6553240075108645,-0.0317279350314942,-0.0235637217386254,0.3694713277474304,0.0317279350314942,0.0235637217386254,-0.3694713277474304,-0.0939357646108066,0.6782221823880731,0.2532149342484389,0.0976205144630082,0.7342603133226117,-0.3197284931888649
2026-07-21 18:06:00.155,Set_A,SubF.mp4,0,0.8671361644666178,0.650052221586242,0.3337954932929529,-0.9166347853915648,0.6807013688483279,0.244177743581343,-0.9962631948817494,-0.762970770957037,0.0331535581819307,0.0611647773095081,0.4714313475939377,-0.0331535581819307,-0.0611647773095081,-0.4714313475939377,0.1467673858795126,0.9960210077857274,0.2561053797131471,0.1733332544806238,0.60060419194325,-1.275503161616053
2026-07-21 18:06:00.537,Set_A,SubF.mp4,0,0.8722142584793655,0.9221351023336682,0.1041612594051359,-0.9876345780055936,0.1511446590649603,0.1098216804770726,-0.8280829149099932,-0.9619351914219332,0.007106002543909,-0.0282467823142276,0.336656612711882,-0.007106002543909,0.0282467823142276,-0.336656612711882,0.0942947339509383,0.5677179101811258,0.8348046528006713,-0.0204782620364872,0.6822758256970938,0.1622180397706387
2026-07-21 18:06:00.646,Set_A,SubF.mp4,0,0.8815383164857967,0.9680807717362324,0.0186295493153445,-0.9904206877755248,0.3206455789175153,0.0182096291933948,-0.9225761936566464,-0.902956326334724,0.026221061447014,-0.0181741888546354,0.3582482093724225,-0.026221061447014,0.0181741888546354,-0.3582482093724225,0.109046857252401,0.5402555891591999,0.7884423657975332,-0.0935312685129192,0.6258457313878227,-0.0423414706974528
2026-07-21 18:06:00.701,Set_A,SubF.mp4,0,0.9029939457760252,0.9127738934062496,-0.009006682121307,-0.975779937717498,0.2748790788691858,0.0720474256259645,-0.9595443122638212,-0.7754246932667387,-0.0080348817400769,-0.006245080262156,0.3258357174054491,0.0080348817400769,0.006245080262156,-0.3258357174054491,-0.0944259754444684,0.5901904299757175,0.6220972907542751,0.0652301215551556,0.6094888475541008,0.1951064669068309
2026-07-21 18:06:00.754,Set_A,SubF.mp4,0,0.8514176821031323,0.7824966314351675,-0.0715299952691655,-1.0358254312548392,0.4409178050078252,0.1395553729640003,-0.962676220242219,-0.403989537339179,-0.0473247805073645,-0.0070633881896327,0.2645052153549457,0.0473247805073645,0.0070633881896327,-0.2645052153549457,-0.133381926293271,0.6251251848713053,0.5967691619169105,0.1201080603093036,0.553580655881585,0.5378253686482017
2026-07-21 18:06:00.810,Set_A,SubF.mp4,0,0.8743749670374964,0.8047389922547991,-0.0323292366311062,-1.0610163286329704,0.2975190965166397,0.1465512829579493,-0.9324196040816952,-0.4122644942235587,-0.037249364589829,-0.009955729523058,0.2431116090650317,0.037249364589829,0.009955729523058,-0.2431116090650317,-0.1196010925841596,0.6042987744266747,0.5827929934303886,0.0903541282265738,0.5871574914657142,0.4627116536600008
2026-07-21 18:06:00.865,Set_A,SubF.mp4,0,0.9024722084066826,0.8531275086191812,0.001506528825607,-1.0354191834937914,0.1685854961029597,0.0714506771868082,-0.9187053823163652,-0.5881977306578273,-0.0430237417879093,-0.0120992731823782,0.2402556162224141,0.0430237417879093,0.0120992731823782,-0.2402556162224141,-0.1292706703411567,0.6031258883424891,0.5529875520262246,0.0950349485723495,0.5762354179548931,0.4835682588687832
2026-07-21 18:06:00.920,Set_A,SubF.mp4,0,0.9010524813693916,0.865400022724756,0.0324060002288506,-1.0174283462039393,0.2304720268404306,0.0008259662800894,-0.9509912413928068,-0.5829205529650328,-0.0294891462611538,-0.0153109146723153,0.2425445771737565,0.0294891462611538,0.0153109146723153,-0.2425445771737565,-0.0986119258116234,0.5660692639805447,0.6434674631465993,0.0800669754648827,0.5327120991734476,0.5971479458157045
2026-07-21 18:06:00.974,Set_A,SubF.mp4,0,0.9087545096755054,0.9410171550729356,0.0589179857734057,-1.011880154031569,0.1319146273037095,-0.0097820350283572,-0.915190948967016,-0.6648148265269767,-0.0068312707005372,-0.0173881222552352,0.2792607100733389,0.0068312707005372,0.0173881222552352,-0.2792607100733389,0.0532038792085068,0.5337220011641152,0.6841152398018067,-0.0890819842363194,0.5648590074569863,0.1017555293049879
2026-07-21 18:06:01.028,Set_A,SubF.mp4,0,0.896011505443896,0.9517054806253232,0.0648078259934754,-1.00093083197055,0.2116473910000082,-0.0300378023571683,-0.9128936942854612,-0.7913600164941281,0.0057664939341994,-0.0193653896232535,0.3207980321973108,-0.0057664939341994,0.0193653896232535,-0.3207980321973108,0.0529119949313338,0.5576671933377494,0.84544983886434,-0.0774783253903365,0.6079901155735459,0.1538119332542044
2026-07-21 18:06:01.083,Set_A,SubF.mp4,0,0.9152819094532928,0.9728230314165944,0.0841845476793418,-1.0117883884789318,0.3060797775605779,-0.0596796563677008,-0.9319072106167628,-0.7766612565393344,0.0158324847930051,-0.0145822271142251,0.3527943782088069,-0.0158324847930051,0.0145822271142251,-0.3527943782088069,0.0258054936017104,0.6297838255239595,0.763626404881484,-0.0395621088889009,0.6869004834987451,-0.124829836799379
2026-07-21 18:06:01.137,Set_A,SubF.mp4,0,0.909196242820882,0.942913978752698,-0.035617230195547,-0.9856280033307862,0.0343066854252962,0.0897854383804183,-0.9270480165079668,-0.6163172079726351,-0.0660147935804098,-0.0187724148954486,0.2951298654296233,0.0660147935804098,0.0187724148954486,-0.2951298654296233,-0.0462465871323542,0.5933007784312152,0.7550517177111322,0.0430077110276296,0.6513114661933802,0.1489600550849091
2026-07-21 18:06:01.192,Set_A,SubF.mp4,0,0.9282004566224034,0.9190160494556906,-0.1969334208002616,-0.9448980799053114,0.3468756031404838,0.1306200158918217,-1.0522791124343431,-0.2638949142559998,-0.0894904461481219,0.0048550410576889,0.3971316849532912,0.0894904461481219,-0.0048550410576889,-0.3971316849532912,0.0486417970190808,0.7089633683658839,0.7434768950330337,0.0646167578110562,0.7489448277714132,-0.6113078080616027
2026-07-21 18:06:01.462,Set_A,SubF.mp4,0,0.8518676472570017,0.8084917106306168,-0.2284762940562941,-0.9352122724120616,-0.1259092105375595,0.136194393477978,-1.0126143731770143,-0.3184503393304064,-0.122372954578223,0.0156707041478579,0.151318119736887,0.122372954578223,-0.0156707041478579,-0.151318119736887,-0.0613123882585461,0.4838714778378493,0.943825916877355,0.1815677871620729,0.569997082473546,0.5448932702497202
2026-07-21 18:06:01.517,Set_A,SubF.mp4,0,0.823073477839837,0.7847501434808292,-0.1373451391350102,-1.008416295591304,0.1056841563788465,0.2284028651548746,-0.9669866030651956,-0.4048360885330468,-0.1097737713277115,0.0081758416001203,0.2457213917122072,0.1097737713277115,-0.0081758416001203,-0.2457213917122072,-0.0644729019087249,0.47284692223811,1.1008199793110989,0.1672560126057898,0.58442835703689,0.6060508518924697
2026-07-21 18:06:01.571,Set_A,SubF.mp4,0,0.845790390389821,0.8220880944994543,-0.1977382637347688,-0.930445726502173,-0.1327884194164882,0.1943135024536762,-0.961622722012848,-0.5153359954485353,-0.1001473574594908,0.0307708802843842,0.1630109696806507,0.1001473574594908,-0.0307708802843842,-0.1630109696806507,-0.0946227935263272,0.5255778101021539,0.989471028581781,0.1518729206567209,0.5540062867823936,0.7105447436890494
2026-07-21 18:06:01.626,Set_A,SubF.mp4,0,0.8178807295906367,0.856101842261441,-0.2059001121693518,-0.8918961519821262,-0.3751311169592028,0.1814878531760228,-0.9710691546325724,-0.3520306999432283,-0.1106730319283195,0.001861295293085,0.0143090593729174,0.1106730319283195,-0.001861295293085,-0.0143090593729174,-0.0672900034286166,0.5559280918591358,0.9231601549927186,0.1175263147064551,0.5754112449651537,0.930705946721442
2026-07-21 18:06:01.680,Set_A,SubF.mp4,0,0.8882788023567442,0.8531023330107291,-0.2182291217113606,-0.9559307961654644,-0.2946940093547512,0.2018865865485794,-0.9502125900982336,-0.3105747842796282,-0.1162057425102167,0.0018267997099768,0.0277526252146948,0.1162057425102167,-0.0018267997099768,-0.0277526252146948,-0.0745769191846104,0.6666195217769058,0.6818909829625025,0.1375340383733439,0.6341198302545598,0.7631272706466633
2026-07-21 18:06:01.735,Set_A,SubF.mp4,0,0.8615114104862992,0.8426189801478815,-0.1988498770168977,-0.8921981665551001,-0.4848384699871619,0.1644329925533686,-0.9131571845957775,-0.3751077691084657,-0.1055977030624844,0.0076988650412735,-0.0859062707234595,0.1055977030624844,-0.0076988650412735,0.0859062707234595,-0.0986585996847019,0.5731608505652047,0.6289511017087853,0.1115621908750854,0.5572903621757842,1.0811596194594228
2026-07-21 18:06:01.789,Set_A,SubF.mp4,0,0.7787599428919498,0.8443756065489045,-0.2217806622530489,-0.9138828176556724,-0.4347632013128195,0.1485377197962412,-0.9537628920390157,-0.276949503673746,-0.1241804010573782,0.0140944451041908,-0.0701811109144759,0.1241804010573782,-0.0140944451041908,0.0701811109144759,-0.1068540693982822,0.5803441513119115,0.8187411901117057,0.109315284798355,0.6018592348317526,1.0440898029212438
2026-07-21 18:06:01.844,Set_A,SubF.mp4,0,0.7729812751838726,0.8640602571722961,-0.2378212877760546,-0.908988532362896,-0.5322758559286969,0.1333027483583001,-0.9314392231616152,-0.2435472886171393,-0.1236422045254878,0.0049697838573159,-0.1604838861287688,0.1236422045254878,-0.0049697838573159,0.1604838861287688,-0.1138152182900225,0.6078261911130094,0.7116130648138098,0.0904108246731824,0.6076228964995501,1.1314064186158796
2026-07-21 18:06:01.899,Set_A,SubF.mp4,0,0.7703749872388266,0.8523239506096162,-0.2541739799879952,-0.9219501881803172,-0.5532670481199637,0.0996938722302355,-0.9550372445383912,-0.119825867994285,-0.1127631741298497,0.0026582078804592,-0.2110861570443359,0.1127631741298497,-0.0026582078804592,0.2110861570443359,-0.140107005601769,0.5945062921479013,0.4820675247098624,0.0663877205212068,0.6001763497554442,1.1254529124707982
2026-07-21 18:06:01.953,Set_A,SubF.mp4,0,0.7850497657068505,0.8427477710720545,-0.2542734432985665,-0.9714065116992652,-0.4895776014307899,0.1243446041465027,-0.9549663716515734,-0.0321560576781215,-0.1157961158911675,-0.0064728359383482,-0.1895658465750011,0.1157961158911675,0.0064728359383482,0.1895658465750011,-0.1693200030157903,0.5685722478117132,0.5529134051224982,0.0702970479638838,0.587918137456606,1.1127558238117226
2026-07-21 18:06:02.009,Set_A,SubF.mp4,0,0.7767259971531664,0.8357486901247418,-0.2505865507992437,-0.9626579772860012,-0.4394455614425708,0.1252549028618928,-0.9716832798035714,-0.0531149720418325,-0.1157278998244396,0.0130646244412824,-0.2004181253064739,0.1157278998244396,-0.0130646244412824,0.2004181253064739,-0.1681688712530257,0.5522440917864491,0.5301756537038613,0.062926063253806,0.5800454035896331,1.23038920062268
2026-07-21 18:06:02.064,Set_A,SubF.mp4,0,0.7002012908016366,0.8477526754815119,-0.3086126004169346,-0.940120965213745,-0.3622194012298328,0.0877916823771507,-1.038385549652597,0.1705162640945513,-0.1358008186968717,-0.0175188593148686,-0.2518457347190393,0.1358008186968717,0.0175188593148686,0.2518457347190393,-0.2065790721412648,0.5282031810433646,0.4395010566507647,0.0151475705978259,0.6001211585222063,1.0928142629029365
2026-07-21 18:06:02.118,Set_A,SubF.mp4,0,0.7344478315251555,0.8784745086963726,-0.2709222269795505,-0.9377101651115068,-0.5648102101441909,0.0692020568586989,-0.9846117790823136,0.051013250404933,-0.0993584639638445,-0.0065267278220626,-0.2790939981161524,0.0993584639638445,0.0065267278220626,0.2790939981161524,-0.1931163817091547,0.5291217627479902,0.3395672516124449,0.0276493115615049,0.6150014730887708,1.014874124515748
2026-07-21 18:06:02.173,Set_A,SubF.mp4,0,0.7700526011105653,0.8769755010764622,-0.2210738530533107,-0.9729713689559626,-0.474571256063618,0.115429913871236,-0.9744130583927264,0.0312505479595285,-0.0989025181538261,0.0026263875786823,-0.2781252595232145,0.0989025181538261,-0.0026263875786823,0.2781252595232145,-0.1685913657900325,0.5773803327328687,0.2880463397182051,0.0510627954352911,0.6299939595869324,1.010235344663491
2026-07-21 18:06:02.227,Set_A,SubF.mp4,0,0.8264155277101679,0.9047620302210114,-0.222196454589025,-0.9743592564280166,-0.503350704257814,0.1351226560451853,-0.9857321380947948,0.1154591231107514,-0.1049311805871392,0.0038117900091948,-0.285042230691288,0.1049311805871392,-0.0038117900091948,0.285042230691288,-0.1450124521793755,0.6236959026676916,0.0820397132706532,0.051178820583925,0.6498156109430852,0.8325869483871988
2026-07-21 18:06:02.282,Set_A,SubF.mp4,0,0.7757403997860361,0.930624081850044,-0.2532445600787006,-0.979708167971336,-0.5973563383551791,0.0500008050084693,-0.9999557189128656,0.3983013937004765,-0.1059798000307181,0.0103857989308001,-0.3680150967974811,0.1059798000307181,-0.0103857989308001,0.3680150967974811,-0.2043602512932213,0.6761103189438805,-0.2425538190917859,0.0032683861694357,0.7156647209559635,0.7145612590632556
2026-07-21 18:06:02.336,Set_A,SubF.mp4,0,0.8207539376176934,0.904296871309094,-0.2063643031087329,-0.932505634023212,-0.8084945161650545,0.0614492286050418,-0.9479192516886132,0.1429106594067496,-0.0938827413538379,-0.0049780822603568,-0.3423342910782748,0.0938827413538379,0.0049780822603568,0.3423342910782748,-0.1787285513662555,0.5664522726768458,0.0883296634935697,0.0054779165678985,0.5763889868151014,0.9686695047258942
2026-07-21 18:06:02.390,Set_A,SubF.mp4,0,0.8791352138619213,0.915942563923519,-0.1814413124841709,-0.943799437051868,-0.8267257977369232,0.0569785930528106,-0.9317252839507588,0.1434132394008647,-0.0806827970279322,0.0052440510081004,-0.3106047782225796,0.0806827970279322,-0.0052440510081004,0.3106047782225796,-0.1286422720592564,0.5825729845727128,0.2725803325353633,0.0132937505195905,0.5733534064915378,0.8969054136754887
2026-07-21 18:06:02.445,Set_A,SubF.mp4,0,0.8772824251114184,0.9026044324271648,-0.1694604529051482,-0.93722199297556,-0.936742071119525,0.0354709673939737,-0.9304246856825558,0.2339314981556861,-0.0747652601375918,-0.0040310826632614,-0.3508501756786756,0.0747652601375918,0.0040310826632614,0.3508501756786756,-0.1225317188967856,0.5543780402448031,0.2215873905944478,-0.0036787813987487,0.5615422213532277,0.8887935785529618
2026-07-21 18:06:02.500,Set_A,SubF.mp4,0,0.8668204730035923,0.8849824932294369,-0.1523495676513732,-0.9759625436281736,-0.8215772792043692,0.0411298825522001,-0.9889711637602896,0.465676018719006,-0.0694782301611298,0.0019302241051844,-0.3879733799190017,0.0694782301611298,-0.0019302241051844,0.3879733799190017,-0.1187122666278768,0.5890880828399838,0.2590066696382505,-0.0067924705132748,0.5765024806047783,0.8819309067548687
2026-07-21 18:06:02.554,Set_A,SubF.mp4,0,0.8659627647303956,0.8901226691374758,-0.1693425053034402,-0.9691792064740152,-0.8585223454804353,0.0202475614632842,-0.9733460941293838,0.4064535960219329,-0.0716066523442536,0.0088205903541722,-0.3725821937927023,0.0716066523442536,-0.0088205903541722,0.3725821937927023,-0.1449830693986514,0.5802077588579913,0.2393926859146029,-0.013620648961557,0.5960457517338065,0.8668135893489443
2026-07-21 18:06:02.824,Set_A,SubF.mp4,0,0.8714968018589322,0.8815885545425846,-0.0803263870827948,-0.9845926842637384,-0.9314895620192086,0.0246954572272176,-0.9670602999266,0.497950833709557,-0.0450606169323491,0.0071644998782467,-0.4498707607785844,0.0450606169323491,-0.0071644998782467,0.4498707607785844,-0.1312168622458483,0.5516314274871671,0.3189844756309026,0.0083621506617066,0.5998501730897055,0.9862778553618612
2026-07-21 18:06:02.879,Set_A,SubF.mp4,0,0.9121129802062262,0.888709913932903,-0.0113853470772124,-0.969369941809243,-0.8894482074792383,0.020057689649738,-0.9850068645159706,0.4647882383599861,-0.0297269534043568,0.0064035147948364,-0.3991826720928302,0.0297269534043568,-0.0064035147948364,0.3991826720928302,-0.108245194773974,0.5385831025326038,0.2460188923389129,0.0316677006022473,0.5722192866136425,0.842138705556569
2026-07-21 18:06:02.934,Set_A,SubF.mp4,0,0.9012790989826452,0.8990857352675843,-0.0025307894558025,-0.969995567247914,-0.869473165994354,0.0550991164309302,-0.9280735781120824,0.2413250222962213,-0.0370481542491375,-0.0004562179805341,-0.3356639437115369,0.0370481542491375,0.0004562179805341,0.3356639437115369,-0.1678573433746905,0.5368600887631826,0.1820447421282833,0.0548892603319739,0.5933939867533783,0.7547499370743082
2026-07-21 18:06:02.989,Set_A,SubF.mp4,0,0.8877175146619264,0.8945509995746881,-0.0099098114541554,-0.9598890498492127,-0.9169470802823794,0.0292129193628095,-0.9344979040962584,0.2759124020111747,-0.0250652919868121,0.0053327489745172,-0.3628362053254921,0.0250652919868121,-0.0053327489745172,0.3628362053254921,-0.1391988042820424,0.5038448747865188,0.1958658105245873,0.0787848400766048,0.5698426882145748,0.8721790671654697
2026-07-21 18:06:03.043,Set_A,SubF.mp4,0,0.821843003624773,0.931030475778538,-0.0937695915864395,-0.9784956163651628,-0.840959213029478,-0.0489001941404734,-0.9572423247032146,0.358710360517628,-0.0317428194822001,-0.0165663487499878,-0.3697248805333215,0.0317428194822001,0.0165663487499878,0.3697248805333215,-0.1701077874116732,0.6064484607141173,-0.1124221946306402,0.02692004807059,0.6519750789700969,0.7143055309319389
2026-07-21 18:06:03.098,Set_A,SubF.mp4,0,0.8288880563871348,0.8517196504007843,-0.0667674203114279,-0.9794206020944431,-0.8108736143114622,-0.0069387488704741,-0.9780449767454727,0.4072699618485033,-0.030269322987239,-0.0044778880923206,-0.3641492699770168,0.030269322987239,0.0044778880923206,0.3641492699770168,-0.1906718896861539,0.5038459894150031,0.1557438060350637,0.0516615791726127,0.5667176928011577,1.0462149421079665
2026-07-21 18:06:03.153,Set_A,SubF.mp4,0,0.865407894725496,0.8546312890520291,-0.0474624414816624,-0.9269987781693956,-0.9122163202583043,0.0011923722547713,-0.9611323170065258,0.2543257152763561,-0.0178775749242883,0.0092920370386616,-0.3494321809167331,0.0178775749242883,-0.0092920370386616,0.3494321809167331,-0.1366739296748838,0.5436403243866934,0.3776883332775221,0.0652532533520694,0.5132862223142469,1.0605810232156312
2026-07-21 18:06:03.207,Set_A,SubF.mp4,0,0.8142270359351285,0.8500118078978102,-0.079851637909522,-0.9454687808676996,-0.9042895481413596,-0.0481874555916858,-0.9393111332227368,0.2476232204096593,-0.0217808524638834,0.0038725344755142,-0.3599395003674885,0.0217808524638834,-0.0038725344755142,0.3599395003674885,-0.1790111897243523,0.5237709140203388,0.2700407119122995,0.0507879086346224,0.5418109586832435,1.1282477747027828
2026-07-21 18:06:03.261,Set_A,SubF.mp4,0,0.8586751467803195,0.8657734999783342,-0.0685418459788547,-0.9496259449412467,-0.9273998929107552,-0.0561037449837253,-0.9533556193477046,0.3248016497752773,-0.0143889370036859,0.0009705294410983,-0.3819678591178614,0.0143889370036859,-0.0009705294410983,0.3819678591178614,-0.1409217128868886,0.586406897875702,0.1374432258262701,0.0520867427822054,0.5513257703641571,1.0895327821353338
2026-07-21 18:06:03.316,Set_A,SubF.mp4,0,0.8433801436528953,0.8740711056617368,-0.0740961816062845,-0.9433732964937488,-0.9727856537347732,-0.0700355253339262,-0.9361456002121992,0.3044782633972451,-0.0211117341958506,0.0006493211684038,-0.3849629266607526,0.0211117341958506,-0.0006493211684038,0.3849629266607526,-0.1544980554212497,0.5680152827897953,0.2010310607109525,0.0716040517770595,0.5788382351959064,1.0954976837159622
2026-07-21 18:06:03.370,Set_A,SubF.mp4,0,0.8802264346224232,0.8644718036632897,-0.055790260824372,-0.9415815744430336,-0.960608821806346,-0.0501973389296002,-0.9236162470543078,0.2466034188996424,-0.0090163101893453,0.0038385518258828,-0.3756161753418214,0.0090163101893453,-0.0038385518258828,0.3756161753418214,-0.1284579456997029,0.5309665930317271,0.2275304422428316,0.0661374134508494,0.5003779371356185,1.1049511209603955
2026-07-21 18:06:03.425,Set_A,SubF.mp4,0,0.8794608955197165,0.8843367805782236,-0.06679806885083,-0.9109641949885848,-0.9997623371457772,-0.0259081649299592,-0.9155413197175724,0.1902667170426307,-0.028173901541635,0.0067590421827745,-0.3674569906174712,0.028173901541635,-0.0067590421827745,0.3674569906174712,-0.125589724256289,0.5018713239772596,0.1783652619429991,0.0741715353963414,0.5101361174606756,1.0443744758688889
2026-07-21 18:06:03.479,Set_A,SubF.mp4,0,0.8516683839188883,0.9071278021500092,-0.0595483939498626,-0.9216963047375182,-0.9852165472706472,-0.0600727733713202,-0.9190935970190662,0.2124401799303265,-0.0163871506356849,0.0090004107943607,-0.3778642400158203,0.0163871506356849,-0.0090004107943607,0.3778642400158203,-0.1155516462173169,0.5443373648974952,0.0844366641262529,0.0824628739411446,0.553744081628945,0.9465352674855791
2026-07-21 18:06:03.534,Set_A,SubF.mp4,0,0.8562384124172369,0.8912190917658422,-0.0447100493951531,-0.9313607633689448,-0.99692848560351,-0.0666837686219243,-0.9116518554799308,0.2282309481602132,0.0012211061043754,0.0061622136791303,-0.3792875238067766,-0.0012211061043754,-0.0061622136791303,0.3792875238067766,-0.0987242618105585,0.5657286691886851,0.1109342588360027,0.0426036800566804,0.530280995912874,0.98909148292187
2026-07-21 18:06:03.588,Set_A,SubF.mp4,0,0.883076491471395,0.8951645942804635,-0.0003680273920673,-0.872880145537801,-1.0149233127446995,-0.0394748550170501,-0.9092103345157796,0.1079690329578232,0.0034326293204037,0.0104176975016194,-0.3543937781560238,-0.0034326293204037,-0.0104176975016194,0.3543937781560238,-0.0639993137956017,0.5439718104584236,-0.019272166828038,0.0801416907566943,0.5478982003089945,0.9108586472299004
2026-07-21 18:06:03.642,Set_A,SubF.mp4,0,0.8936045536261231,0.9117273199463496,-0.0268600977099459,-0.8872366163204676,-1.0282618607854006,-0.0207630227524954,-0.9145215232595336,0.1614287483268186,-0.0008238002255213,0.0136475178151816,-0.3558327420839368,0.0008238002255213,-0.0136475178151816,0.3558327420839368,-0.0578912302165163,0.592255562037843,0.1186725509210578,0.0399348479623495,0.5627131485501993,0.8242811397561497
2026-07-21 18:06:03.696,Set_A,SubF.mp4,0,0.9475532111912132,0.9062387202108692,0.0179858001963998,-0.8715132305694235,-1.0512093928806814,0.0014300323153932,-0.9180743718956093,0.158461254517274,0.0082040932685486,0.0172745508400203,-0.3661309027901877,-0.0082040932685486,-0.0172745508400203,0.3661309027901877,-0.0322370583485612,0.5919845067403245,0.1889201653287241,0.0106345493798924,0.540483253779144,0.89422468826045
2026-07-21 18:06:03.750,Set_A,SubF.mp4,0,0.9258138146991725,0.9312965165530672,0.0367538544491572,-0.8848603659901216,-1.0396376088972836,-0.0109691775234869,-0.9208066340311876,0.1800436143452717,0.0247570413739157,0.0162075976510957,-0.3792394711380747,-0.0247570413739157,-0.0162075976510957,0.3792394711380747,-0.0526570944854153,0.6397595046936885,0.0715299075480354,-0.0275965022762905,0.5852082933355496,0.8204472317248341
2026-07-21 18:06:03.859,Set_A,SubF.mp4,0,0.9085660220097144,0.9641534876135844,0.1079535236232333,-0.9573815882157812,-0.7599059774076393,-0.0651179113333379,-0.983862233878775,0.2805965434305176,0.0484657549653353,0.0143088629137509,-0.3913385494405087,-0.0484657549653353,-0.0143088629137509,0.3913385494405087,-0.0667498555822132,0.7244472150447613,-0.2258907244970995,-0.1165525311613072,0.6485724213913883,0.5766475355392836
2026-07-21 18:06:03.913,Set_A,SubF.mp4,0,0.8908418093449484,0.8996769608036317,0.0683847149516314,-0.8740894512714656,-0.9466841822852882,-0.0304228673196739,-0.9159993853647992,0.0555383720642043,0.0490699588021126,0.028769279169926,-0.3476087324102269,-0.0490699588021126,-0.028769279169926,0.3476087324102269,-0.0378626163701336,0.6094031381183477,0.0634892581996657,-0.1435788507976305,0.4952624291206426,0.854088486987177
2026-07-21 18:06:03.967,Set_A,SubF.mp4,0,0.9335671261397208,0.9257390120570992,-0.0010851544768126,-0.8618030974433755,-0.9629993339533937,0.0536492311871644,-0.909414180777538,0.0356232661301572,0.0018957384308672,-0.0020976448354811,-0.3291308635295862,-0.0018957384308672,0.0020976448354811,0.3291308635295862,-0.0281254512251404,0.5508297004549599,0.2241824752204997,-0.050657984104889,0.5187728061150697,0.8364464749986786
2026-07-21 18:06:04.021,Set_A,SubF.mp4,0,0.8987395534104488,0.8890924327957953,0.0266459206927449,-0.9275967002540608,-0.7439634685879947,0.0129129239002265,-1.0073252716754506,0.239471585245081,0.0037062591260791,-0.007491225525586,-0.3516204175086261,-0.0037062591260791,0.007491225525586,0.3516204175086261,0.0107982586021105,0.5561821976632216,0.2272079963506324,-0.0793441385461179,0.5509609657657208,0.9042285700409208
2026-07-21 18:06:04.076,Set_A,SubF.mp4,0,0.9651852225971586,0.9070740344382932,0.0273125608002067,-0.852994733630025,-0.9662521751509644,0.00472593197483,-0.9534257595186716,0.108453517590157,0.0282445487256843,0.0161624937763663,-0.3359655120057141,-0.0282445487256843,-0.0161624937763663,0.3359655120057141,0.0493800498257045,0.507862499609224,0.178606484561585,-0.1675637210946857,0.4289001041904861,0.8298280210719065
2026-07-21 18:06:04.131,Set_A,SubF.mp4,0,0.9419597830866012,0.93634420569657,0.070176008174235,-0.7676596208835469,-1.0798454554204884,-0.1235977747124223,-0.8438981145546954,-0.10338224042216,0.0602855585255207,0.0099901544513092,-0.2906226702105187,-0.0602855585255207,-0.0099901544513092,0.2906226702105187,0.0824073531882216,0.51891881374892,0.0740521938952258,-0.1351815387008592,0.4323827146967213,0.5394035968570594
2026-07-21 18:06:04.186,Set_A,SubF.mp4,0,0.9865842999864438,0.9206852648570076,0.0570472400947377,-0.6995682165419126,-1.113275852212877,-0.1077458681550486,-0.7951534718464193,-0.2145933896081458,0.0550428616405639,0.0118192293659033,-0.2653747319788153,-0.0550428616405639,-0.0118192293659033,0.2653747319788153,0.0670585303940343,0.4228570614097746,0.422995341410429,-0.120657554963143,0.4010269961147849,0.7604741199188769
2026-07-21 18:06:04.240,Set_A,SubF.mp4,0,0.9625869079429626,0.9396670359245636,0.0716684087678247,-0.7322844517686492,-1.1412691410425453,-0.1220185029916788,-0.7935083256423445,-0.1507917199125782,0.0619737897116154,0.0075381375904732,-0.3123954070465959,-0.0619737897116154,-0.0075381375904732,0.3123954070465959,0.0807210544173297,0.4611390613563698,0.1455528330396547,-0.1237215946841943,0.4446822592919796,0.4409593402258784
2026-07-21 18:06:04.295,Set_A,SubF.mp4,0,0.9599755002450892,0.9324381113479596,0.085143736676529,-0.7562134034940133,-1.0743639439257184,-0.1425444760523138,-0.8282419286173109,-0.1447367310241017,0.0722778257314383,0.0109023058316826,-0.2589929654798915,-0.0722778257314383,-0.0109023058316826,0.2589929654798915,0.0968592527066938,0.4846698919351909,0.3692504528509828,-0.1242455534063985,0.4546989921751508,0.438097613567518
2026-07-21 18:06:04.349,Set_A,SubF.mp4,0,0.9703036779904676,0.8957145536354584,0.08608783312035,-0.7279645014015942,-1.0951983128909244,-0.1544978096389734,-0.806150063183714,-0.1861340319126988,0.0748858715483581,0.0128410515055814,-0.2425663193059444,-0.0748858715483581,-0.0128410515055814,0.2425663193059444,0.1198017476773848,0.4602436108664204,0.4610416952591479,-0.1291005994829925,0.4509288254559367,0.2086658620698244
2026-07-21 18:06:04.404,Set_A,SubF.mp4,0,0.9603159690519988,0.90180487149871,0.09586169824182,-0.7575498742528995,-1.0784649296009985,-0.1422304390333493,-0.8202407724925095,-0.1497152749781637,0.0788424636414852,0.014671875254143,-0.274488717757464,-0.0788424636414852,-0.014671875254143,0.274488717757464,0.1138709103024204,0.4389677091036808,0.3562160575767645,-0.1279486711763394,0.450805869805862,0.2664024429262244
2026-07-21 18:06:04.458,Set_A,SubF.mp4,0,0.9489877061736623,0.937846101061907,0.1080633041558609,-0.7242910456753953,-1.0372752451863294,-0.1152312417528158,-0.8015728494826728,-0.2556624927282439,0.0768756430295967,0.0108523416496505,-0.2469471816319293,-0.0768756430295967,-0.0108523416496505,0.2469471816319293,0.1149627031823567,0.4001278041782041,0.4506082355991596,-0.1166193514575502,0.4296396139305927,0.4141453613404877
2026-07-21 18:06:04.512,Set_A,SubF.mp4,0,0.9440539211614564,0.9286923480071484,0.1071555841368803,-0.7943671675954623,-1.0593589319283676,-0.0999188940447939,-0.8797129417404658,-0.0349003690795416,0.0763711415745888,0.0086724124055698,-0.287636960642006,-0.0763711415745888,-0.0086724124055698,0.287636960642006,0.1290266502018886,0.5046852559212811,0.3285907498638647,-0.1139809582335878,0.5398197623282619,0.1922406007112083
2026-07-21 18:06:04.566,Set_A,SubF.mp4,0,0.9413484898429894,0.9608908264694488,0.0888929302845624,-0.7895956289767725,-1.0610844169154017,-0.0827826984406405,-0.8661170174860647,-0.0607793437123504,0.0673427202423973,0.008726614302174,-0.2711080787459418,-0.0673427202423973,-0.008726614302174,0.2711080787459418,0.104463415669935,0.4818994746147196,0.3693551622521859,-0.1083240003682748,0.5168184092547433,0.3350700474008179
2026-07-21 18:06:04.621,Set_A,SubF.mp4,0,0.9313990758115464,0.929356248296727,0.0894112003890748,-0.7752035045635337,-1.1189758200431026,-0.055911546857322,-0.8560489927145534,-0.0376974541952441,0.0555690612118624,0.01547477345423,-0.2967949420183455,-0.0555690612118624,-0.01547477345423,0.2967949420183455,0.0860050497045888,0.5132679661397251,0.3816225272642116,-0.0832505400297358,0.5083731762594333,0.2781977504016996
2026-07-21 18:06:04.675,Set_A,SubF.mp4,0,0.9673538536261128,0.936594176230538,0.0850142440833494,-0.7871101020390364,-1.1182763795928776,-0.0297804837322256,-0.8575024284525635,-0.0184728699197362,0.0484267640526885,0.0128592161441606,-0.3078398329034886,-0.0484267640526885,-0.0128592161441606,0.3078398329034886,0.0388438046893368,0.4901170746531018,0.309921138143888,-0.0673305288722641,0.4658208106344913,0.2913021863676558
2026-07-21 18:06:04.730,Set_A,SubF.mp4,0,0.9458136672538788,0.9487870327895096,0.1115250832357858,-0.8390769827255179,-1.0487138024507563,-0.0129873816898776,-0.903799814451562,0.0726652425748591,0.0382429924159574,0.0176041820760372,-0.3520805233481336,-0.0382429924159574,-0.0176041820760372,0.3520805233481336,-0.0165432323488186,0.5679551623431528,-0.0609790176220353,-0.0340445487450793,0.5160560706082944,0.4445849123923885
2026-07-21 18:06:04.785,Set_A,SubF.mp4,0,0.9558604783155884,0.929698032932742,0.0987366859385347,-0.8375642820827364,-1.016763148981363,0.0053684215121945,-0.9164529204578782,0.0614695921129684,0.0192857266726922,0.0206812169454276,-0.3377532360774665,-0.0192857266726922,-0.0206812169454276,0.3377532360774665,-0.0127966786532265,0.5883603084605671,0.0341055017668156,-0.0126462883858012,0.5002797950388946,0.614740739345758
2026-07-21 18:06:04.839,Set_A,SubF.mp4,0,0.9281860230529062,0.9074988690920244,0.0818177392736609,-0.8154348024924907,-1.0733245404299423,-0.0037960541200791,-0.8851310308038031,0.0235681576100628,0.0199181275333304,0.0144076470454028,-0.3458743960590396,-0.0199181275333304,-0.0144076470454028,0.3458743960590396,-0.0429558855839304,0.5214055852676618,-0.0971983272359427,-0.0204318580825812,0.4682197150870577,0.6320858035707856
2026-07-21 18:06:04.949,Set_A,SubF.mp4,0,0.950619865581674,0.9384592358300232,0.0831018673486988,-0.8327273906495769,-1.0890883340069804,0.0300568209104746,-0.8978976484351099,0.0930300599262969,0.0144863246226828,0.0247497314383035,-0.3575001570415935,-0.0144863246226828,-0.0247497314383035,0.3575001570415935,-0.0638223244107627,0.5422094310367708,0.1020818796494729,-0.052032594658282,0.4529381973224117,0.7714634660828233
2026-07-21 18:06:05.004,Set_A,SubF.mp4,0,0.9324677258647706,0.930871570357182,0.116276400951771,-0.8772998317819706,-0.9703457048644976,-0.0032249995854288,-0.9246133961536191,0.1099224952520133,0.0206523941380544,0.0235115416722533,-0.3595477281108567,-0.0206523941380544,-0.0235115416722533,0.3595477281108567,-0.0815147711658304,0.5177840813410052,-0.0765668743266142,0.0206652310521327,0.533187644696952,0.6532542132995075
2026-07-21 18:06:05.058,Set_A,SubF.mp4,0,0.9312130233046624,0.8650443690533167,0.062513656427611,-0.9050398309219708,-0.9793685743865174,0.0002060854354236,-0.9391051656653518,0.2078794522709953,-0.0130865199449118,0.0111536395271157,-0.3737342426711221,0.0130865199449118,-0.0111536395271157,0.3737342426711221,-0.1286471741418313,0.5381268005035905,0.0962743598797898,0.0422782280065993,0.5079935834517338,1.0542460061035532
2026-07-21 18:06:05.113,Set_A,SubF.mp4,0,0.9000352842869906,0.8738498084004943,0.0509564906820784,-0.9294426021769236,-0.8766374913452789,-0.0158608238719708,-0.9785764213892176,0.2781128887758745,-0.0105601004463587,0.0114211345642717,-0.3661150913399307,0.0105601004463587,-0.0114211345642717,0.3661150913399307,-0.1350135412371839,0.5529149927626094,-0.0893333138667792,0.0553414960349554,0.5403060541064876,0.9165628517140488
2026-07-21 18:06:05.167,Set_A,SubF.mp4,0,0.8547801097631662,0.8541218978614795,0.025252825863959,-0.923814781430416,-0.9528474207786722,-0.0395986061271464,-0.9402161069613952,0.2281522809371838,-0.0090112463988585,0.0148465367665015,-0.3725728909792446,0.0090112463988585,-0.0148465367665015,0.3725728909792446,-0.1382961446470579,0.5118129005449445,-0.0290692677671501,0.0346052650587756,0.4752011446609814,1.052079588897488
2026-07-21 18:06:05.222,Set_A,SubF.mp4,0,0.7998001357580667,0.850141893154082,-0.0322017156495619,-0.9509758753943814,-0.9061640151015508,-0.0939220353419123,-0.9570460971233772,0.3200369368793605,-0.0123524983936989,0.0102025080136567,-0.4007426881384789,0.0123524983936989,-0.0102025080136567,0.4007426881384789,-0.1641599612604511,0.6125419668545594,-0.1562016723063467,0.0394927452026065,0.5460892016458135,1.1004144673028124
2026-07-21 18:06:05.276,Set_A,SubF.mp4,0,0.7833566149342104,0.856009969050472,-0.0519179793271807,-1.0258561299587434,-0.823509806727936,-0.1518944694990024,-0.9275572749002428,0.4458372562020913,0.0093161149099062,-0.0134741001176027,-0.4202292867236111,-0.0093161149099062,0.0134741001176027,0.4202292867236111,-0.1864312248262403,0.6043395801143323,-0.3095989522778961,0.0212468814954436,0.536555034559221,0.9590425373870122
2026-07-21 18:06:05.330,Set_A,SubF.mp4,0,0.8275799003017336,0.8959615824357224,0.0142401668845187,-0.9941280987130144,-0.8556359028297477,-0.1136167977176277,-0.9551603104160796,0.4192885832788811,0.014938572560064,-0.0044182279974465,-0.4234912495827199,-0.014938572560064,0.0044182279974465,0.4234912495827199,-0.1464694758554277,0.6408537994818414,-0.361378089097687,0.0582052102099044,0.5570365913703713,0.8826627305427831
2026-07-21 18:06:05.385,Set_A,SubF.mp4,0,0.816769995066499,0.9296851549492182,0.0129555284830256,-1.0178758787472628,-0.586092291469853,-0.1448497586647265,-0.9777438832258164,0.5963722558319764,0.028507441314175,-0.00799443393676,-0.4157002744831182,-0.028507441314175,0.00799443393676,0.4157002744831182,-0.1587983858322584,0.6635677615334545,-0.5804471716643056,0.0425339914326954,0.5886205456034364,0.5640597865481629
2026-07-21 18:06:05.439,Set_A,SubF.mp4,0,0.9133793727522967,0.9022787945288536,0.1234675900098194,-0.9768933899616544,-0.7966359922926846,-0.0312791104575542,-0.9609205395999364,0.3104483138855634,0.0298411605530051,0.0163693381739691,-0.3917477892581471,-0.0298411605530051,-0.0163693381739691,0.3917477892581471,-0.0639297649532639,0.6215246354496794,-0.3012742996270832,0.1023809037199513,0.5288399619162671,0.6369850189850581
2026-07-21 18:06:05.493,Set_A,SubF.mp4,0,0.8944577434393104,0.9030940948851592,0.158098798849159,-0.9492789327706952,-0.6862757008856984,-0.0440566752283908,-0.9937967609379752,0.2264374221847693,0.0342670571256855,0.0121091574953259,-0.3874447285901671,-0.0342670571256855,-0.0121091574953259,0.3874447285901671,-0.0621071195697262,0.61695535580935,-0.5238478537768804,0.0959920785460464,0.5717883201281013,0.7248944147430472
2026-07-21 18:06:05.548,Set_A,SubF.mp4,0,0.870596185164471,0.9078130795827104,0.1191768069028593,-0.8756987082639491,-0.8263532929355144,-0.045639013528888,-0.996055909615126,0.1255488670119587,0.0235345341967582,0.027505678171401,-0.3607446283455685,-0.0235345341967582,-0.027505678171401,0.3607446283455685,-0.0630901858434081,0.5751197322969231,-0.4842064023663733,0.0631330366494076,0.5363833299581964,0.7719484525295373
2026-07-21 18:06:05.601,Set_A,SubF.mp4,0,0.8509095922526293,0.9596226426306524,0.0991358324251036,-0.9080700334114792,-0.8175612636459593,-0.0969643508211458,-0.9615258889041356,0.1072047532031614,0.0450579596013707,0.0131531417935602,-0.3537007276594653,-0.0450579596013707,-0.0131531417935602,0.3537007276594653,-0.0650116855263295,0.6038880506340457,-0.5118550641826611,-0.0205948444267369,0.5637725662319287,0.646658976004737
2026-07-21 18:06:05.656,Set_A,SubF.mp4,0,0.926861648724883,0.917124699364108,0.1196135822866577,-0.8448081363944777,-0.8189660104409227,-0.0573446121788419,-0.9517365472455226,-0.0577036964878402,0.036155014955622,0.0245226178124286,-0.2984183117154591,-0.036155014955622,-0.0245226178124286,0.2984183117154591,-0.0383367952693119,0.5347140508880285,-0.1408441739161479,-0.0071661354366669,0.4906549350095011,0.8189137114162971
2026-07-21 18:06:05.710,Set_A,SubF.mp4,0,0.9158637405627178,0.9489930029646212,0.1082007216244666,-0.7866453309012913,-1.010433691864287,-0.0512870210755341,-0.9200849479103818,-0.030639113503932,0.0216301656403732,0.0300616414561898,-0.3247935796222636,-0.0216301656403732,-0.0300616414561898,0.3247935796222636,-0.0532752397925843,0.5216441058139368,-0.0690447010317198,-0.0352363753721286,0.4813640521941382,0.7754060258380867
2026-07-21 18:06:05.764,Set_A,SubF.mp4,0,0.9918727053494708,0.905206820807599,0.0965185646102373,-0.8610390314174028,-0.9597743674362434,-0.029501122690355,-0.9438841590563,0.1008442544650278,0.0240079991713325,0.0215630392627474,-0.3172890006341504,-0.0240079991713325,-0.0215630392627474,0.3172890006341504,-0.0119822182056343,0.552974961217132,0.140060520382199,-0.0625909033972625,0.4751975175614719,0.7792751670536897
2026-07-21 18:06:05.818,Set_A,SubF.mp4,0,0.9651267761048312,0.9221344195671638,0.1000513926484076,-0.8723971751075794,-0.9603905725916722,-0.0471773123950814,-0.9408063403043764,0.1180739199395414,0.0464714617657562,0.0137882303812524,-0.3135137214314978,-0.0464714617657562,-0.0137882303812524,0.3135137214314978,0.0363497984659081,0.5031915246589217,0.0012086622045504,-0.1028248323420649,0.3768288372453696,0.6534480313048602
2026-07-21 18:06:05.872,Set_A,SubF.mp4,0,0.9384265628661904,0.9540444720265728,0.119085997386262,-0.8785746153333466,-0.8874558609176686,-0.0465693660716207,-0.9551259186873574,0.0922931796285117,0.0519164955412361,0.0087119580902288,-0.3022036591432618,-0.0519164955412361,-0.0087119580902288,0.3022036591432618,0.0704462887154776,0.550960915806846,-0.1317216903724221,-0.1735894681471982,0.4108790485949056,0.5164212182259103
2026-07-21 18:06:05.927,Set_A,SubF.mp4,0,0.8808090630814905,0.9256308871654136,0.1166060506871652,-0.8274677112147317,-1.0305290049670848,-0.0207134404991298,-0.9128454014249406,0.0496544577971931,0.0455457460801827,0.0185672418326959,-0.3272791443059706,-0.0455457460801827,-0.0185672418326959,0.3272791443059706,0.0766507373572846,0.5800821549703384,-0.3093584164608022,-0.1808197192114194,0.421087262584324,0.3070302881068674
2026-07-21 18:06:05.981,Set_A,SubF.mp4,0,0.9368876508203586,0.8936432779756378,0.0577104925729956,-0.8688057094188228,-1.0930535954591156,-0.0497168909505012,-0.8968808022156333,0.1537521289611403,0.0436436145241505,0.0066366493508338,-0.3454711932848836,-0.0436436145241505,-0.0066366493508338,0.3454711932848836,0.0578757075836364,0.5707234531864478,-0.0473760991107526,-0.2240004269631491,0.4136361317130121,0.3664687640665959
2026-07-21 18:06:06.036,Set_A,SubF.mp4,0,0.950000228491218,0.8975982516721938,0.0536207952955795,-0.8942178995741452,-1.0159187571963832,-0.0326272125698108,-0.9350447260074464,0.207613421240547,0.0430379504954529,0.0088921885150302,-0.3445322590054527,-0.0430379504954529,-0.0088921885150302,0.3445322590054527,0.0902353232556804,0.5587411664563197,-0.0455781900754911,-0.2190561092208288,0.4178112103674289,0.4178204550640001
2026-07-21 18:06:06.091,Set_A,SubF.mp4,0,0.9051800715501,0.8565064528005745,0.0492371666599106,-0.7988766829120942,-1.1087135215448096,-0.0789669472181159,-0.8404572173264191,-0.0365814202395086,0.060296839899832,0.0062263369883526,-0.3163142836590934,-0.060296839899832,-0.0062263369883526,0.3163142836590934,0.0865367269093219,0.5438654877328736,-0.1293637613724155,-0.2087155918214187,0.4505663571020734,0.3265810703544615
2026-07-21 18:06:06.145,Set_A,SubF.mp4,0,0.9916331213630922,0.9276873111233568,0.0052601800886971,-0.7806533350987023,-1.1476781996625558,-0.0226998653837071,-0.891836200920721,0.0511041669213341,0.0230404145624479,0.0171222577869887,-0.3408714060599025,-0.0230404145624479,-0.0171222577869887,0.3408714060599025,0.0911363773081706,0.5134464261899183,0.2409545742959835,-0.181210313846778,0.4561885814391929,0.4728278750068526
2026-07-21 18:06:06.199,Set_A,SubF.mp4,0,0.98836367243626,0.9266606082280904,-0.0092688613914107,-0.8015999572269257,-1.114290112461719,-0.0030126253332901,-0.9022925748501563,0.0671036896048428,0.0162749820350983,0.0204986448000971,-0.3320345683235873,-0.0162749820350983,-0.0204986448000971,0.3320345683235873,0.1073561862769146,0.5178802081882761,0.2385356856294,-0.1693556426567818,0.4657115358768315,0.4298911123017856
2026-07-21 18:06:06.253,Set_A,SubF.mp4,0,0.9528652711393814,0.9222737040116972,-0.0096034859163028,-0.7797438587308902,-1.1458659612562634,-0.0353029690435233,-0.8749442132539518,0.0233728455829299,0.0408077658619278,0.005315729360912,-0.3348792145159605,-0.0408077658619278,-0.005315729360912,0.3348792145159605,0.1187289846620564,0.5289846677938101,0.148385916569388,-0.1574889543723163,0.5139371800260378,0.4375640121550738
2026-07-21 18:06:06.308,Set_A,SubF.mp4,0,0.943800712044476,0.943438222187774,0.0129605554190408,-0.7678199412919554,-1.1586107291094887,-0.0384186966390315,-0.8576494096523624,-0.0063790872349636,0.047942036705017,0.0016387080811474,-0.3266793210434002,-0.047942036705017,-0.0016387080811474,0.3266793210434002,0.1260586095356797,0.4864504310065055,0.1908600307351432,-0.1267984176928056,0.4828120714679333,0.3816204915613364
2026-07-21 18:06:06.364,Set_A,SubF.mp4,0,0.981523581831216,0.9511325905816416,-0.0067922909049784,-0.8194894063716627,-1.0818376766733282,-0.0092903310512102,-0.903942282922857,0.0671827788846998,0.0113376947099626,0.0107306304834798,-0.3429722079091378,-0.0113376947099626,-0.0107306304834798,0.3429722079091378,0.0838026766224731,0.5241454153883902,0.2585951519310865,-0.1164900457337594,0.5078874193223288,0.4028797873304385
2026-07-21 18:06:06.418,Set_A,SubF.mp4,0,0.9295579092803036,0.9742275396854184,0.0418629519806079,-0.8313714147360366,-1.0652957241432714,-0.0159212623170161,-0.9021856746585104,0.0682466548656836,0.0404654544718548,0.0122483668339226,-0.328748364243118,-0.0404654544718548,-0.0122483668339226,0.328748364243118,0.1032438998595181,0.5265623507980707,0.2411582834485251,-0.1104538388680915,0.5037405266196517,0.4839847490236296
2026-07-21 18:06:06.472,Set_A,SubF.mp4,0,0.9302289965407092,0.9889184151356304,0.0614827803164997,-0.8590605199148704,-0.9929679161766336,-0.0504350984708857,-0.9397605695055036,0.1188279748729903,0.0319901972718458,0.0170746356826706,-0.3434262446096465,-0.0319901972718458,-0.0170746356826706,0.3434262446096465,0.0722152406996679,0.574442548722468,0.0235528933582947,-0.0619342230815033,0.5428727585740332,0.5480527644310477
2026-07-21 18:06:06.527,Set_A,SubF.mp4,0,0.9331534539111292,0.9740704087475768,0.0666723294789583,-0.8793685933275435,-0.966654136570144,-0.1107553175166674,-0.9500680537432143,0.1596731922349201,0.0429872931929201,0.0082044358234443,-0.3674976194820981,-0.0429872931929201,-0.0082044358234443,0.3674976194820981,0.0450416998875485,0.600986001087263,-0.1514314771658594,-0.0387484305158654,0.5536991330010078,0.5872232054321703
2026-07-21 18:06:06.582,Set_A,SubF.mp4,0,0.8931259025642602,0.9646469494883756,0.0633912732251086,-0.8060857404925067,-1.0860075003682332,-0.0912913492898617,-0.9158998491385786,0.069155881468767,0.0350363640369548,0.0169558222404415,-0.381185796377192,-0.0350363640369548,-0.0169558222404415,0.381185796377192,-0.024058132294401,0.6152544817406973,-0.3105107592401843,-0.053688895491798,0.5512104792495546,0.4880603104727649
2026-07-21 18:06:06.637,Set_A,SubF.mp4,0,0.9173482100837312,0.9434287630046184,0.0564231982302187,-0.912018413755278,-0.9536667420995084,-0.1048149533176884,-0.963541041543732,0.2608933536974747,0.0344016872193443,0.0069577936498745,-0.3953058183189626,-0.0344016872193443,-0.0069577936498745,0.3953058183189626,-0.043895226044309,0.634574980331209,-0.2594923840653584,-0.0676422483697189,0.5688700333880267,0.5390028997378761
2026-07-21 18:06:06.691,Set_A,SubF.mp4,0,0.8640659724345267,0.9115188976746555,-0.0069994897783568,-0.8602846146136245,-1.0197032344731158,-0.1005286254043196,-0.9177658889414124,0.1103220650766194,0.0099633993417949,0.0242291273578987,-0.3832740630325266,-0.0099633993417949,-0.0242291273578987,0.3832740630325266,-0.1016204488721456,0.6049904378098635,-0.1634661365790282,-0.0965754421473699,0.5445353900929155,0.6494896207348214
2026-07-21 18:06:06.746,Set_A,SubF.mp4,0,0.8738746332484036,0.8974269456161044,-0.0201885419616364,-0.8870230484149476,-0.9986896208365412,-0.0486749467744128,-0.9488644503976364,0.2082625770034149,-0.0136286719603025,0.0260037766910657,-0.4101056423509429,0.0136286719603025,-0.0260037766910657,0.4101056423509429,-0.128696647426289,0.5529227052224319,-0.1220726291086932,-0.0933608915020176,0.4874526634802755,0.6951123462932822
2026-07-21 18:06:06.800,Set_A,SubF.mp4,0,0.7357395825661572,0.7643582385294674,-0.0582035683338134,-0.8544424296658039,-0.930618940411501,-0.1415405937878125,-0.981450928926244,0.1627661904809293,0.025481406998312,0.0583815827965276,-0.4014212363102895,-0.025481406998312,-0.0583815827965276,0.4014212363102895,-0.2404079351477773,0.5842614608698742,-0.1870477097679203,-0.1970790863928318,0.4968715078908709,0.6386642046774526
2026-07-21 18:06:06.855,Set_A,SubF.mp4,0,0.8716140501651958,0.8865734782146494,0.0099003288600047,-0.878840222498529,-1.0050664112909382,-0.0711012451102001,-0.963123510167312,0.2282626681267725,-0.0052738139636909,0.0181930915543287,-0.3989135161970352,0.0052738139636909,-0.0181930915543287,0.3989135161970352,-0.1771537914580291,0.5754008041358464,0.0131680620291866,-0.0883613073982682,0.5301838666437524,0.8195251033078339
2026-07-21 18:06:06.910,Set_A,SubF.mp4,0,0.754300148148663,0.8108082646941508,-0.0823297717372342,-0.8772674340849115,-0.9976557535626054,-0.056886805957147,-0.9826565092626648,0.2756435171999059,-0.033524419047872,0.0244121254175305,-0.4171920770453226,0.033524419047872,-0.0244121254175305,0.4171920770453226,-0.2403086424227502,0.5098883731203675,0.0414540631546889,-0.0474956755355501,0.5444352531643072,1.1627412184528727
2026-07-21 18:06:06.965,Set_A,SubF.mp4,0,0.864833651820796,0.8967546270175107,0.0156988827591869,-0.8205614528924978,-1.0874150721048086,-0.0200178779730722,-0.9176689925508646,0.0982051526164764,-0.0123711376073884,0.0203082757461156,-0.3667496912560973,0.0123711376073884,-0.0203082757461156,0.3667496912560973,-0.1658987702009132,0.4848946689230792,0.2097824770858889,0.006199563393972,0.4979230309850632,0.9992293443927984
2026-07-21 18:06:07.020,Set_A,SubF.mp4,0,0.8594302084672348,0.8692737621951849,0.0166056610746942,-0.9417497301302128,-0.9216205571990856,-0.046808992678943,-0.9565343126425012,0.292648815612482,0.0128096805577627,0.0093127454084644,-0.3736231778584412,-0.0128096805577627,-0.0093127454084644,0.3736231778584412,-0.1839329432301553,0.501238951300099,0.1289530536358114,0.0207527130033904,0.466903766386788,0.9620448352438272
2026-07-21 18:06:07.075,Set_A,SubF.mp4,0,0.8388970750311037,0.9047150706308308,-0.0039468725945115,-0.8542202763271137,-1.0641272283809842,-0.0168076848441351,-0.9072243190758116,0.1170885883713223,-0.0169357681457249,0.0201131284144793,-0.3699679205373899,0.0169357681457249,-0.0201131284144793,0.3699679205373899,-0.1721499480577193,0.5919596755360607,0.0468222462700837,0.0345748131812729,0.5226134522744998,0.9920044747085102
2026-07-21 18:06:07.129,Set_A,SubF.mp4,0,0.8033921392617807,0.8874647497729639,-0.1008789052949934,-0.9004561627682535,-0.8770474682234636,-0.0888972412186228,-0.9929716108430476,0.2614857082579878,-0.0314807934635658,0.0165792071965277,-0.3807495329398527,0.0314807934635658,-0.0165792071965277,0.3807495329398527,-0.2277429370555958,0.6358736559981558,-0.0160082643394196,0.0116995485601653,0.5671229381011501,0.9285802293210184
2026-07-21 18:06:07.189,Set_A,SubF.mp4,0,0.8419297619556785,0.8709694809810798,0.0241380808250911,-0.9659000046557206,-0.8886081170167027,-0.0606741269733687,-0.9423762142529004,0.2909903548311495,-0.0084217124670241,0.0153361668320551,-0.3507277832320885,0.0084217124670241,-0.0153361668320551,0.3507277832320885,-0.1553309304419745,0.583802101343576,-0.0558729894351508,0.1095107300249976,0.4977163813519882,0.9085142907569882
2026-07-21 18:06:07.244,Set_A,SubF.mp4,0,0.8451042874784155,0.8704821083333492,0.0731134436314641,-0.9678913779609132,-0.8744235753960952,-0.061735961769827,-0.9438509832651092,0.2869614938959866,0.0047322628161486,0.0194009610596567,-0.3725936275719607,-0.0047322628161486,-0.0194009610596567,0.3725936275719607,-0.1525434910112114,0.5706638396722845,-0.3192160051694678,0.1251583765697901,0.5019462796647091,0.913405501734448
2026-07-21 18:06:07.299,Set_A,SubF.mp4,0,0.8135591192973259,0.9048440505134736,0.0674203956760897,-0.9460262632422274,-0.940343007725526,-0.0886213109911439,-0.8991236605251267,0.1689985451077335,0.0182766452343577,0.0124263942731751,-0.3722118884515119,-0.0182766452343577,-0.0124263942731751,0.3722118884515119,-0.1511801269045736,0.5812156582263235,-0.4540754547329765,0.105902955067757,0.5063982774990976,0.9371131460323776
2026-07-21 18:06:07.353,Set_A,SubF.mp4,0,0.8250693615139,0.8909742304998152,0.0728845819915918,-0.9105868720454876,-0.9305587406929884,-0.0668368665052185,-0.9175784441452188,0.1195254480257075,0.0177606581207361,0.0219620885883291,-0.3609961107059011,-0.0177606581207361,-0.0219620885883291,0.3609961107059011,-0.1360947139834889,0.5014759322552487,-0.3147818006606162,0.1137999151360788,0.4569341857463388,0.9788661587575312
2026-07-21 18:06:07.409,Set_A,SubF.mp4,0,0.8440800979281345,0.8848690699358944,0.0921141125456262,-0.8985301337463304,-0.960029076834727,-0.0720477578765994,-0.9162762210505572,0.1197462458789046,0.0285394666582127,0.0304440187789741,-0.3683190520853951,-0.0285394666582127,-0.0304440187789741,0.3683190520853951,-0.0988146069638527,0.5124065951065967,-0.3330079434817927,0.108262739558508,0.4605674869533505,0.9739611224694936
2026-07-21 18:06:07.468,Set_A,SubF.mp4,0,0.8812927278069008,0.9117528410038916,0.0972454843990764,-0.8753132229479529,-0.983715281019181,-0.0734780454505258,-0.9304660565169964,0.1242990240744594,0.0330116050425761,0.0319190345596937,-0.3747809153323663,-0.0330116050425761,-0.0319190345596937,0.3747809153323663,-0.0705783835232237,0.5789500623698818,-0.2281266542910981,0.0778630597730147,0.5183681790390171,0.7924985451884764
2026-07-21 18:06:07.524,Set_A,SubF.mp4,0,0.8551186418969488,0.9313327342121442,0.0855928823262665,-0.925109561017693,-0.8856418777684846,-0.0910039179474714,-0.9777556920547616,0.2699515746590323,0.0450468272083172,0.0214644840422015,-0.4070837953585332,-0.0450468272083172,-0.0214644840422015,0.4070837953585332,-0.0824767926551891,0.6277629558432903,-0.4978564451824369,0.0268096330775895,0.590574190279894,0.7403195243712523
2026-07-21 18:06:07.579,Set_A,SubF.mp4,0,0.8976060706801672,0.931194293783566,0.094127526681411,-0.9335996510616112,-0.7734317864391025,-0.0945097784619139,-0.9526620012813206,0.108588321566288,0.0490789443206888,0.0270661144237786,-0.3570675630042498,-0.0490789443206888,-0.0270661144237786,0.3570675630042498,-0.0468237428271018,0.611798763343633,-0.3409171312381694,0.0027107111977379,0.5449660300632598,0.7244029969124709
2026-07-21 18:06:07.636,Set_A,SubF.mp4,0,0.8623793265946093,0.9571289960871882,0.0927209989287331,-0.9367978942923808,-0.8396863579582513,-0.1108671019309578,-0.9384803998897464,0.1447028773522702,0.0520389983001176,0.0137956970055647,-0.347633075654303,-0.0520389983001176,-0.0137956970055647,0.347633075654303,-0.0826517716866982,0.5700194838807273,-0.2368080151409585,-0.0254871584537378,0.5244084718996675,0.4788834739850321
2026-07-21 18:06:07.695,Set_A,SubF.mp4,0,0.850829257561741,0.9639919617671806,0.1068521777584229,-0.8767578420938658,-0.8722669947382783,-0.1364311796695575,-0.8868549757275598,-0.070492206469492,0.0654687327442153,0.0024231358084189,-0.3137586719626593,-0.0654687327442153,-0.0024231358084189,0.3137586719626593,-0.059277797833408,0.5721552924301263,-0.3666840006583871,-0.0588080878006317,0.5265921135940282,0.5368794651023576
2026-07-21 18:06:07.754,Set_A,SubF.mp4,0,0.915696667940612,0.91673008597256,0.1296037462325923,-0.9376646026622678,-0.7108978395037049,-0.1342059404609857,-0.9260356850298144,-0.0147743023515096,0.0716583158240397,0.0062983843834993,-0.2684709114272128,-0.0716583158240397,-0.0062983843834993,0.2684709114272128,-0.0093274937623033,0.5483306361277291,-0.2343760515833868,-0.0808653183284553,0.4887901465317079,0.6861777917687121
2026-07-21 18:06:07.812,Set_A,SubF.mp4,0,0.8981894948831499,0.9807990778696104,0.1455057907346056,-0.8947278886219917,-0.75596343900735,-0.1430288940763242,-0.877356616916837,-0.1712422394762047,0.0765675491276245,0.0027613985011648,-0.2256786708659932,-0.0765675491276245,-0.0027613985011648,0.2256786708659932,0.0141626602445966,0.5672424915842991,-0.2608899589627191,-0.1051962951183808,0.5200514155762825,0.3855027972424526
2026-07-21 18:06:07.872,Set_A,SubF.mp4,0,0.9355908652175564,0.9597336616448908,0.1373199592760161,-0.8730159588096115,-0.8150403894916356,-0.1500379145878015,-0.8446538465014313,-0.2093856417743665,0.0796521351601388,0.0050581831847995,-0.2031073637231633,-0.0796521351601388,-0.0050581831847995,0.2031073637231633,0.0397813142629957,0.5370544706673673,-0.0289602248935222,-0.1157689692004478,0.4725392378455751,0.498034331329119
2026-07-21 18:06:07.936,Set_A,SubF.mp4,0,0.9892659983399986,0.9182195817055216,0.1496001724278856,-0.8936665312136742,-0.7453787300812943,-0.1492534783619598,-0.8620921265008881,-0.2123850276708895,0.0810641411332429,0.0016352454442254,-0.1779692921998033,-0.0810641411332429,-0.0016352454442254,0.1779692921998033,0.0660885180675398,0.5221873585342475,0.1802782654989733,-0.1125109452939629,0.4908649419620525,0.7443867084631545
2026-07-21 18:06:07.994,Set_A,SubF.mp4,0,0.9525893701970564,0.9189644618545002,0.1496893759385739,-0.8995126603286068,-0.7267851414507553,-0.1653694276540986,-0.8474402522712822,-0.2468213792427758,0.079409055918203,0.0008397380984712,-0.1831132758573582,-0.079409055918203,-0.0008397380984712,0.1831132758573582,0.064563492973084,0.5204392273296943,0.0186307458211938,-0.123326015257832,0.5113992668329691,0.7488116307974179
2026-07-21 18:06:08.050,Set_A,SubF.mp4,0,0.9723182053275726,0.9245314671587443,0.1514627330679051,-0.8987184841144027,-0.58158074149617,-0.1820835320559018,-0.8560045012488913,-0.3775905733934417,0.0899215041779355,0.0014486530138405,-0.083079273034995,-0.0899215041779355,-0.0014486530138405,0.083079273034995,0.0644465538613082,0.5275006095811794,0.2185611381033743,-0.127697051433991,0.5220199700121043,0.4498753940880867
2026-07-21 18:06:08.106,Set_A,SubF.mp4,0,0.9371741193633196,0.8998026585367644,0.152304086277128,-0.88837025672455,-0.5757701506473,-0.2026334401943325,-0.8453240334663528,-0.4201068820699621,0.0902784362369094,-0.0069153533092283,-0.0697901942322112,-0.0902784362369094,0.0069153533092283,0.0697901942322112,0.0733235749454189,0.5985802566995732,0.0068279941107907,-0.1299590085446075,0.5895583202961463,0.0935333140939135
2026-07-21 18:06:08.161,Set_A,SubF.mp4,0,0.9295737997489636,0.9023851933647196,0.152505968712233,-0.8778987901052376,-0.5551243188636005,-0.1995387698563143,-0.83202590154863,-0.4811890818453586,0.0905920181201495,-0.0074579965886882,-0.0385460616766394,-0.0905920181201495,0.0074579965886882,0.0385460616766394,0.0726327927992565,0.5608416311698711,0.0193513174707472,-0.1284005013300594,0.5859284769848804,0.1139851907165127
2026-07-21 18:06:08.217,Set_A,SubF.mp4,0,0.9109071712442856,0.9042342266056608,0.1663792739430633,-0.8331689145293157,-0.6001877465899563,-0.1773859482704556,-0.8111435679903909,-0.5382828559949897,0.0892656423743815,-0.0094907878119854,-0.0181830493789579,-0.0892656423743815,0.0094907878119854,0.0181830493789579,0.0745989981081165,0.5451074072743354,0.0378606645140663,-0.1118599654958014,0.57784532616019,0.1027923001803871
2026-07-21 18:06:08.272,Set_A,SubF.mp4,0,0.94735453320896,0.9328536082613592,0.1764476916922556,-0.8437034244109209,-0.5077041939968702,-0.1681471451430117,-0.8407051292980825,-0.5705809840144607,0.0894299443032664,-0.0010081442518271,0.021996582407009,-0.0894299443032664,0.0010081442518271,-0.021996582407009,0.0888233972431081,0.5378233563568917,0.198018499588151,-0.100947419658516,0.5520769816443535,0.2151747485288356
2026-07-21 18:06:08.327,Set_A,SubF.mp4,0,0.9907439533481404,0.9455509855751754,0.1685397904080118,-0.9069602255769272,-0.4024697945935311,-0.1796868405147456,-0.8756871627794199,-0.5041966446553323,0.0851228425414026,-0.0071855539597624,0.0304356200736405,-0.0851228425414026,0.0071855539597624,-0.0304356200736405,0.0860425231861565,0.5342993235542232,0.3009524908416637,-0.1027065593161696,0.5628458092696964,0.2750617123768214
2026-07-21 18:06:08.382,Set_A,SubF.mp4,0,0.9733406886171532,0.9521930954241248,0.1545534088199242,-0.8731018640439745,-0.3638406237854098,-0.1665050840587596,-0.8300521559775828,-0.6845503059461457,0.07816209022725,-0.0105838884794172,0.1275290567297939,-0.07816209022725,0.0105838884794172,-0.1275290567297939,0.0910515540784945,0.4932762196731958,0.508177203563715,-0.086928118363236,0.5129002545718108,0.1149100485016091
2026-07-21 18:06:08.437,Set_A,SubF.mp4,0,0.9561329283951204,0.9599883549946556,0.160859794584261,-0.8908956254159752,-0.2770246466276571,-0.1595534122653052,-0.872070214442395,-0.6674062618339985,0.0751536477190554,-0.0106670288496222,0.1519235261565454,-0.0751536477190554,0.0106670288496222,-0.1519235261565454,0.087434355468638,0.4901103810855131,0.555575080833726,-0.0901478170016802,0.5202364527746786,0.2510703100912227
2026-07-21 18:06:08.491,Set_A,SubF.mp4,0,0.9115307464291084,0.9282503089175128,0.1461840826796498,-0.9474982978636676,-0.1675122104535196,-0.1501906133610668,-0.9080092356251156,-0.5788628567065994,0.0753295570468664,-0.0128069450886089,0.1680651243721842,-0.0753295570468664,0.0128069450886089,-0.1680651243721842,0.0973242507503348,0.4395686039394197,0.6859896075569455,-0.0824557514305068,0.4926981726023796,0.3278260071920862
2026-07-21 18:06:08.546,Set_A,SubF.mp4,0,0.9287296537883364,0.9675193528329408,0.1385694232032668,-0.952876083627485,-0.1052995968054552,-0.1454613631625897,-0.9326668713591564,-0.5615439126207383,0.0725403674216893,-0.0174754707363608,0.18814407230788,-0.0725403674216893,0.0174754707363608,-0.18814407230788,0.0907932509049995,0.4885623214752692,0.6437211788318417,-0.071512135088893,0.5695476147932685,0.2033664057505878
2026-07-21 18:06:08.601,Set_A,SubF.mp4,0,0.959402904728514,0.976067304417357,0.1127067215186103,-0.8800053721856791,-0.2665851188859366,-0.1368890501966239,-0.8665665977939427,-0.7075306692322989,0.0702814716842908,-0.0136806356115811,0.1573330374259365,-0.0702814716842908,0.0136806356115811,-0.1573330374259365,0.0548850476950407,0.4637163896908717,0.5680277274207031,-0.0820618124920228,0.5270136255223062,0.2249036605821558
2026-07-21 18:06:08.656,Set_A,SubF.mp4,0,0.9704078676382468,0.9494137650635084,0.1281721422968484,-0.8219927601556144,-0.309922048476565,-0.1053903148772509,-0.8014458082569431,-0.857951319200774,0.0560150966291135,-0.0131270889085969,0.2045013026871419,-0.0560150966291135,0.0131270889085969,-0.2045013026871419,0.0548305642068731,0.4395297232254502,0.6863280873169744,-0.0310748009427667,0.4917878854325329,0.1490571981284401
2026-07-21 18:06:08.710,Set_A,SubF.mp4,0,0.9499074616992657,0.9756847500697264,0.1255913441604852,-0.8283169674783819,-0.295952795157086,-0.0820971686557215,-0.8149257677386194,-0.8432844803275731,0.060148384854572,-0.0118953169176193,0.1880620870964346,-0.060148384854572,0.0118953169176193,-0.1880620870964346,0.0558703017730833,0.4283428558492918,0.7230871761918635,-0.0333940597635572,0.4805277560761053,0.3109914156115194
2026-07-21 18:06:09.493,Set_A,SubF.mp4,0,0.5977321161462985,0.4741259969790227,0.3346350747388558,-0.784367051227434,0.010215099287633,0.121692452966045,-0.8370170020795193,-1.0885837464304589,0.0731932419057668,-0.0157907922076014,0.3751523962750834,-0.0731932419057668,0.0157907922076014,-0.3751523962750834,0.2706113866833191,0.3063361558488444,-0.2559735764395804,0.2151043080176794,0.2943353502021458,-1.2982001667515215
2026-07-21 18:06:09.772,Set_A,SubF.mp4,0,0.4874550949409194,0.4146323188692807,0.2844500690370871,-0.7880174443572819,-0.0656103216179372,0.0563272070818476,-0.7104770645727163,-1.2143838403951568,0.0775341691806658,-0.0438812468755148,0.3755967568565875,-0.0775341691806658,0.0438812468755148,-0.3755967568565875,0.3748699811871893,0.079782497801125,0.4175706507670519,0.2713183321479696,0.2378749502178707,-1.2073420956778742
2026-07-21 18:06:10.043,Set_A,SubF.mp4,0,0.2952716410624169,0.40332984065839,-0.0491852724787961,0.3949481214130405,0.8996696579663601,0.1413227700085943,0.186616426080435,1.0116893765030028,-0.078614316895724,0.0474409411592226,-0.0372625571446854,0.078614316895724,-0.0474409411592226,0.0372625571446854,-0.0861563117385588,0.6504478974441511,-0.1636029456833441,0.2132918288306086,0.6835502450487809,-0.0106643963248673
2026-07-21 18:06:10.100,Set_A,SubF.mp4,0,0.3562553808004345,0.3849366749534312,-0.0108405467542944,0.3562000252916941,0.8761454089651365,0.1525330904365205,0.2879319810609008,1.0119798997622906,-0.0495638632364187,0.0181567379346832,-0.0419206272356859,0.0495638632364187,-0.0181567379346832,0.0419206272356859,0.0651624471648233,0.6949390394510987,-0.1735323151939546,0.1516730981003191,0.6074330698443298,0.0195382047732061
2026-07-21 18:06:10.155,Set_A,SubF.mp4,0,0.4549716376051668,0.411454463889587,0.1989035747246354,-0.9170817898586832,0.04628050747064,0.0069133883525984,-0.8013589505964772,-1.0485782672474366,0.0647243123622014,-0.0626495712351386,0.3631829899491007,-0.0647243123622014,0.0626495712351386,-0.3631829899491007,0.3676240297289898,0.0095030207537645,-0.1421013554428928,0.2753958734479356,0.1090818447089804,-1.1112488023687574
2026-07-21 18:06:10.210,Set_A,SubF.mp4,0,0.4742655796621524,0.4666020225492798,0.1850555132390507,-0.893388373197745,-0.019450337679774,-0.0360333366031557,-0.7916671749451696,-1.0474986726030426,0.0710769229461145,-0.0598310791536273,0.3487356905560001,-0.0710769229461145,0.0598310791536273,-0.3487356905560001,0.3828334266632998,0.0607127282345948,-0.1635350523024278,0.3135214390670359,0.1810971202966318,-1.0512991938535967
2026-07-21 18:06:10.265,Set_A,SubF.mp4,0,0.4622896658594922,0.4352378172298846,0.1789304739200219,-0.9088396722173232,0.0442240215874918,-0.0183858879299965,-0.8329504452595321,-1.0139624515619126,0.0661760058935334,-0.0630541548600574,0.3578264872552821,-0.0661760058935334,0.0630541548600574,-0.3578264872552821,0.4077530908098236,0.0249207265845456,-0.1570249071736836,0.322281230266872,0.1316025941761456,-1.0869341884113075
2026-07-21 18:06:10.319,Set_A,SubF.mp4,0,0.5301677814509582,0.5061783389533001,0.1304053077284452,-0.897122032879041,-0.0806816042230467,-0.0910578425197685,-0.822676526115741,-0.939487349167088,0.0768946329355351,-0.0476587842459498,0.3145867053493927,-0.0768946329355351,0.0476587842459498,-0.3145867053493927,0.3519134925822647,0.0477530265480283,-0.309892543230134,0.2867984953610962,0.1190353304341837,-1.0214152078548209
2026-07-21 18:06:10.374,Set_A,SubF.mp4,0,0.466977508460686,0.4482509621780682,0.1612107073509397,-0.9253212833097284,-0.0378397309646116,-0.0568716987949991,-0.7984021647358155,-0.9710660356714724,0.0739691707310522,-0.06714459285796,0.3287516559741676,-0.0739691707310522,0.06714459285796,-0.3287516559741676,0.3980049218812281,0.0268838936859604,-0.338590274324188,0.2983969203655787,0.1441275720810509,-1.204703585414835
2026-07-21 18:06:10.428,Set_A,SubF.mp4,0,0.5123811206718057,0.4763755418587736,0.1194361689233678,-0.8405952494728486,-0.1660583843943578,-0.1018106993361124,-0.742342399282579,-1.0562336195778792,0.0770928599094811,-0.0552964104781315,0.3040214204265686,-0.0770928599094811,0.0552964104781315,-0.3040214204265686,0.3547983985647682,0.0373309005135291,-0.2180715753785118,0.2882363402470841,0.1215970860625018,-1.0415254206495312
2026-07-21 18:06:10.482,Set_A,SubF.mp4,0,0.4749592357508176,0.4543181628989843,0.1354054596071487,-0.8960163441132655,-0.078944998419177,-0.0594363641125533,-0.75236760106997,-1.051125382482776,0.0630824760051127,-0.0728666989390753,0.3420930788407943,-0.0630824760051127,0.0728666989390753,-0.3420930788407943,0.3980933707363687,-0.0414178783937743,-0.076879822000552,0.3323574082360501,0.1174658603686297,-0.83345724276082
2026-07-21 18:06:10.536,Set_A,SubF.mp4,0,0.4838790738345873,0.4428153963666035,0.1159920684956192,-0.9144980278803476,-0.1135569533064595,-0.0859320073639812,-0.7492020485883655,-0.9960368680005808,0.0707563430836651,-0.0694213823967211,0.2988194275755821,-0.0707563430836651,0.0694213823967211,-0.2988194275755821,0.3915483700535847,-0.0148041405009179,-0.3898175945148943,0.3043733811907629,0.0974342753633361,-1.1043973691538551
2026-07-21 18:06:10.590,Set_A,SubF.mp4,0,0.4668356323514888,0.4655669795330404,0.1108573359475095,-0.8837612309878549,-0.124971768332136,-0.0936309521813086,-0.7340168632878863,-1.0508246806265644,0.0758050547968868,-0.0778443689398906,0.3138046795962319,-0.0758050547968868,0.0778443689398906,-0.3138046795962319,0.3963757422780739,-0.0123295645674797,-0.3477598535646831,0.3273038481190885,0.1167950408068638,-1.107982999259285
2026-07-21 18:06:10.645,Set_A,SubF.mp4,0,0.466640987158272,0.4524536890219012,0.1139900065848679,-0.9243953169249052,-0.0529050853116726,-0.1134327975470907,-0.7615118932743744,-1.0230672972875143,0.0817861418233334,-0.0742025608249685,0.3302101157253628,-0.0817861418233334,0.0742025608249685,-0.3302101157253628,0.4246940410620982,-0.0001741096069218,-0.4068712460527607,0.316786891709683,0.0989886956478565,-1.1922217758873548
2026-07-21 18:06:10.699,Set_A,SubF.mp4,0,0.461640807278117,0.4495893531593657,0.1018564720164774,-0.9243764924369824,-0.0849807823912126,-0.0953964583983887,-0.7530418886020676,-1.004159173342846,0.068041401688104,-0.0806970230850891,0.3252326589726124,-0.068041401688104,0.0806970230850891,-0.3252326589726124,0.4403217835773461,-0.0363881708751816,-0.3289003341502856,0.344155000353044,0.0811191605197471,-1.0955899241150375
2026-07-21 18:06:10.754,Set_A,SubF.mp4,0,0.4427192382052177,0.4278578666822131,0.122430492838941,-0.8630197696933211,-0.1607547621231864,-0.0598064279911809,-0.6968475503662767,-1.089402096159818,0.0546240513691771,-0.08535515213337,0.3197949805637047,-0.0546240513691771,0.08535515213337,-0.3197949805637047,0.4336219732355761,-0.0470271583664671,-0.2021782281985589,0.3507728283039583,0.0815556540133822,-1.0101137319185622
2026-07-21 18:06:10.809,Set_A,SubF.mp4,0,0.4835381036660205,0.4398542983172352,0.0705318577420691,-0.8914239496781158,-0.0977540077699602,-0.100346261572837,-0.7358723074467605,-1.064578987920855,0.0608772470986415,-0.0807758486864036,0.3274211128984753,-0.0608772470986415,0.0807758486864036,-0.3274211128984753,0.4029171946424231,-0.0349681408559729,-0.1784020811004718,0.3494513805533738,0.0980928193726879,-1.0046857983215622
2026-07-21 18:06:10.863,Set_A,SubF.mp4,0,0.4820590925622701,0.4317812646395905,0.0765848198991869,-0.9166831159192852,-0.0417231353105833,-0.1090965840644754,-0.754800031247487,-1.0560414450655202,0.0676450247230858,-0.0867961544743424,0.326900446246589,-0.0676450247230858,0.0867961544743424,-0.326900446246589,0.4252320964051517,-0.0650062916129672,-0.2505426632775661,0.3366851838993093,0.0628969719722896,-1.0357227644643052
2026-07-21 18:06:10.916,Set_A,SubF.mp4,0,0.4870775625185647,0.4603142096418464,0.0971679408576775,-0.936557441243888,0.0094050824294619,-0.0829376347353035,-0.8164377765796468,-0.9721123404656116,0.0702498929440283,-0.0779534623137775,0.3277332667109272,-0.0702498929440283,0.0779534623137775,-0.3277332667109272,0.4488896596810687,-0.0255252640407767,-0.3799935432638628,0.3489173074171516,0.0801774986650337,-1.122927988986926
2026-07-21 18:06:10.970,Set_A,SubF.mp4,0,0.4743980100184184,0.4320237165266605,0.0829742790581213,-0.9060920841418614,-0.0282825962226263,-0.0850106428092918,-0.7676604465852428,-1.066499719631666,0.07636294645398,-0.0533792030094333,0.3421593944970063,-0.07636294645398,0.0533792030094333,-0.3421593944970063,0.4185503640930622,-0.0598067075040371,-0.2585179517649077,0.3275441573093864,0.0359923590539845,-1.099102921469782
2026-07-21 18:06:11.022,Set_A,SubF.mp4,0,0.4892928967273812,0.4305265391392856,0.0691374146711744,-0.8655589417016648,-0.0378197083432105,-0.0947814598516486,-0.7624615245312613,-1.1235982803557367,0.0653982212736949,-0.0679843348133054,0.3528149107698175,-0.0653982212736949,0.0679843348133054,-0.3528149107698175,0.4055422089168884,-0.0435972868839151,-0.1914182896160612,0.3159659657931006,0.0492080930142179,-1.0806959754031638
2026-07-21 18:06:11.075,Set_A,SubF.mp4,0,0.5075807348725319,0.4628667685103022,0.0364506698106082,-0.9011895143669336,0.0035802715027668,-0.1134427270405296,-0.7744982484458601,-1.0926820778932245,0.0636911000356208,-0.0599249581450679,0.3666404534644532,-0.0636911000356208,0.0599249581450679,-0.3666404534644532,0.3924329346027432,-0.0368012647642118,-0.1307881203658773,0.3651803494064248,0.0982040015300761,-0.9884535787882502
2026-07-21 18:06:11.129,Set_A,SubF.mp4,0,0.5301133638121309,0.4732327950529696,0.0644455889669925,-0.899263672033874,-0.0578435764077006,-0.1298702451192507,-0.76343104400825,-1.051735576069922,0.0736437597238341,-0.0698493391056297,0.3322143814632814,-0.0736437597238341,0.0698493391056297,-0.3322143814632814,0.4056536173610882,-0.0102009847008751,-0.1422130731067195,0.3456537330683436,0.1106949320597558,-0.9192890022699208
