timestamp,subject_id,input_source,label,left_angle,right_angle,x11,y11,z11,x12,y12,z12,x23,y23,z23,x24,y24,z24,x25,y25,z25,x26,y26,z26
2026-07-21 18:03:44.978,Set_A,SubC.mp4,0,0.9748228823461468,0.7082594037475259,-0.3025546173478024,-0.6535875192569107,-0.2010546308467515,-0.362506079988948,-0.4515772291320474,-1.3274430458856428,0.0179076326300475,-0.0860263523619123,0.3540939746949507,-0.0179076326300475,0.0860263523619123,-0.3540939746949507,0.2552769730429075,0.2431845322652019,0.654389181639852,0.3048077209372068,0.2363478579180958,-0.536916105629064
2026-07-21 18:03:45.250,Set_A,SubC.mp4,0,0.7937420084630774,0.6626024846386166,-0.2145473415001996,-0.8479582668538307,-0.1056017092460987,-0.3815493721065026,-0.5859406228168633,-1.1547961177230055,0.0436124678210657,-0.1034648564417062,0.3452125238390719,-0.0436124678210657,0.1034648564417062,-0.3452125238390719,0.3331057953705762,0.132564837774793,0.0487833755494245,0.3286307723250203,0.1553323200880971,-0.7913646779663391
2026-07-21 18:03:46.014,Set_A,SubC.mp4,0,0.6071426457082139,0.5148856018208747,0.0776741867479224,-0.9388393154394928,0.0729533886512796,-0.1095753506938828,-0.7836721718262203,-1.0887961382816316,0.0596945869192113,-0.0681430494924517,0.4089785330611996,-0.0596945869192113,0.0681430494924517,-0.4089785330611996,0.3356009238121912,0.0055189203856523,0.2351499786642671,0.3136426530512935,0.0686638297193473,-0.7058249754845582
2026-07-21 18:03:46.124,Set_A,SubC.mp4,0,0.5350105312048998,0.5338472040136706,0.1273863137978077,-0.9324253704704082,0.04391235660064,0.0077942208180978,-0.7628493224533532,-1.0964188594751845,0.0435449570671026,-0.0422210130483329,0.3965225489735348,-0.0435449570671026,0.0422210130483329,-0.3965225489735348,0.3376667378109225,-0.0198651457364947,0.5586732056987942,0.2977344855032191,0.1191989837450277,-0.3277852223214798
2026-07-21 18:03:46.179,Set_A,SubC.mp4,0,0.5481566629960095,0.5358856931206822,0.1704888885348564,-0.9261457275001576,0.0096985052243125,0.046729921221084,-0.7440050919360095,-1.0883143909894504,0.0338362908259651,-0.0788832040587381,0.4039641567700539,-0.0338362908259651,0.0788832040587381,-0.4039641567700539,0.3180357103215114,0.0516219414811763,0.9778273672491804,0.3140695735847624,0.2009452163545817,-0.2764849189273666
2026-07-21 18:03:46.233,Set_A,SubC.mp4,0,0.4425301399579411,0.4587450224476969,0.2208345579723302,-0.8912818254141994,0.0778006324566303,0.0844533697185797,-0.7815068256457924,-1.1306906599956337,0.043057303829136,-0.06220607123022,0.4374813086608688,-0.043057303829136,0.06220607123022,-0.4374813086608688,0.3574099375028519,-0.036696200606689,0.4751253074986427,0.3327462568555271,0.172071124971716,-0.6659964390824917
2026-07-21 18:03:47.056,Set_A,SubC.mp4,0,0.9172864015022888,0.8887383570653714,0.0403386322566815,-0.904273956198063,0.0358026773210072,0.0119195501065391,-0.8263159777069965,-1.0369657824355412,0.0131834899002696,-0.009751398802373,0.3401174772143924,-0.0131834899002696,0.009751398802373,-0.3401174772143924,0.061679588959665,0.4699093707595749,0.8487635273153843,0.0580918529726073,0.5278937825894884,0.1303235237441458
2026-07-21 18:03:47.227,Set_A,SubC.mp4,0,0.9237501889637578,0.9234374710023248,-0.0032320856973297,-0.9889103864107692,0.1108855502052474,0.0193810921993916,-0.8295137360063971,-0.9433955625176252,0.007273284626342,-0.020076993407376,0.305135168790994,-0.007273284626342,0.020076993407376,-0.305135168790994,0.0577073935099007,0.5322129148419793,0.7409686428195669,0.0336621003104336,0.6338202022000046,0.1653480817721915
2026-07-21 18:03:47.282,Set_A,SubC.mp4,0,0.921013946954269,0.8900840510182289,0.0300628118926981,-0.94601824656017,0.1676262599714455,0.003169185394254,-0.8451201073579735,-1.0568500965163985,0.0144182844862753,-0.0173157572785465,0.3777451554079282,-0.0144182844862753,0.0173157572785465,-0.3777451554079282,0.0507539239036256,0.5381621703393982,0.8927578890357103,0.0302228460099677,0.6263108700408032,-0.1523537440417615
2026-07-21 18:03:47.391,Set_A,SubC.mp4,0,0.941055691705112,0.9666206391009676,0.002899894120994,-0.9119344068665752,-0.0088835350223015,-0.05005749897716,-0.8317506112510229,-0.9695533397409408,0.0248753991821354,-0.0182547195337285,0.2851218214035921,-0.0248753991821354,0.0182547195337285,-0.2851218214035921,0.0270061364305382,0.5112081714727679,0.7751617949633268,-0.0154773794761003,0.5745981172262704,0.1753507619830484
2026-07-21 18:03:47.445,Set_A,SubC.mp4,0,0.913355215263109,0.9545769959331424,-0.0062563561746003,-0.8626239196419784,-0.0713305335210324,-0.0434378395110181,-0.7819677885879782,-1.0657044703976823,0.0302480342652613,-0.023437625529757,0.2894706360284401,-0.0302480342652613,0.023437625529757,-0.2894706360284401,0.0588726485168159,0.4500174302943357,0.9077771718543286,-0.0073888022072007,0.5443049166526754,0.2694506636096835
2026-07-21 18:03:47.500,Set_A,SubC.mp4,0,0.9440540106507418,0.9213143831296337,-0.0384742667457184,-0.9699368186560108,0.1389003044181699,0.0039646768349969,-0.858136194608667,-0.949429851305633,0.0044512662429055,-0.0267003102096635,0.3407892081336305,-0.0044512662429055,0.0267003102096635,-0.3407892081336305,0.0449940348300381,0.5049925240551975,0.7018759787562963,0.006827405873697,0.6113701108075921,0.0490889763945242
2026-07-21 18:03:47.554,Set_A,SubC.mp4,0,0.9293987167494652,0.926740325450106,-0.0212532178745223,-0.9426813445421114,0.0882759343799225,0.0225192664364251,-0.8439353422861787,-0.9871636979342732,-0.0039136918333477,-0.015675925998481,0.3078888893253437,0.0039136918333477,0.015675925998481,-0.3078888893253437,0.0948390878074964,0.501560205081566,0.6916673602336013,0.0094493275874933,0.6286563390269018,0.1526242183469939
2026-07-21 18:03:47.613,Set_A,SubC.mp4,0,0.9071774397946158,0.9463330782338072,0.0399477735377386,-0.9246777813370732,0.0723566792537947,-0.0189271019825861,-0.8570164702882561,-0.9807198913515917,0.0304997987301617,-0.0163220464190903,0.2993738024949474,-0.0304997987301617,0.0163220464190903,-0.2993738024949474,0.1599111367814789,0.4620713228215597,0.6806446712852184,-0.0306472423959143,0.6359377416042798,0.1389730455039993
2026-07-21 18:03:47.727,Set_A,SubC.mp4,0,0.8562050868140764,0.9693199694807366,-0.0253284308354241,-0.9816487087159412,0.1931502545651961,0.0369749374937411,-0.8843627805998179,-0.912778964820867,-0.0251614230706868,-0.0163896933537346,0.3219161700451149,0.0251614230706868,0.0163896933537346,-0.3219161700451149,0.1381602061069382,0.4640904825571086,0.798607180730547,-0.0229625705900868,0.5961462640533605,0.1494363772013724
2026-07-21 18:03:47.784,Set_A,SubC.mp4,0,0.9104697236114568,0.9012555057638404,-0.0693008750639684,-1.0098530276664168,0.0813448610634122,0.0804530360669814,-0.8515324452964168,-0.8128636580521781,-0.0477918889143303,-0.0198699132110878,0.2865775320308401,0.0477918889143303,0.0198699132110878,-0.2865775320308401,-0.0445692315853498,0.5809217105755956,0.786070489686296,0.0708870523772079,0.6525458444767414,0.3887625888244439
2026-07-21 18:03:47.841,Set_A,SubC.mp4,0,0.8733289998836808,0.9917038268916644,-0.0460787799738383,-0.907678108513667,-0.0800944658691758,0.025902247126426,-0.8140058036070599,-0.9374503313102538,-0.0008114594597621,-0.0030805591696433,0.2679821555846078,0.0008114594597621,0.0030805591696433,-0.2679821555846078,0.147863977169674,0.4126745291022468,0.8128919426024152,-0.0929711859817569,0.5574759760957099,0.2268194681493088
2026-07-21 18:03:47.897,Set_A,SubC.mp4,0,0.8758609083455424,0.9746105450429204,-0.0006727287070731,-0.9270362762943798,0.0811877892769678,-0.051230348820426,-0.8901025470149881,-0.9150418336786366,0.0178139312760618,0.0003211070730202,0.284110837792278,-0.0178139312760618,-0.0003211070730202,-0.284110837792278,0.117028505562756,0.4712659416783019,0.7394416258051738,-0.1142303985585284,0.5453856539416215,0.1785253512986047
2026-07-21 18:03:47.954,Set_A,SubC.mp4,0,0.8546203668632624,0.9522769126572462,0.0273513431870833,-0.9466520910886153,0.1670682279367776,-0.0715500474835248,-0.917379855668798,-0.89055380208894,0.0400091401818643,0.0046044807860842,0.3000192887510409,-0.0400091401818643,-0.0046044807860842,-0.3000192887510409,0.1605358923315376,0.5023359858325036,0.8418287789810189,-0.1496248097797658,0.5733073878766652,0.1381574299426855
2026-07-21 18:03:48.010,Set_A,SubC.mp4,0,0.8651016398417114,0.9252008381785488,0.0452020826470197,-0.9447670701109676,0.1522568678779806,-0.1002098860966765,-0.9040083983049748,-0.9131796030771964,0.0434186429445224,-0.0159989969546305,0.2955514516319908,-0.0434186429445224,0.0159989969546305,-0.2955514516319908,0.1422503002688657,0.4757552033554359,0.8666561283063628,-0.1484180758711015,0.5455864204219857,0.1199729320675168
2026-07-21 18:03:48.066,Set_A,SubC.mp4,0,0.9067862096470568,0.9133763038009264,0.0245453789853062,-0.8461072227109092,-0.0437234713230514,-0.0859355630379396,-0.8232964124984203,-1.055968643794566,0.029363468569759,-0.0037218522345696,0.3064723018462625,-0.029363468569759,0.0037218522345696,-0.3064723018462625,0.1271671767947419,0.4308914852923267,0.7942908014638241,-0.1597920630378002,0.5128466060505444,0.0210438316918677
2026-07-21 18:03:48.123,Set_A,SubC.mp4,0,0.9054996308340294,0.9015748466129088,0.0102173264811387,-0.8828636525517252,0.0080853353238372,-0.0929969665089897,-0.8587697090529646,-0.9878101767678052,0.019012681961881,-0.0055801696785924,0.2955492463735774,-0.019012681961881,0.0055801696785924,-0.2955492463735774,0.127948135267141,0.4497990843484557,0.7831333876184726,-0.1414767703613586,0.550356634314941,0.0646506334397814
2026-07-21 18:03:48.179,Set_A,SubC.mp4,0,0.93360534674938,0.8938762711159218,-0.0192050588771457,-0.9031670568808025,0.0907361753928628,-0.1171738031467542,-0.8565975737026428,-1.0312834899605976,0.0318485116254827,-0.0073246529530421,0.3304403668602295,-0.0318485116254827,0.0073246529530421,-0.3304403668602295,0.1054551747666014,0.4678108914758334,0.7615740284755262,-0.1511450465146241,0.5425739383032608,-0.1091006052623678
2026-07-21 18:03:48.236,Set_A,SubC.mp4,0,0.8785040733857697,0.8917072990297394,-0.0204201768024806,-0.9734515306317106,0.3652300088638331,-0.1203988041122448,-0.9444278916082371,-0.9146920515589608,0.0264300493766762,-0.001790528247459,0.3539751939607896,-0.0264300493766762,0.001790528247459,-0.3539751939607896,0.0910721293831288,0.5077282706988633,0.8794609626947392,-0.1521581541793481,0.57645361421407,-0.0973862122199654
2026-07-21 18:03:48.292,Set_A,SubC.mp4,0,0.8626012469649453,0.8832383985498597,-0.0288356978925339,-0.966015271370869,0.3402100704756897,-0.113312827011118,-0.9495920644842254,-0.8972040845241933,0.0316198308692391,-0.0053787461025524,0.3519430480782298,-0.0316198308692391,0.0053787461025524,-0.3519430480782298,0.1020900904601838,0.4835159823533204,0.9211568352361312,-0.1224493785829607,0.5608567031927795,0.0085924687809613
2026-07-21 18:03:48.349,Set_A,SubC.mp4,0,0.927911409285768,0.9205145391896294,-0.0062878366431546,-0.8925747971569329,0.1259401992472967,-0.1029023417567974,-0.8970210305155536,-1.012181858456688,0.0421477566142189,-0.0031525341462498,0.3528689355763883,-0.0421477566142189,0.0031525341462498,-0.3528689355763883,0.0793531487169534,0.4891570911261076,0.7959563155088258,-0.0917493321535232,0.5459501122871204,-0.1138466417791462
2026-07-21 18:03:48.407,Set_A,SubC.mp4,0,0.93122069399468,0.9227551416312822,0.0184908142859315,-0.8684823717806666,0.0341823588584613,-0.1051630887603049,-0.854267768939194,-1.0464174449363643,0.0459999485036504,-0.0012678939554332,0.3387437062326155,-0.0459999485036504,0.0012678939554332,-0.3387437062326155,0.0606248430630612,0.5158980297254285,0.8488411596731887,-0.0451995711636573,0.5504683461068673,-0.101373925205265
2026-07-21 18:03:48.464,Set_A,SubC.mp4,0,0.9354394099551572,0.9275271914743104,0.0091005052280099,-0.8821593229180695,0.0395607918474122,-0.0665096468263398,-0.8504931182189369,-1.0368670179800457,0.0269621771823304,-0.0043963222652611,0.3442151519401298,-0.0269621771823304,0.0043963222652611,-0.3442151519401298,0.0660178158509036,0.5222728878589135,0.8081140840708815,0.0020292691115144,0.5665678321618345,-0.1318891821892494
2026-07-21 18:03:48.520,Set_A,SubC.mp4,0,0.8994861805748005,0.9633185397489874,-0.0145957965628665,-0.939854499791917,0.1216441043775411,-0.0700249448122984,-0.8762144690109324,-0.9551504514922312,0.0354508137912972,-0.0154354054814278,0.341144498129715,-0.0354508137912972,0.0154354054814278,-0.341144498129715,0.0554506933606373,0.5001844723521441,0.968683992770362,0.0108362153086675,0.5707181256958106,-0.0043176082092729
2026-07-21 18:03:48.976,Set_A,SubC.mp4,0,0.8551845625451621,0.91462313353701,-0.0999518754621046,-0.9523235277157164,0.1269922884724619,-0.0471770846638806,-0.9013110082800576,-0.8634650144141482,-0.0275023186008845,-0.0094192868308333,0.3012590730756753,0.0275023186008845,0.0094192868308333,-0.3012590730756753,-0.0806035048157221,0.4935760066363137,0.8142583901852657,0.1295626523782939,0.564124586452618,0.189592711077609
2026-07-21 18:03:49.032,Set_A,SubC.mp4,0,0.8591390763889655,0.8916551443583167,-0.0800677622279593,-0.9460242875345314,0.085095075450695,-0.0347205899382476,-0.8923343270106853,-0.8643647582527136,-0.029701534151469,-0.0251200258029597,0.2911021117479602,0.029701534151469,0.0251200258029597,-0.2911021117479602,-0.080406240785787,0.475240827258417,0.885361560858903,0.1461432051030249,0.5751068173773624,0.3206650552922379
2026-07-21 18:03:49.089,Set_A,SubC.mp4,0,0.8566846646261694,0.9167892755373188,-0.0309213012135965,-0.9904852826702456,0.3452420632204632,-0.0937103678377207,-0.9588649427313004,-0.7747774468577425,-0.0138261777073243,-0.0136855228565031,0.3455761626112549,0.0138261777073243,0.0136855228565031,-0.3455761626112549,-0.1193794369116808,0.5803752692773105,0.8477787924570107,0.1509551273183075,0.6785862393805805,0.1005810131636257
2026-07-21 18:03:49.146,Set_A,SubC.mp4,0,0.877019176392848,0.9084250544854062,0.0111296276841239,-0.9700688063049542,0.240956225743276,-0.0868153078791133,-0.9570055688293044,-0.7707260158543467,-0.0067096768996743,-0.0087062932147822,0.3207118900083379,0.0067096768996743,0.0087062932147822,-0.3207118900083379,-0.1001795957030573,0.5541221782944208,0.6930895716944593,0.1637566304098217,0.624130193921891,0.0660093454479589
2026-07-21 18:03:49.201,Set_A,SubC.mp4,0,0.8749687799505647,0.9171095242905868,0.0025861007287895,-0.991311785139976,0.3126186895590087,-0.0956346547999139,-0.9640464694172428,-0.7223943146518389,0.0090058719070091,-0.0079219972817011,0.3509215147160692,-0.0090058719070091,0.0079219972817011,-0.3509215147160692,-0.0891465525867411,0.5429219487788051,0.7340754874659979,0.1490126403078316,0.6217555342486847,0.0872945977237418
2026-07-21 18:03:49.255,Set_A,SubC.mp4,0,0.8500500523769111,0.936184526750807,-0.0573380249433587,-0.9972534267853732,0.3825931682646564,-0.0912391138336594,-0.9439081160571076,-0.8406506956804098,-0.02645494701196,-0.0074298538045681,0.374760874429692,0.02645494701196,0.0074298538045681,-0.374760874429692,-0.1155945014345796,0.5510727088346261,0.6776588341293689,0.1339606842040586,0.6555420998590952,0.0329954959088747
2026-07-21 18:03:49.311,Set_A,SubC.mp4,0,0.9989923076221616,0.9678369903920928,-0.0412506733061931,-0.9612516307608864,0.1840588231914101,-0.0417776719403168,-0.8738183380614274,-0.9750231102563184,0.0019489849015208,-0.0184259239861922,0.3640394670389969,-0.0019489849015208,0.0184259239861922,-0.3640394670389969,0.0236247613752562,0.5182009834561471,0.500123048167723,-0.0002425682881084,0.5949574658372061,-0.0333452129184244
2026-07-21 18:03:49.425,Set_A,SubC.mp4,0,0.944271731666128,0.8636156189442611,-0.0298749075691347,-0.8900220746988758,0.0120821708001324,0.0456194063635671,-0.8147316742180104,-1.0578195978397955,-0.0419726086696754,-0.0195082491840466,0.3437715789816984,0.0419726086696754,0.0195082491840466,-0.3437715789816984,-0.0075710605010408,0.5033747170777537,0.7461109891748157,0.0957270509489343,0.5974183315645825,0.0707393567175405
2026-07-21 18:03:50.141,Set_A,SubC.mp4,0,0.8782238019487747,0.9602544225118104,-0.0402990510817273,-0.9059871419426992,0.0859080686652401,0.0261875625154195,-0.848464884844102,-1.0459596045705415,-0.014326816581067,-0.0182371193706268,0.3379511856043715,0.014326816581067,0.0182371193706268,-0.3379511856043715,0.1245228251115517,0.5070937651133828,0.8358632427618635,-0.0525928137286106,0.5891986575195071,0.0613475278752808
2026-07-21 18:03:50.579,Set_A,SubC.mp4,0,0.9355859179318048,0.8215148180942997,0.0140401489944182,-0.8536738366385319,0.0357312496935375,0.0121473242052467,-0.824513308721471,-1.1233902594001006,0.0001932919930336,-0.0103133056231175,0.3763034665752615,-0.0001932919930336,0.0103133056231175,-0.3763034665752615,0.0964266426820395,0.5044281166550794,0.7114280537322967,0.0550003428302064,0.6024356773406432,-0.3895426733591339
2026-07-21 18:03:50.634,Set_A,SubC.mp4,0,0.956263320105597,0.8674895954377125,0.013823529428146,-0.8885943650594625,0.0583780127325787,0.0310241790069854,-0.8305767688182898,-1.079377178006283,0.0055289375042094,-0.0183404149261166,0.3673325753377819,-0.0055289375042094,0.0183404149261166,-0.3673325753377819,0.0863779188628661,0.5265250106426621,0.6516985669433508,0.0716766566319869,0.5884859680147552,-0.0256463876588332
2026-07-21 18:03:50.688,Set_A,SubC.mp4,0,0.961877162185468,0.8946557812737505,-0.0001438888088641,-0.894029409651364,0.0056165687869306,0.0139335934068021,-0.8387667917026973,-1.0042291906879546,0.0076154607613959,-0.0287140514678552,0.3232667527755126,-0.0076154607613959,0.0287140514678552,-0.3232667527755126,0.0608140644437207,0.4902188583824837,0.673693682642231,0.0711031955228885,0.5549791357888438,0.0968428137140391
2026-07-21 18:03:51.016,Set_A,SubC.mp4,0,0.959392786889418,0.8590082978303406,0.005922413590464,-0.948208384587848,0.0626299065155648,0.0169954524085855,-0.847742781631962,-0.9424220296740724,-0.045774661588657,-0.0142343618390767,0.2992307343779723,0.045774661588657,0.0142343618390767,-0.2992307343779723,-0.0643740530695801,0.5626618619791248,0.5805061266980781,0.1896122923147654,0.605206164431805,-0.0026102638757271
2026-07-21 18:03:51.069,Set_A,SubC.mp4,0,0.9520844254819508,0.8376530094568972,-0.0071250315359999,-0.9408821417551244,0.102760483570863,0.0399913790424907,-0.8649280068469656,-0.9618120014714376,-0.0462340351481688,-0.0057415337988266,0.3223679328210391,0.0462340351481688,0.0057415337988266,-0.3223679328210391,-0.0736260534542958,0.5830191520635141,0.6322102635610423,0.1925810296796669,0.6252141959871322,-0.0653971488367594
2026-07-21 18:03:51.124,Set_A,SubC.mp4,0,0.9339197264657274,0.831547788193018,-0.0272328060521852,-0.928006651706812,0.0566119917835946,0.0664194834082539,-0.8469878445076342,-0.9774045540505882,-0.0478409882147102,-0.0205622767640063,0.3390840296218341,0.0478409882147102,0.0205622767640063,-0.3390840296218341,-0.0755579994857521,0.5328531571418491,0.8162351848621441,0.1893854477709666,0.5930648587849215,0.0753066410464501
2026-07-21 18:03:51.178,Set_A,SubC.mp4,0,0.912553070333537,0.8245931529348288,-0.043944734283768,-0.9426439520181032,0.1146685586336424,0.071585122212752,-0.8777496634087069,-0.9425593085931054,-0.0509390398216171,-0.016952145645875,0.3411180985183523,0.0509390398216171,0.016952145645875,-0.3411180985183523,-0.093992447953281,0.5259900097394371,0.7344786965410997,0.1828182014780315,0.6308935315138532,-0.0016498552823978
2026-07-21 18:03:51.341,Set_A,SubC.mp4,0,0.9069276652874376,0.8358219179704249,-0.0084740870764906,-0.9397565680631182,0.0795481596796412,0.0579626589714428,-0.8561010789535322,-0.9584373409212916,-0.037593375645428,-0.0375845752536281,0.3258076953935296,0.037593375645428,0.0375845752536281,-0.3258076953935296,-0.0888706703128843,0.4850989930412316,0.7276121232369097,0.1833230322640273,0.5494888714905308,0.067022937341678
2026-07-21 18:03:51.558,Set_A,SubC.mp4,0,0.8900138456406068,0.8685274902251853,-0.0388665023181839,-0.8969793317911157,0.053912249086132,-0.0723192327228845,-0.9131621611567377,-0.8971355337693133,0.00748311948468,-0.0036067827807887,0.3053495909304439,-0.00748311948468,0.0036067827807887,-0.3053495909304439,-0.043644304092766,0.6974906097354816,0.3276496200165777,0.0929972104680214,0.7440435501032047,-0.3681579612584095
2026-07-21 18:03:51.722,Set_A,SubC.mp4,0,0.9059676751578154,0.9488702863279558,-0.1465813012786813,-0.9188485046558668,0.0769835727913968,0.0317370362997559,-0.8896639381178791,-0.9232066752496014,-0.0274135066982022,0.0002095380189464,0.3419386841295394,0.0274135066982022,-0.0002095380189464,-0.3419386841295394,0.0126479373418584,0.6551860736880378,0.6910235070960523,0.0783349539396951,0.6780943275470162,-0.15162515258884
2026-07-21 18:03:51.776,Set_A,SubC.mp4,0,0.9309251536621106,0.9119321336521502,-0.1361760016377866,-1.025872112048928,0.1972006132163389,0.1106562851127552,-0.877980862106534,-0.80932200384722,-0.0538253135358025,-0.008008739826793,0.3529883574077789,0.0538253135358025,0.008008739826793,-0.3529883574077789,0.0206389026688282,0.5402410366781065,0.73619794984816,0.0810944898736589,0.6439878506380973,-0.1397014174093609
2026-07-21 18:03:52.107,Set_A,SubC.mp4,0,0.8832187096543435,0.9317526048332514,0.0130231586362902,-0.8802073862502833,-0.0181225199030539,0.0963164563066482,-0.8527380526512168,-0.9743214101980968,-0.0194632268106424,-0.018683995561611,0.3251384886746563,0.0194632268106424,0.018683995561611,-0.3251384886746563,0.0773233182552033,0.5391794263172918,0.9897580237415722,-0.0259894040108538,0.6177540971972143,0.1162012431577836
2026-07-21 18:03:53.033,Set_A,SubC.mp4,0,0.9376047472460975,0.9283807216448206,0.024098728803688,-1.0077572316181265,0.2522632259984584,0.0090644924658566,-0.8972977249809402,-0.8602647170265281,-0.015257402561027,-0.0340433721685031,0.3344479087073504,0.015257402561027,0.0340433721685031,-0.3344479087073504,-0.0502742117642678,0.489332804442304,0.6420226555976842,0.1336822558731905,0.5461410274364312,0.1669644311863014
2026-07-21 18:03:53.089,Set_A,SubC.mp4,0,0.922612937237646,0.8913308023558775,0.0329969660296385,-1.001203329590332,0.2580357316545705,0.0343876764165848,-0.9162530623086488,-0.8226774721663201,-0.0430942574465967,-0.0353366156629276,0.3159474772897662,0.0430942574465967,0.0353366156629276,-0.3159474772897662,-0.0642188436891897,0.5352969997701208,0.6555445957319448,0.1918674727598718,0.5801827436317942,0.1626582721088573
2026-07-21 18:03:53.142,Set_A,SubC.mp4,0,0.9190903043256096,0.8306690313226703,0.0518481627448754,-0.9851828021409216,0.2055917150708702,0.0296643925372427,-0.8725278365716075,-0.9419794432044044,-0.0437279092618627,-0.0169223617638096,0.3540874936715402,0.0437279092618627,0.0169223617638096,-0.3540874936715402,-0.0517112211955296,0.5081400679173954,0.7680136776049954,0.2200424364037228,0.5793116342579434,-0.0201406337927047
2026-07-21 18:03:53.198,Set_A,SubC.mp4,0,0.9495066788837326,0.8297702712992931,0.0345699636897725,-0.938914977413158,0.0507736625024893,0.008077731641042,-0.8323598690991499,-0.9785487387983396,-0.0056665844845356,-0.0314452597216359,0.3323298762649075,0.0056665844845356,0.0314452597216359,-0.3323298762649075,-0.0607424290068737,0.4646182343901206,0.7356278711141019,0.1816460535692065,0.5380211293023811,-0.0462021079279158
2026-07-21 18:03:53.252,Set_A,SubC.mp4,0,0.8689527272076168,0.8192349024257021,-0.0279354996992435,-0.9796464361499252,0.1475898294083984,0.0376645769812196,-0.8635488209515324,-0.923822133073952,-0.0395833221057229,-0.0029430864832956,0.3441763955760256,0.0395833221057229,0.0029430864832956,-0.3441763955760256,-0.0798585618946047,0.455572751351959,0.968885934105645,0.1797654115884069,0.5382531246429834,0.0422660765910049
2026-07-21 18:03:53.307,Set_A,SubC.mp4,0,0.8906902784537566,0.8409789617025332,-0.0440871136302059,-0.9545485674297072,0.1152330946694029,0.0193327389327113,-0.8651008134875531,-0.9448494828035616,-0.0329514815820691,-0.0107208921873463,0.3380579574001459,0.0329514815820691,0.0107208921873463,-0.3380579574001459,-0.0900378035428162,0.4664029484174047,0.8866556855218248,0.1696831320300213,0.548137784280344,0.054669446514221
2026-07-21 18:03:53.361,Set_A,SubC.mp4,0,0.8821456827823496,0.8566292153856627,-0.0303389611144565,-1.008671720908369,0.2251531312583423,0.0697060439999725,-0.8745770895647227,-0.8973317910183565,-0.0428801771173934,-0.0202305091364902,0.3405489946903716,0.0428801771173934,0.0202305091364902,-0.3405489946903716,-0.0911150772552219,0.5355166667627256,0.8169369798660789,0.2026258975789268,0.5998317072607753,0.1327632337966083
2026-07-21 18:03:53.472,Set_A,SubC.mp4,0,0.7479866092353749,0.9062420664006148,-0.1846829443849124,-0.8231148098872546,-0.1304848176055322,-0.1627092163908682,-0.7324799068226053,-1.0775895857223028,0.0053863254926282,-0.0250079749348197,0.2726844810517176,-0.0053863254926282,0.0250079749348197,-0.2726844810517176,-0.0892528518876681,0.3809368358716689,1.0714313511867988,-0.0198363545205998,0.5218630821036258,0.4133335092388732
2026-07-21 18:03:53.527,Set_A,SubC.mp4,0,0.853512068235384,0.984002939911854,-0.10420832016911,-0.8707940403580041,-0.0776569111880345,-0.0836206262831876,-0.7787108430511451,-1.0376250829659055,0.0085168864182843,-0.016013075283368,0.2820937082956158,-0.0085168864182843,0.016013075283368,-0.2820937082956158,-0.1057145342313431,0.440657142248124,0.7716394811314649,0.0342826479239744,0.5326361935231105,0.1657673972742127
2026-07-21 18:03:53.582,Set_A,SubC.mp4,0,0.8796060207273706,0.9310667813623988,-0.0099513809952035,-0.8592920017271354,-0.0368731013751697,-0.0197865864683482,-0.7930709654256809,-1.0895425759274318,-0.0050980455687064,-0.0128935054928499,0.3322806759252402,0.0050980455687064,0.0128935054928499,-0.3322806759252402,-0.0868450752564745,0.4452546354191189,0.8523132310048701,0.0601560148980785,0.5367412935547916,0.0519717583464771
2026-07-21 18:03:53.636,Set_A,SubC.mp4,0,0.9037041937304005,0.9695898820318234,-0.0955220994400271,-0.8015717210500705,-0.138205613461261,-0.1277741220790742,-0.7082720272406923,-1.1542767474251814,0.0296348102143138,-0.0392389352003843,0.3029244578491862,-0.0296348102143138,0.0392389352003843,-0.3029244578491862,0.0794041357410065,0.3214860282576057,0.8522124086040846,-0.0180749556495537,0.5042045692361903,0.1616248696220742
2026-07-21 18:03:53.773,Set_A,SubC.mp4,0,0.9069583673719126,0.9843157628635366,-0.0961306993458671,-0.8429498711944171,-0.1027392335835722,-0.1344767431311448,-0.7812452373473955,-1.0412933082888436,0.0173302613955208,-0.0451931274855767,0.274011438963305,-0.0173302613955208,0.0451931274855767,-0.274011438963305,0.0860758354856019,0.3596605352971669,0.842448831066437,-0.0478812822436734,0.4953755210474673,0.3029724108960548
2026-07-21 18:03:53.832,Set_A,SubC.mp4,0,0.762892169718675,0.9126011205906254,-0.0674350295049035,-0.796291480717284,-0.1180873219176357,-0.1977879475373227,-0.7279976634471995,-1.1492718921298912,0.0342965049488214,-0.0496697915960857,0.2931339967223199,-0.0342965049488214,0.0496697915960857,-0.2931339967223199,0.2900899859703259,0.1077850184453128,0.8390837765328382,-0.0411620377935274,0.5144421690520147,0.1575751845991454
2026-07-21 18:03:53.890,Set_A,SubC.mp4,0,0.9527094404667616,0.945854264340508,-0.0502110694808533,-0.8676736403929594,-0.0555503166648153,-0.2161441280075108,-0.816019042907416,-0.990506018802695,0.0477060286075263,-0.0463867814215804,0.2842224199526571,-0.0477060286075263,0.0463867814215804,-0.2842224199526571,0.1623778357421188,0.3953558096413526,0.661426845152778,-0.0810981802834234,0.6185673975223116,0.2434941702876869
2026-07-21 18:03:53.946,Set_A,SubC.mp4,0,0.8917116509468446,0.9480889807480688,-0.0172060830151351,-0.8484027529655807,-0.0822146055936274,-0.153452700357496,-0.8003141979222734,-1.0369851064831896,0.0451355146339625,-0.0371078896190497,0.2885274024670292,-0.0451355146339625,0.0371078896190497,-0.2885274024670292,0.0688809087717289,0.4315422459961499,0.956330530505492,-0.0512566859231754,0.5575700866284781,0.3646450169237928
2026-07-21 18:03:54.001,Set_A,SubC.mp4,0,0.8861789293670846,0.9384507042885784,0.0152012031007799,-0.867444582099586,-0.0858155994672311,-0.1798825376426931,-0.8198590377932372,-0.9752624147947122,0.0634932650546381,-0.0297567515244031,0.2596838348400316,-0.0634932650546381,0.0297567515244031,-0.2596838348400316,0.108689430583229,0.4374774517886431,0.9593863723771724,-0.0779137314968399,0.554761748168494,0.3646685068317337
2026-07-21 18:03:54.056,Set_A,SubC.mp4,0,0.9223893381937844,0.9687838108629284,0.0336326710153229,-0.824171045196438,-0.2135133089543111,-0.1528184398080121,-0.7694136261982056,-0.9891016117968502,0.0720894607565758,-0.0117110624545877,0.2219057939862328,-0.0720894607565758,0.0117110624545877,-0.2219057939862328,0.0538589246567173,0.4619641967487299,0.7861438485687698,-0.0654659219178624,0.5152929076239038,0.2725131676338177
2026-07-21 18:03:54.111,Set_A,SubC.mp4,0,0.9104896995631552,0.9295979433210416,0.0071511569052248,-0.8624631869216969,-0.1614996726316789,-0.210702769589047,-0.7822689070877404,-0.9580641173817112,0.0743309417469703,-0.023654182114961,0.2280529886526383,-0.0743309417469703,0.023654182114961,-0.2280529886526383,0.077481180245199,0.4907888407650909,0.8967888844595833,-0.1237743392765301,0.5381582625248372,0.3462993111951629
2026-07-21 18:03:54.165,Set_A,SubC.mp4,0,0.9517163091426648,0.9369751024494372,0.055317847311114,-0.832298578684438,-0.2164211627754434,-0.1951690198575426,-0.7908102342733033,-0.943733753964688,0.077846442355762,-0.0187446953227214,0.2078550008088968,-0.077846442355762,0.0187446953227214,-0.2078550008088968,0.0534456121065693,0.5088280534544488,0.6675159538577025,-0.1188578563703722,0.5349092295857126,0.2559624384320448
2026-07-21 18:03:54.220,Set_A,SubC.mp4,0,0.945231754118117,0.9127122313524306,-0.0063425845185479,-0.8513122080430527,-0.1552986117669194,-0.3027711844705913,-0.8116904084165405,-0.9118803682874465,0.0665551896107247,-0.0310995480410878,0.2286197124551561,-0.0665551896107247,0.0310995480410878,-0.2286197124551561,0.0511266682348939,0.5990278523132049,0.731973106946573,-0.0948377515614998,0.6206772554788145,0.2311897149196845
2026-07-21 18:03:54.276,Set_A,SubC.mp4,0,0.9456249569181784,0.9111325241591884,0.0409057037836403,-0.8484678643240683,-0.2234699677404495,-0.2383464333807223,-0.8169031862394438,-0.8662806561369386,0.060668669812661,-0.0372286911392106,0.1829344585287356,-0.060668669812661,0.0372286911392106,-0.1829344585287356,0.0524868834294636,0.5539711270056485,0.6165421861806457,-0.1583176344755503,0.571669447546493,0.2485992578036506
2026-07-21 18:03:54.330,Set_A,SubC.mp4,0,0.9346161174368772,0.8975913031914309,0.0620809561873636,-0.8024571250191829,-0.3778937146870225,-0.2471191654011743,-0.7646876878043787,-0.8508527997622152,0.0857838121909248,-0.0231721925607104,0.1441663533464077,-0.0857838121909248,0.0231721925607104,-0.1441663533464077,0.0602799671284929,0.5737788475883782,0.4131932294067714,-0.0895967890268349,0.5380037315912722,0.0751385539449154
2026-07-21 18:03:54.384,Set_A,SubC.mp4,0,0.9592791701308048,0.9056065160620184,0.1163393992774882,-0.8416646661715631,-0.3531365687934594,-0.224745690212768,-0.8304961458334681,-0.7387087933711329,0.0935610139569297,-0.0019643887323563,0.129893438271653,-0.0935610139569297,0.0019643887323563,-0.129893438271653,0.0743711515707888,0.5856192575904453,0.3745491258469476,-0.1431201782085479,0.5870493128627005,0.0468798744659208
2026-07-21 18:03:54.439,Set_A,SubC.mp4,0,0.9394578587432112,0.9034162659136906,0.171744953813409,-0.8231744922281283,-0.4681150034840438,-0.1881310357971127,-0.8148504049526081,-0.6793194968397267,0.0955778466858976,0.0004249180019338,0.0688088561638356,-0.0955778466858976,-0.0004249180019338,-0.0688088561638356,0.0746781001364162,0.5687970826297168,0.1729868020888388,-0.1633152777460934,0.5348347382033343,-0.0055838980179982
2026-07-21 18:03:54.493,Set_A,SubC.mp4,0,0.962158530471507,0.940881124598992,0.1501418381611908,-0.7561128224720557,-0.573150834646968,-0.172651862989137,-0.752195132344944,-0.7400515154187045,0.0915054599430323,0.000373352911561,0.0623616844988705,-0.0915054599430323,-0.000373352911561,-0.0623616844988705,0.0678471729142375,0.4895473808828758,0.3493317192898664,-0.1544119953897845,0.450621109332708,0.2205424204600813
2026-07-21 18:03:54.550,Set_A,SubC.mp4,0,0.9594814527079611,0.9062652190829632,0.1496499785206249,-0.7568609063571949,-0.6147964039048112,-0.1759352019674309,-0.7550708543918482,-0.6941617458718153,0.0871160568632587,0.0107570917053517,0.0453822671903872,-0.0871160568632587,-0.0107570917053517,-0.0453822671903872,0.068406307653237,0.4700571695976717,0.3828205093876536,-0.150304541050503,0.4835566827807453,0.2498218224555042
2026-07-21 18:03:54.604,Set_A,SubC.mp4,0,0.9545499959624488,0.922248006659406,0.1640354792146514,-0.7544234841434764,-0.6227168670377452,-0.1570026270349868,-0.7615046043550757,-0.6818568447514142,0.0861668624885404,0.0074836870223221,0.0499556458428026,-0.0861668624885404,-0.0074836870223221,-0.0499556458428026,0.0605228282676362,0.4200939613130611,0.382988349102945,-0.1360880031147269,0.4385109287879357,0.2451163388212065
2026-07-21 18:03:54.658,Set_A,SubC.mp4,0,0.950606871380274,0.9138891372351272,0.176073605693087,-0.775568755033471,-0.6502958536031854,-0.1731491030906564,-0.7545825922502919,-0.637581586874057,0.0949934456056157,0.0086713669246076,0.0441112862620386,-0.0949934456056157,-0.0086713669246076,-0.0441112862620386,0.0553348989662918,0.4901431809564963,0.3138783334146058,-0.1493375477010043,0.4567328073039178,0.0833379504858738
2026-07-21 18:03:54.713,Set_A,SubC.mp4,0,0.933232127667418,0.9199774624507332,0.1784301542293923,-0.7611313241233654,-0.7094948596661943,-0.1648800102014327,-0.7302327764278217,-0.6230401354404894,0.0919644422125521,0.0055073739247383,0.0015873541077542,-0.0919644422125521,-0.0055073739247383,-0.0015873541077542,0.0584651576072416,0.4692616026712098,0.2265882868988259,-0.1468981237489324,0.4473375897671544,0.2751345090665068
2026-07-21 18:03:54.768,Set_A,SubC.mp4,0,0.9808887841590456,0.9281770752613592,0.1892054466063302,-0.8305919363674718,-0.6089518225313154,-0.1873098462257056,-0.8019092286689162,-0.5464426351557694,0.1018676190814573,0.0084191072336648,0.0093846010979569,-0.1018676190814573,-0.0084191072336648,-0.0093846010979569,0.0455776893301925,0.5217982439878058,0.3776246107394937,-0.1496281604030676,0.4707221098947306,0.2490610940460808
2026-07-21 18:03:54.823,Set_A,SubC.mp4,0,0.8699816697090483,0.8174846702127957,0.0892504094450739,-0.7499569444777029,-0.7749356118872293,-0.2420290528714344,-0.7106090527313187,-0.5827851450836647,0.0760573119477433,-0.0110473142405874,-0.0715544479983102,-0.0760573119477433,0.0110473142405874,0.0715544479983102,0.0145496917661769,0.5076889451841737,0.1919740311327607,-0.1977181773586437,0.4417249372419299,0.2912507582102052
2026-07-21 18:03:54.880,Set_A,SubC.mp4,0,0.7476129325939102,0.6273770442579141,0.1222199574041929,-0.7956903370207241,-0.792939868827776,-0.2574592348442363,-0.7320150139838357,-0.4907371537715732,0.1034710830230674,-0.0057048622475968,-0.1105072351495514,-0.1034710830230674,0.0057048622475968,0.1105072351495514,0.0714579429971227,0.5318272889506104,-0.4703055952406631,-0.2067149987474944,0.4220732193663046,-0.3810783956843057
2026-07-21 18:03:54.989,Set_A,SubC.mp4,0,0.7682937994423978,0.6912175901107798,0.1305810622852779,-0.8623799255243907,-0.6852719073151218,-0.2553970802564901,-0.768951199262784,-0.4650235864422091,0.1051634025890929,-0.0071851337435933,-0.0518402721868281,-0.1051634025890929,0.0071851337435933,0.0518402721868281,0.0741959365194736,0.5527557675852167,-0.3910892250018226,-0.1906236870390469,0.4443394033985712,-0.4095984425049902
2026-07-21 18:03:55.044,Set_A,SubC.mp4,0,0.9732809751586182,0.9308863148431856,0.1724726371793815,-0.8364568860526693,-0.72035818655151,-0.1909641171112547,-0.7843667245564018,-0.4512172008914422,0.0962725201678253,0.003977642347694,-0.0378866353144593,-0.0962725201678253,-0.003977642347694,0.0378866353144593,0.026590803590661,0.47806468218376,0.4156315877683353,-0.1357882713614444,0.4676935581486934,0.3744865949701754
2026-07-21 18:03:55.153,Set_A,SubC.mp4,0,0.9690835417762004,0.9228881417951896,0.177726881156383,-0.8797210456632498,-0.7394730605181051,-0.2000340670576636,-0.8225460190085799,-0.3101884230044247,0.1003329097319848,-0.0006266916393664,-0.1135000395138623,-0.1003329097319848,0.0006266916393664,0.1135000395138623,0.0361310081815389,0.5183404504951674,0.2432401802982404,-0.142027219010338,0.4979506204951086,0.4405142104996353
2026-07-21 18:03:55.263,Set_A,SubC.mp4,0,0.9779916745699906,0.9501225894912751,0.1834326741182297,-0.8452289697132923,-0.8294463520995234,-0.1595277902883994,-0.7993323049405175,-0.3084669883786162,0.0955925879490692,0.0115012338642058,-0.1314751668283627,-0.0955925879490692,-0.0115012338642058,0.1314751668283627,0.0547483946975505,0.484697376293171,0.2360334195470423,-0.1258310661942243,0.4643104074893474,0.5225344114456191
2026-07-21 18:03:55.317,Set_A,SubC.mp4,0,0.9685201441198582,0.9290300734201892,0.1665464431349863,-0.8655744848437728,-0.8166195015154313,-0.1721900127595594,-0.8288679911563982,-0.2458459546987004,0.0974840443123915,0.0053399762454224,-0.1447716598875454,-0.0974840443123915,-0.0053399762454224,0.1447716598875454,0.0474860804464969,0.4891791869313041,0.1842128696014239,-0.1447660039040733,0.4730639910131934,0.5559532577348485
2026-07-21 18:03:55.427,Set_A,SubC.mp4,0,0.9358229493542856,0.948379366504164,0.1410946652751097,-0.8272596671667796,-0.863784121713704,-0.1760828291803846,-0.7700120673746113,-0.3393363354399736,0.0922641891992244,0.0121410156491061,-0.1290898898052524,-0.0922641891992244,-0.0121410156491061,0.1290898898052524,0.0331176751683812,0.4747267452750172,0.1701404723630309,-0.1295566331425125,0.4688091001222771,0.4563913988792037
2026-07-21 18:03:55.482,Set_A,SubC.mp4,0,0.8708445614423472,0.8872217621905708,0.1170652763913527,-0.7858777429706821,-0.9299027740140512,-0.1997073546203863,-0.755056446174267,-0.3423755413046468,0.0937903807964431,0.0102364728798322,-0.1385857599293931,-0.0937903807964431,-0.0102364728798322,0.1385857599293931,0.0766035341897844,0.4655454487605359,0.0489346627759197,-0.1690282142371598,0.4496145442239655,0.326902226377915
2026-07-21 18:03:55.537,Set_A,SubC.mp4,0,0.8604295860545789,0.8537166589203271,0.1241868533767077,-0.7810592571558965,-0.9540881932493908,-0.1870045929890546,-0.7458273973529034,-0.3361331350012782,0.094331338489556,0.0171676864462319,-0.1593156797041532,-0.094331338489556,-0.0171676864462319,0.1593156797041532,0.0445097036285289,0.4889159221051632,-0.0811066504157723,-0.1837648120593045,0.4473844040712072,0.1354767722726736
2026-07-21 18:03:55.591,Set_A,SubC.mp4,0,0.9212229001562116,0.9260588512870171,0.1389047933469664,-0.8079395989968958,-0.9751159542475905,-0.1678521830719206,-0.7890399917852233,-0.2285527025070363,0.0939245593986799,0.0161454305010308,-0.2067621983683643,-0.0939245593986799,-0.0161454305010308,0.2067621983683643,0.0609981907299397,0.4995716773263113,0.088233243583792,-0.1663578561133766,0.4704884396960349,0.5753784915871295
2026-07-21 18:03:55.646,Set_A,SubC.mp4,0,0.7959317713330053,0.7514775011082839,0.0352117070901699,-0.6729455338621234,-1.053442743501775,-0.2268683570956237,-0.6348468052689427,-0.4475392438047955,0.0833233641152434,0.0115441331935554,-0.1827554151731104,-0.0833233641152434,-0.0115441331935554,0.1827554151731104,0.0397911205087388,0.4878798426835231,-0.1099458436823727,-0.1948859563093793,0.3899878536287454,0.0197297523288621
2026-07-21 18:03:55.700,Set_A,SubC.mp4,0,0.8544347872954542,0.8532012717279643,0.1206409316878902,-0.7735404067770487,-1.009303011386205,-0.1682214382581158,-0.754584926079007,-0.2801034654387294,0.092609455683189,0.0151306035483679,-0.1990969529460466,-0.092609455683189,-0.0151306035483679,0.1990969529460466,0.0692215621994924,0.464900008517577,-0.1491226418554061,-0.1949717563924558,0.4428605890207506,0.193499360427977
2026-07-21 18:03:55.755,Set_A,SubC.mp4,0,0.8020766438555034,0.8021014573927923,0.1055061234471513,-0.7460713666507289,-1.019486033914034,-0.189750910426115,-0.7192515397072407,-0.3390910143130815,0.0988363764774411,0.0156981145573445,-0.1761211527733212,-0.0988363764774411,-0.0156981145573445,0.1761211527733212,0.0794400141855794,0.5035687350744419,-0.2640987072519474,-0.199162682007208,0.4755087988752707,-0.0666636596472875
2026-07-21 18:03:55.809,Set_A,SubC.mp4,0,0.8038545380749054,0.8081990695707274,0.1112085741782561,-0.6840422862499123,-1.0668826623497816,-0.1622936330892436,-0.6623426244753213,-0.4111694304153771,0.0861021894496684,0.0269782699556271,-0.1686519515972724,-0.0861021894496684,-0.0269782699556271,0.1686519515972724,0.0953445405425562,0.4413455773810808,-0.173753668305206,-0.1791156065842405,0.4427484316333744,0.0231205303826457
2026-07-21 18:03:55.864,Set_A,SubC.mp4,0,0.7874987558866053,0.7583305828958635,0.097309928351971,-0.6115322512398288,-1.056310716748623,-0.1655544194558844,-0.608532587030607,-0.5269721006438046,0.0891718741363313,0.0154897669869673,-0.104189961981938,-0.0891718741363313,-0.0154897669869673,0.104189961981938,0.0741848683606055,0.4669416751320429,-0.1037626795611797,-0.1727676947833831,0.4566618218358933,-0.1847228192606004
2026-07-21 18:03:55.918,Set_A,SubC.mp4,0,0.8381184637792933,0.8763919296855294,0.1447158190110859,-0.7748546505286681,-1.0140422247782364,-0.165687769815055,-0.7931352936759877,-0.2273149809254874,0.0967045689451796,0.0173895908474352,-0.1939817193392757,-0.0967045689451796,-0.0173895908474352,0.1939817193392757,0.0985429575437076,0.504955225283031,-0.2040706261168771,-0.1757765933323032,0.4812366819478915,0.1341469787425848
2026-07-21 18:03:55.974,Set_A,SubC.mp4,0,0.9012904239551351,0.9044457652910416,0.135969764722833,-0.8047204878733132,-1.023363450993221,-0.1791918477888791,-0.7788343077085812,-0.1974911926581094,0.0986503308809354,0.0109963192912374,-0.2166630681567589,-0.0986503308809354,-0.0109963192912374,0.2166630681567589,0.1128555569099884,0.485376295012927,0.0019363464685421,-0.1830137472837337,0.4721055453147283,0.3577104658242422
2026-07-21 18:03:56.029,Set_A,SubC.mp4,0,0.8729909019962436,0.908074792115261,0.1312148560460609,-0.7994623326566259,-1.0230969256159728,-0.1775647769251156,-0.7804735152993749,-0.2023231660987248,0.0983047772125446,0.0117212979523612,-0.2180400790677232,-0.0983047772125446,-0.0117212979523612,0.2180400790677232,0.1068587310868056,0.5036732385560845,-0.0686860823713102,-0.1743784550594834,0.4770365350267422,0.6426078571169729
2026-07-21 18:03:56.084,Set_A,SubC.mp4,0,0.8110089845832368,0.8708948321212598,0.1273291186921224,-0.8050850372026559,-0.986529880128123,-0.1856856275824632,-0.8165433448600324,-0.1826219099996089,0.0996613625654547,0.0021800024470593,-0.2065050190492343,-0.0996613625654547,-0.0021800024470593,0.2065050190492343,0.1075194182673539,0.5443605554246074,-0.3716184000589545,-0.1886484215319669,0.5141589037241944,0.1590166494938916
2026-07-21 18:03:56.139,Set_A,SubC.mp4,0,0.8997497434120888,0.915766746588966,0.1586497459430039,-0.8525145820571567,-1.008725398780555,-0.1352499050650433,-0.8532286569519691,-0.0352537437417193,0.0890672083329207,0.0057642678550736,-0.2669872146825245,-0.0890672083329207,-0.0057642678550736,0.2669872146825245,0.136105646745561,0.5444175214237563,-0.05497163066668,-0.1539874059109489,0.4941172010489533,0.7871182536410277
2026-07-21 18:03:56.193,Set_A,SubC.mp4,0,0.8984915642825257,0.9156762039674314,0.1549425000571945,-0.8063411979742744,-1.0204478327626847,-0.1296125581531609,-0.8294363649287061,-0.1300260516633478,0.0868433090267619,0.0077261313176152,-0.2578404718222095,-0.0868433090267619,-0.0077261313176152,0.2578404718222095,0.1413254577580859,0.5144277027244532,0.0307903294368521,-0.1387291655341231,0.4683183200757658,0.8643584012717797
2026-07-21 18:03:56.248,Set_A,SubC.mp4,0,0.9080513602981148,0.9377819218304292,0.1610259646218028,-0.8586178567981306,-0.9862389357992806,-0.1460027829055043,-0.8375193210461827,-0.0734275107514477,0.0904672599144343,0.0020166857563952,-0.2589523396615729,-0.0904672599144343,-0.0020166857563952,0.2589523396615729,0.1406880527322378,0.5517030307633343,-0.0050610718084911,-0.1423703737455085,0.513514550266305,0.7320914222287949
2026-07-21 18:03:56.302,Set_A,SubC.mp4,0,0.8925140111324985,0.9486362006526632,0.1581138387771916,-0.8246521107515866,-1.0082553183688692,-0.1221772921972519,-0.819898604539697,-0.1293568780560969,0.0859858694681541,0.0030885574810548,-0.2461091277043254,-0.0859858694681541,-0.0030885574810548,0.2461091277043254,0.1454987899956732,0.5052021647829762,0.0829699605624027,-0.11254812410613,0.4853875250886451,0.6699830824278603
2026-07-21 18:03:56.356,Set_A,SubC.mp4,0,0.8959907629659628,0.9044818351793124,0.1379917445557704,-0.8452727571814518,-1.020143869765434,-0.1190898850156581,-0.8194047703022165,-0.0882294649899573,0.084072233906413,0.0029767524626932,-0.2664656302816578,-0.084072233906413,-0.0029767524626932,0.2664656302816578,0.1358500146413095,0.4707240553815851,0.0581811993357369,-0.0930265861549521,0.4524904691898383,0.8695543627822655
2026-07-21 18:03:56.412,Set_A,SubC.mp4,0,0.9076651245076336,0.8967202797248719,0.1542759522550815,-0.8609955113154102,-1.0050246100887414,-0.1044263139114196,-0.8410723464884671,-0.044013054148309,0.0807613695163678,0.0035211801848573,-0.2680744244947388,-0.0807613695163678,-0.0035211801848573,0.2680744244947388,0.1332860179765805,0.506476129455399,0.1726775231322642,-0.0897868601187998,0.4681403556956229,0.8835908357720053
2026-07-21 18:03:56.466,Set_A,SubC.mp4,0,0.9135407586635796,0.9367858613325016,0.1418647004537606,-0.836047721879861,-1.036212769162565,-0.0983664818785155,-0.8308248951791897,-0.0681619785926935,0.0723415522952326,-0.0005176340150773,-0.276241542583571,-0.0723415522952326,0.0005176340150773,0.276241542583571,0.118116983618846,0.4996562841993506,0.2321106122248783,-0.0820484464711737,0.4627007334239,0.7361566755130295
2026-07-21 18:03:56.523,Set_A,SubC.mp4,0,0.91390543187344,0.9356653655627842,0.152383137296692,-0.8195279249175903,-1.0395391282882671,-0.0897716838646413,-0.8226196892976949,-0.1003867548401814,0.0716456478717991,0.001831012456474,-0.2671227892020254,-0.0716456478717991,-0.001831012456474,0.2671227892020254,0.102121542798758,0.5194361623825937,0.238680766445664,-0.0624937705128182,0.470237376819649,0.6855447668367575
2026-07-21 18:03:56.577,Set_A,SubC.mp4,0,0.9216047986969822,0.9277774572152424,0.1537310969891752,-0.8154794911275774,-1.0443998564432495,-0.0872801375380754,-0.8103759736336232,-0.1184321510686561,0.0700032089676961,0.0048814134193213,-0.2613725311907167,-0.0700032089676961,-0.0048814134193213,0.2613725311907167,0.0807601560270751,0.5059862717868618,0.3280386932884929,-0.0494051009130404,0.4635203502310657,0.6776243131714329
2026-07-21 18:03:56.631,Set_A,SubC.mp4,0,0.9542840523561396,0.9040015959157052,0.1452700134335367,-0.8583442138627355,-1.0118193791867829,-0.0888728003400079,-0.8529847461833499,-0.0217049528261927,0.0660088891117574,0.006407892662858,-0.2817784135972777,-0.0660088891117574,-0.006407892662858,0.2817784135972777,0.0469817602495735,0.5207606588199676,0.2218554783170823,-0.0420813961266065,0.4813787981241453,0.7930810624500491
2026-07-21 18:03:56.686,Set_A,SubC.mp4,0,0.9703450021402495,0.9153329245499252,0.1539932331272781,-0.8608925301089205,-0.9836781552096576,-0.0654666676700475,-0.8821727209351534,0.0070069834169161,0.0565742910208707,0.0109808466882234,-0.2995673481377554,-0.0565742910208707,-0.0109808466882234,0.2995673481377554,0.0256045845183533,0.5598442524679877,0.1459532371542576,-0.0002295623550168,0.5236165074643471,0.740501999876863
2026-07-21 18:03:56.741,Set_A,SubC.mp4,0,0.9797645219187096,0.885462385126023,0.1586328029877357,-0.8976574428249879,-0.9464463073010309,-0.0645677150137409,-0.9040761895110698,0.0833659649611297,0.0616451579105958,0.0195256396972743,-0.3082321920842094,-0.0616451579105958,-0.0195256396972743,0.3082321920842094,0.0143324039805831,0.558447777717547,0.1906508106677,-0.0372341187720554,0.474376558390885,0.8786458180679607
2026-07-21 18:03:56.795,Set_A,SubC.mp4,0,0.9453782303191216,0.8516869907515976,0.158305097917639,-0.9254295365298828,-0.8844875903264963,-0.0721478730673681,-0.9348026886273548,0.1550268298378645,0.0571853934940139,0.0217961731900457,-0.3193509192571281,-0.0571853934940139,-0.0217961731900457,0.3193509192571281,-0.0035328173947046,0.5587781201397362,0.2889511016649935,-0.02558052256542,0.452664858703484,1.0034867056931889
2026-07-21 18:03:56.849,Set_A,SubC.mp4,0,0.966835896306704,0.8852157293342306,0.1595553908998005,-0.9101710410353414,-0.9048048169674549,-0.0762713269870091,-0.9230188751101984,0.1095196504765419,0.0527909587365885,0.0099580550958821,-0.310606049358003,-0.0527909587365885,-0.0099580550958821,0.310606049358003,-0.0228558570323471,0.5671195598839575,0.2350721183008092,-0.0098990338238089,0.5164441394274945,0.863008681166092
2026-07-21 18:03:56.903,Set_A,SubC.mp4,0,0.941354577836652,0.8905979044370694,0.1601341673913502,-0.9129082054122718,-0.9256286022653224,-0.0746987770841035,-0.9106750941511004,0.1087780996416088,0.0524708822499955,0.0124454210326712,-0.3384393847831328,-0.0524708822499955,-0.0124454210326712,0.3384393847831328,-0.0577499894153492,0.6049372509396906,-0.062447877141073,0.0220241379409455,0.5476906714120057,0.8617560619720708
2026-07-21 18:03:56.958,Set_A,SubC.mp4,0,0.9238620181271674,0.8900334621090342,0.1501252014142076,-0.897809284139628,-0.9374546573176544,-0.0871036658229221,-0.904087339549524,0.0718930803115174,0.0594385029691188,0.0083822904783615,-0.326468653775759,-0.0594385029691188,-0.0083822904783615,0.326468653775759,-0.0565153835376419,0.5950252673698605,-0.0390795498528826,0.0224255565914727,0.5283172721286328,0.8630378661156345
2026-07-21 18:03:57.013,Set_A,SubC.mp4,0,0.915242352052393,0.9055300467564794,0.1604599949955248,-0.8956235171168,-0.967969314957503,-0.09864046371317,-0.8772879943789156,0.044409290942817,0.0642732231572988,0.0054678690499489,-0.3357311587144578,-0.0642732231572988,-0.0054678690499489,0.3357311587144578,-0.0532971852628837,0.5763109233158339,-0.0695051373522335,0.0271076214312711,0.5633690331643141,0.8333266851431325
2026-07-21 18:03:57.068,Set_A,SubC.mp4,0,0.9248200044599504,0.852823111624728,0.1492041163878418,-0.8814578695451153,-0.9845567010420612,-0.0896498677322178,-0.8927674216834994,0.0633738161425415,0.0497606632115763,0.0022154597190072,-0.3374217368384225,-0.0497606632115763,-0.0022154597190072,0.3374217368384225,-0.0726851125879811,0.5641703268645543,0.1921167262373616,0.0272539286638689,0.5084868567482826,1.0908271489296009
2026-07-21 18:03:57.123,Set_A,SubC.mp4,0,0.9129195060174088,0.8656711122068634,0.1541714276180398,-0.8863692899762398,-0.9511982581270476,-0.0927302867222037,-0.9004732493639758,0.0548619787041802,0.0512636591216028,0.0019985013302224,-0.3206920009557943,-0.0512636591216028,-0.0019985013302224,0.3206920009557943,-0.0904706852181904,0.5991821988216476,0.0009913051642171,0.0374274499120839,0.5332547549396833,0.9359930230062914
2026-07-21 18:03:57.181,Set_A,SubC.mp4,0,0.913366128966278,0.8751871880091664,0.1528888862244396,-0.9042656800868232,-0.9431142254640024,-0.0904203670685981,-0.8920651083745889,0.0660205118050354,0.0484259661870977,0.0024021979924768,-0.319779315260512,-0.0484259661870977,-0.0024021979924768,0.319779315260512,-0.080040810683649,0.6388947612514871,-0.0368518293442866,0.0729575247984359,0.5302613980721766,0.8122231075590025
2026-07-21 18:03:57.236,Set_A,SubC.mp4,0,0.9079726798584796,0.8797757151274861,0.1375603479578679,-0.8602963995793171,-1.016673970983433,-0.0762375517200104,-0.8678326999478835,0.0117812752049848,0.0391085935913671,0.0043959476903051,-0.3225758906251518,-0.0391085935913671,-0.0043959476903051,0.3225758906251518,-0.0638143622572723,0.6051689809116272,-0.0654897509910228,0.0860591100936452,0.5049582331523363,0.7884955580201883
2026-07-21 18:03:57.291,Set_A,SubC.mp4,0,0.8937116933073295,0.862581538654071,0.149915865743872,-0.8776612680462468,-0.963728791806686,-0.0731088112024529,-0.8979178392218187,0.0464395733996387,0.0323962231638296,0.0101816156303076,-0.3294497737799413,-0.0323962231638296,-0.0101816156303076,0.3294497737799413,-0.0665444466188914,0.6014062714219929,-0.180698811763663,0.1020409229213141,0.4803305989497088,0.8401583356094626
2026-07-21 18:03:57.345,Set_A,SubC.mp4,0,0.896434428660596,0.9104129141281732,0.1261337755057755,-0.8373073447100262,-1.024814532612558,-0.0776390054317609,-0.8845254638715888,0.0084779561933999,0.0337132317438349,0.0129684445261762,-0.3385303749416451,-0.0337132317438349,-0.0129684445261762,0.3385303749416451,-0.0652198118909809,0.5484379209454362,-0.1347754858300071,0.0786616568727713,0.4736349934364512,0.7514632373283842
2026-07-21 18:03:57.399,Set_A,SubC.mp4,0,0.8905044578445089,0.8892972155630632,0.1486231088290998,-0.8597186049712506,-0.9991855573185446,-0.0733611697407442,-0.8868619686831404,0.0276960101499922,0.039598487732641,0.0117542611918057,-0.3561675883787054,-0.039598487732641,-0.0117542611918057,0.3561675883787054,-0.0510432929109682,0.5849188692393377,-0.2766607637457775,0.0809142728681431,0.5191478464853133,0.791054961352106
2026-07-21 18:03:57.455,Set_A,SubC.mp4,0,0.8812431743156237,0.9007333351439724,0.1333534444004135,-0.8576573460129693,-1.056398209758921,-0.057623292963066,-0.882355290449403,0.0732293691651289,0.0374173140756055,0.0103458871690239,-0.3706253212585133,-0.0374173140756055,-0.0103458871690239,0.3706253212585133,-0.0368599459145044,0.5873975809470093,-0.3020977356796626,0.0563204621745866,0.5029784333009334,0.8104401460074209
2026-07-21 18:03:57.509,Set_A,SubC.mp4,0,0.9692399746433864,0.8820864412484563,0.1806573816911113,-0.849277949582775,-1.023639936951579,-0.0060471569336191,-0.8887902874818474,0.0496635138708076,0.0468941870205025,0.0132037518020551,-0.3387187617430329,-0.0468941870205025,-0.0132037518020551,0.3387187617430329,0.0146460384712656,0.6361657338144482,0.0629401956419081,0.0504965196735492,0.5511223615584094,0.7088488754794111
2026-07-21 18:03:57.564,Set_A,SubC.mp4,0,0.9510326871476896,0.8755925126315253,0.1878562670547562,-0.8549911515629671,-1.012800893153167,0.021705307523689,-0.8862380825262182,0.0514452353379171,0.0458414395023072,0.0081863254807896,-0.3436414504239122,-0.0458414395023072,-0.0081863254807896,0.3436414504239122,0.0336423413089882,0.635821729160771,0.0290841940816316,0.0378410380947748,0.5432403942059592,0.6295749016375098
2026-07-21 18:03:57.619,Set_A,SubC.mp4,0,0.9608983931025692,0.9166562942400488,0.1481112620532198,-0.8891329451800881,-0.9685949428870776,-0.0201989324535285,-0.9123638367327782,0.1093814765738644,0.0365092902765688,0.0100226762727841,-0.3310581473064208,-0.0365092902765688,-0.0100226762727841,0.3310581473064208,0.0043426220455305,0.5707046539568852,-0.030988041642342,-0.0084901375487697,0.4675861274201653,0.5809531849281144
2026-07-21 18:03:57.674,Set_A,SubC.mp4,0,0.9684040411073112,0.9405674255265124,0.1515290712994089,-0.89727336437585,-0.9672339475822638,-0.0193873235473295,-0.8988815239586282,0.097540797319952,0.0494118762415613,0.0126199150197809,-0.328316560318438,-0.0494118762415613,-0.0126199150197809,0.328316560318438,0.0130932343495025,0.5623658131954993,0.0117076577031418,-0.0250210862109017,0.4671904074708872,0.5976379036487312
2026-07-21 18:03:57.728,Set_A,SubC.mp4,0,0.9461752853632028,0.8524014988640125,0.1739227955562533,-0.888099811701977,-0.9488260491078156,0.0203981436096971,-0.917660932310902,0.1112894779757142,0.0480717784480741,0.017315290689697,-0.323653868872499,-0.0480717784480741,-0.017315290689697,0.323653868872499,0.051778354018086,0.5979661854898427,0.3079599229046999,-0.0240422253990232,0.4754124096881831,0.9587146700375696
2026-07-21 18:03:57.783,Set_A,SubC.mp4,0,0.965222169565992,0.8814121928187025,0.1632686467553797,-0.927565671104648,-0.8902408728604808,-0.0038645166795278,-0.9243151446838512,0.1519131898976359,0.0522300930672274,0.0094524200835763,-0.3235315861283586,-0.0522300930672274,-0.0094524200835763,0.3235315861283586,0.0731994450062218,0.6288595843642927,0.1534172244230513,0.0099323285217676,0.5420073015146796,0.767001896530098
2026-07-21 18:03:57.837,Set_A,SubC.mp4,0,0.9751879007845644,0.903451094782998,0.1579128517210255,-0.8788897152218315,-0.9359329556249252,0.014092825756566,-0.9191199423006366,0.0771109028273669,0.0496162967025221,0.0092299895974471,-0.2979975696392162,-0.0496162967025221,-0.0092299895974471,0.2979975696392162,0.0645574431293407,0.5973700585208329,0.1827088438394713,-0.0555391049081757,0.4596062806086621,0.7386522189702345
2026-07-21 18:03:57.893,Set_A,SubC.mp4,0,0.9628194984427624,0.9464672103958705,0.1618671590804335,-0.9518981936356152,-0.8152580300596567,-0.008131300953608,-0.968785084106732,0.2792160237514554,0.058685236683831,0.0215473620165694,-0.3390432458579503,-0.058685236683831,-0.0215473620165694,0.3390432458579503,0.0731022327320867,0.7042191927635636,-0.1033559677899746,-0.106361532323996,0.5500341233084702,0.5741542880161312
2026-07-21 18:03:57.948,Set_A,SubC.mp4,0,0.9095798983449016,0.9447782729149822,0.2039169455236981,-0.7733002795399787,-1.0793036731274754,0.0913760919183559,-0.9055108961682836,0.0331702885367302,0.0469568050052717,0.0379806345897967,-0.353747017280065,-0.0469568050052717,-0.0379806345897967,0.353747017280065,0.0975712413596947,0.6444878001448382,-0.067226154124096,-0.1228315761462027,0.5173273242570077,0.6318617214193781
2026-07-21 18:03:58.003,Set_A,SubC.mp4,0,0.8874487301807494,0.898942297164003,0.2366604243033895,-0.7863349302266031,-1.0421926574862153,0.0893900736289009,-0.9261032977331768,0.0617609218615088,0.0519563165082712,0.0354904870558291,-0.3491454329416302,-0.0519563165082712,-0.0354904870558291,0.3491454329416302,0.0718326940969138,0.5998975128716632,0.0894850154722635,-0.050031736771285,0.5412546005808694,0.65914281704805
2026-07-21 18:03:58.058,Set_A,SubC.mp4,0,0.9572694552331308,0.9376868178217864,0.0893266016957027,-0.8829395407103842,-1.008679445358924,-0.0552193304815306,-0.8704732959786906,0.0472325574944433,0.0529563870083152,0.0038585358911464,-0.3030202166691385,-0.0529563870083152,-0.0038585358911464,0.3030202166691385,0.086494412619107,0.6107034297567784,0.0731503841893131,-0.1665070130726519,0.4937343217278076,0.6406322255689054
2026-07-21 18:03:58.114,Set_A,SubC.mp4,0,0.9660037212550812,0.9767220746095612,0.1434445111726046,-0.8519089958835225,-1.0014073762558644,0.014674140396915,-0.9323594704073228,0.1118094152499101,0.0542947814671451,0.0124492619499196,-0.3285827931048487,-0.0542947814671451,-0.0124492619499196,0.3285827931048487,0.1136583978978706,0.6422833687693009,0.1402144415811519,-0.1523525541647596,0.5694716850415938,0.533476577666218
2026-07-21 18:03:58.169,Set_A,SubC.mp4,0,0.9402856987542988,0.9152178285579464,0.0475358073666441,-0.8416375536262954,-1.0882792721528969,-0.0708959851407051,-0.8481094893349455,0.0186021092209647,0.0473891602700621,0.0005199763756379,-0.3242975853125946,-0.0473891602700621,-0.0005199763756379,0.3242975853125946,0.1049728105791721,0.577584019693962,0.0317434414152304,-0.1774178185981894,0.5222524258268695,0.6126338817564674
2026-07-21 18:03:58.224,Set_A,SubC.mp4,0,0.9343386272854022,0.9209627601610276,0.0476894452508111,-0.8115278979610936,-1.0927636691985585,-0.0722952760960732,-0.8492090801866073,-0.021393968885594,0.057469003731174,0.0021086129085039,-0.3176046722508825,-0.057469003731174,-0.0021086129085039,0.3176046722508825,0.1179019059141648,0.5547490846357187,0.0698758170405528,-0.1650090889070478,0.5092181935606351,0.6354413977574986
2026-07-21 18:03:58.279,Set_A,SubC.mp4,0,0.9037998157965764,0.927118529176502,0.0559378655098687,-0.8478312177566005,-1.0656800780160678,-0.053893234937986,-0.8575804990080084,0.0208993853308448,0.0409800641378456,0.0003098130541612,-0.326773507537984,-0.0409800641378456,-0.0003098130541612,0.326773507537984,0.1341412562808888,0.5738785161685537,-0.0824913006808966,-0.1522612523818733,0.5160597396766925,0.7247466796616817
2026-07-21 18:03:58.334,Set_A,SubC.mp4,0,0.8948159619121919,0.9339194861212284,0.0844332394108115,-0.8687714735407343,-0.9882116153099422,-0.0960216135485223,-0.8822402858160627,0.0218661655979573,0.0610176058460555,-0.0022441636255327,-0.3119660581835684,-0.0610176058460555,0.0022441636255327,0.3119660581835684,0.1501848482683194,0.5908164254898549,-0.0848024386277962,-0.1441482936172821,0.5534792815796032,0.7056686464325606
2026-07-21 18:03:58.388,Set_A,SubC.mp4,0,0.901656319565078,0.9565313467239768,0.0811361935697583,-0.8523821448610857,-0.999243554439742,-0.0759516797073837,-0.8787681946221937,-0.0023010640985123,0.0493446683367565,0.0034927765394941,-0.3077162193648779,-0.0493446683367565,-0.0034927765394941,0.3077162193648779,0.1449812991153438,0.5760608945327049,-0.0193549849272056,-0.1225227072307487,0.5139652929502934,0.6452409093044612
2026-07-21 18:03:58.442,Set_A,SubC.mp4,0,0.8902806785995537,0.94690667279637,0.0961826372451425,-0.9388180913408896,-0.919445765506562,-0.0933628140224452,-0.9254447397993462,0.195210896816863,0.0687711835292172,-0.0058622343343506,-0.3426093454342155,-0.0687711835292172,0.0058622343343506,0.3426093454342155,0.1526841812608801,0.6587460326460914,-0.2758191611616477,-0.1267920499545128,0.6322614635236025,0.6253284016029045
2026-07-21 18:03:58.497,Set_A,SubC.mp4,0,0.8999736095894537,0.9663937220386264,0.0720771190400824,-0.901233649343439,-1.0071645279861134,-0.0670265940262997,-0.8896800973996409,0.1168823008672359,0.0422004423512845,0.0104653870787653,-0.3456449702848963,-0.0422004423512845,-0.0104653870787653,0.3456449702848963,0.1220710857340883,0.5934690554038317,-0.0894387098440801,-0.0668825900231651,0.550176121144151,0.656134151983931
2026-07-21 18:03:58.551,Set_A,SubC.mp4,0,0.9260188254633434,0.9594566983125968,0.0816972636740271,-0.926016685671054,-0.9596420454316446,-0.0525943680370775,-0.9010156080474732,0.1465577821629706,0.0380319760150264,-0.0061782634950642,-0.330022295981406,-0.0380319760150264,0.0061782634950642,0.330022295981406,0.1202802716532415,0.5884748641025292,-0.002246992654092,-0.0845792372824375,0.5382176915402891,0.6142396147885527
2026-07-21 18:03:58.605,Set_A,SubC.mp4,0,0.9196150110822642,0.9585309884666235,0.0960744994518409,-0.8868081030370452,-1.0028840758489157,-0.0299285788430371,-0.8822009311348734,0.0721683543716485,0.0425044344550627,-0.0027064462551765,-0.3200367581656372,-0.0425044344550627,0.0027064462551765,0.3200367581656372,0.1004097573510856,0.5457985472582939,0.0766757924599395,-0.0545304492208749,0.4946129075107691,0.6657448058595209
2026-07-21 18:03:58.659,Set_A,SubC.mp4,0,0.9330941913153749,0.9808831265960792,0.0899628562675171,-0.9219708382508256,-0.98821995853507,-0.0454194302747821,-0.8992578431945479,0.1629067009888354,0.035961562549607,0.0018617528771053,-0.3600595780304796,-0.035961562549607,-0.0018617528771053,0.3600595780304796,0.0404222522351581,0.6044739808723069,-0.104623484245492,-0.0316118582274564,0.529308168398342,0.4506099386877223
2026-07-21 18:03:58.714,Set_A,SubC.mp4,0,0.91979295766223,0.963432089607856,0.1143461979969482,-0.8738592324529125,-1.0566586578322166,-0.0374667681866834,-0.8518179170908061,0.0486269476094106,0.046392306399494,0.0027683880885338,-0.3359405820584675,-0.046392306399494,-0.0027683880885338,0.3359405820584675,0.0152471522378297,0.6074830599943563,-0.1129634270295647,-0.0370562214525619,0.5504587491574162,0.525418167902559
2026-07-21 18:03:58.768,Set_A,SubC.mp4,0,0.9429480647946392,0.9542234244342456,0.1086429441772673,-0.8676591568958102,-1.0508811617139384,-0.020604503420172,-0.8648716736788004,0.0555992146971601,0.0418701395419384,0.0041040660399003,-0.3319870291681907,-0.0418701395419384,-0.0041040660399003,0.3319870291681907,0.0205707630996501,0.6117750521867874,-0.026263365605121,-0.0385770842590034,0.5647335869926514,0.6741303720614208
2026-07-21 18:03:58.822,Set_A,SubC.mp4,0,0.928758885895205,0.9720309712476708,0.1107779785802924,-0.8846013908836788,-1.067334939700151,-0.0426680739529419,-0.8538966976543434,0.0809346978909267,0.0434891274288519,3.681206793091261e-05,-0.3551642073387094,-0.0434891274288519,-3.681206793091261e-05,0.3551642073387094,-0.0118708091998389,0.6057754199422033,-0.1461369848665718,-0.0379373623211928,0.5637050007391986,0.6340601031641222
2026-07-21 18:03:58.877,Set_A,SubC.mp4,0,0.9218245413454116,0.963956695275435,0.1114431359847241,-0.8708497572173983,-1.0818496869804213,-0.07099064504986,-0.8197796556997828,0.0140782769134202,0.0484341967597255,0.0006581353763907,-0.3602210187762819,-0.0484341967597255,-0.0006581353763907,0.3602210187762819,-0.025893325638263,0.5843148200277185,-0.0974633904714023,-0.0434371118550696,0.5350035224637928,0.7421367962572198
2026-07-21 18:03:58.931,Set_A,SubC.mp4,0,0.9329340400469888,0.982787535949753,0.1267531736106631,-0.8759180866419607,-1.0570352997022276,-0.0648751528515862,-0.8361772219354088,0.0250950083605716,0.0574462399851552,0.008453182007597,-0.3449877883331708,-0.0574462399851552,-0.008453182007597,0.3449877883331708,-0.0100409494661973,0.5663059075761974,-0.0923189254571518,-0.0651329440492075,0.5376680991425034,0.6244688309602952
2026-07-21 18:03:58.986,Set_A,SubC.mp4,0,0.9616096194056646,0.9331057299252632,0.1346255694919635,-0.8425256874184197,-1.0425027568247616,-0.0535750245067946,-0.8240171931655653,-0.060250903941069,0.0497417499847022,0.0128274262122525,-0.3213942544199957,-0.0497417499847022,-0.0128274262122525,0.3213942544199957,-0.0315165279891683,0.5353778708096867,0.1658377085646292,0.0006429421840395,0.4970904491499343,0.8545451117066948
2026-07-21 18:03:59.041,Set_A,SubC.mp4,0,0.9253324712003708,0.9131293456806968,0.1407098044296312,-0.9092913639201008,-0.9451919966740026,-0.0510922188474574,-0.8947216617613128,0.0864104810798367,0.0475931671255742,0.0072906956171902,-0.3401763111952728,-0.0475931671255742,-0.0072906956171902,0.3401763111952728,-0.0793859916026408,0.5881325508825666,-0.0417581267032586,0.0434979725484752,0.5685573673849159,0.8283022224490206
2026-07-21 18:03:59.096,Set_A,SubC.mp4,0,0.9017997570292634,0.8886902345432198,0.1155725847385602,-0.9819804584959492,-0.8888872745269903,-0.0737727807376295,-0.9144157554126006,0.2549044859129757,0.0398844781012475,0.0068167949591598,-0.3520998669514613,-0.0398844781012475,-0.0068167949591598,0.3520998669514613,-0.1029948585695659,0.5673841598303243,-0.0721374684453884,0.042208107789314,0.5241885732495426,0.7894097050849
2026-07-21 18:03:59.151,Set_A,SubC.mp4,0,0.8949979419232659,0.8938758720836969,0.1239556043508933,-0.9730612887149972,-0.8881335276507739,-0.0770371203007573,-0.9042243921085682,0.1999495926237793,0.0410257862536013,0.0083126797591475,-0.3270979969666067,-0.0410257862536013,-0.0083126797591475,0.3270979969666067,-0.101720501005609,0.5431540868015459,0.0096804578223294,0.0666813677768914,0.5207974583539567,0.7142432814354329
2026-07-21 18:03:59.207,Set_A,SubC.mp4,0,0.8767435125997642,0.9056092818940844,0.0923101733962285,-0.9551099456114652,-0.9368947623203532,-0.0518129626444692,-0.9109937221039068,0.2185514758196968,0.022936730153482,0.0125730188108679,-0.3491316558502727,-0.022936730153482,-0.0125730188108679,0.3491316558502727,-0.1088549809140695,0.5421876177234615,0.0215581555299258,0.0801011186737373,0.4835110825343981,0.7956367071804371
2026-07-21 18:03:59.261,Set_A,SubC.mp4,0,0.8608537931066523,0.9133457418729564,0.0854257049919245,-0.9381722783406689,-0.9453372612756624,-0.0576350437364329,-0.900969591682851,0.1599807428247275,0.0224300501615078,0.0141370068790259,-0.3341401733390783,-0.0224300501615078,-0.0141370068790259,0.3341401733390783,-0.1069672085289946,0.546029200942817,-0.0682210146029967,0.0787149737354476,0.4677215289709731,0.7665759377568869
2026-07-21 18:03:59.316,Set_A,SubC.mp4,0,0.8435996419025602,0.9070578482877464,0.0617424057305978,-0.8978523346106587,-0.9944234413521136,-0.0448488713934195,-0.8904658665598497,0.0990840532651851,0.0275589570891962,0.0216685985911383,-0.3272101387560863,-0.0275589570891962,-0.0216685985911383,0.3272101387560863,-0.1049775679300837,0.5542694182372963,-0.1068363015969923,0.0654921048778348,0.4451725769934944,0.8280542561799378
2026-07-21 18:03:59.371,Set_A,SubC.mp4,0,0.8358056814583386,0.9067109905300452,0.0662949933319042,-0.8754204363257289,-1.0460472917631058,-0.0444941377058435,-0.8727737097810511,0.0747893701933725,0.032669487194024,0.0163423818011342,-0.3400329193580622,-0.032669487194024,-0.0163423818011342,0.3400329193580622,-0.1027135953213625,0.5923418415152377,-0.1588472681094704,0.0731423768784975,0.4759601239987895,0.8695577260904909
2026-07-21 18:03:59.427,Set_A,SubC.mp4,0,0.8534168491664162,0.8900913214070945,0.0534865582673835,-0.8633952859392333,-1.0334115740400642,-0.0510071265045314,-0.862823135875591,0.0233799841354363,0.0278562332912043,0.0115957698178344,-0.3144127249990363,-0.0278562332912043,-0.0115957698178344,0.3144127249990363,-0.1110298361612063,0.5431045780364054,0.0002180191770206,0.0888920033555685,0.4413417817079318,0.917987683087337
2026-07-21 18:03:59.481,Set_A,SubC.mp4,0,0.8834995696570919,0.8881628235123297,0.0448404243171105,-0.9060398335657328,-0.9577717299113576,-0.0358365083093229,-0.9043584159928102,0.107844022696274,0.019108513276625,0.0106517195331018,-0.3102893178686923,-0.019108513276625,-0.0106517195331018,0.3102893178686923,-0.1077340953736929,0.5625110613366009,0.0428956315177722,0.1249030065840628,0.4945552577486931,0.7822014245460018
2026-07-21 18:03:59.538,Set_A,SubC.mp4,0,0.8787393825548226,0.891883384126692,0.0439695716788136,-0.8941880468770252,-0.988097540080384,-0.0082734449406958,-0.9111395260215488,0.1281451337996409,-0.0083635539079858,0.0027162447099888,-0.3302690764543342,0.0083635539079858,-0.0027162447099888,0.3302690764543342,-0.097373191797018,0.5441694952076046,-0.0313264275328416,0.1248708442552252,0.4853359087205066,0.7843675627744399
2026-07-21 18:03:59.592,Set_A,SubC.mp4,0,0.8967982183897663,0.8806598306363514,0.0596544246495081,-0.8919171318238082,-0.9895785811418816,0.0263071099280672,-0.9208382504708836,0.1490260613463042,0.0059310840360955,0.0079273143636552,-0.3542729255036333,-0.0059310840360955,-0.0079273143636552,0.3542729255036333,-0.0476040988232156,0.630841327692991,-0.2113942781758675,0.127818779372439,0.5238985202132327,0.7094144440590034
2026-07-21 18:03:59.646,Set_A,SubC.mp4,0,0.9238567451809367,0.8965862070108762,0.0417976827580899,-0.8810258498425309,-0.99562914674007,-0.0224194006819362,-0.9251836441665294,0.1370071426338907,-0.0009940416781268,0.008564391728312,-0.34824583855224,0.0009940416781268,-0.008564391728312,0.34824583855224,-0.0523394652578389,0.6134848415961285,-0.000815046292409,0.0927401065031609,0.5436102746586329,0.7556905622661985
2026-07-21 18:03:59.701,Set_A,SubC.mp4,0,0.9238982310162814,0.8889973684845278,0.0746716454505651,-0.9458673631048432,-0.8760201233342823,-0.0251390321327294,-0.958813161543062,0.2679587619200861,0.0101974394824035,0.007376070514139,-0.3537007845147241,-0.0101974394824035,-0.007376070514139,0.3537007845147241,-0.0399518276328884,0.6094334816353423,-0.2215705400743129,0.0674537632967329,0.5172109780126098,0.5260044840969682
2026-07-21 18:03:59.756,Set_A,SubC.mp4,0,0.9046715160257812,0.903431095007009,0.037228441334632,-0.9469892389608638,-0.963504203825784,-0.035371219894404,-0.9303026391224002,0.2737421033801784,0.0077552122087344,0.0085257160146175,-0.386702006370384,-0.0077552122087344,-0.0085257160146175,0.386702006370384,-0.053051968005375,0.6448233945781942,-0.2048545027318453,0.0403828006812811,0.5702198789282042,0.6282081300318293
2026-07-21 18:03:59.811,Set_A,SubC.mp4,0,0.8969726959065112,0.930838008264837,0.0007804173332404,-0.8534442203305477,-0.9896844758100246,-0.0106798874024108,-0.933345015955351,0.091193393169131,-0.0042494686707045,0.0210659490544454,-0.3320898827575391,0.0042494686707045,-0.0210659490544454,0.3320898827575391,-0.0713818663940114,0.6241218425178088,-0.0094513655958872,-0.0101208481470132,0.5233641873238466,0.6229529360038468
2026-07-21 18:03:59.865,Set_A,SubC.mp4,0,0.9257097876829384,0.9388388728489142,0.0269972308358305,-0.9142287491711404,-0.9788550617908816,-0.0837005006003008,-0.9561778086528332,0.2729060213870487,0.0188933249563394,-0.0076698443275689,-0.3904037511952619,-0.0188933249563394,0.0076698443275689,0.3904037511952619,-0.0675835389335815,0.61550976332856,-0.0984255740646265,-0.0282411782529669,0.5759022290880503,0.6417120437243332
2026-07-21 18:03:59.919,Set_A,SubC.mp4,0,0.9215791787684072,0.9631968904372245,0.0540763214001421,-0.8115740742618908,-1.0226591141182986,-0.0285927653672698,-0.9091770597748018,0.0036566003415384,0.0285467365855572,0.0204338151058181,-0.3175862693491679,-0.0285467365855572,-0.0204338151058181,0.3175862693491679,-0.0081629603447068,0.5920621168686773,0.0052963961218601,-0.0371610928236502,0.4796835437231271,0.6468322153628764
2026-07-21 18:03:59.972,Set_A,SubC.mp4,0,0.9230434215827644,0.9739749335126028,0.0517089900183441,-0.8161154614540599,-1.0392307994455496,-0.0595976206120007,-0.8908697366683288,-0.0029492727581106,0.0347730046929782,0.0126308686426852,-0.3248721026097673,-0.0347730046929782,-0.0126308686426852,0.3248721026097673,-0.0171323374229916,0.5906639477085714,-0.0025515760031508,-0.0551590761574145,0.522072202466731,0.6558993323301139
2026-07-21 18:04:00.027,Set_A,SubC.mp4,0,0.9278657385521522,0.9599299779491504,0.0494583317199138,-0.7481739662610173,-1.0655423597393607,-0.0328792941672615,-0.8539382675325012,-0.1315213502790196,0.0414411106040019,0.0203051392879284,-0.2629256166161096,-0.0414411106040019,-0.0203051392879284,0.2629256166161096,0.0293118706519529,0.5467625184579658,0.1416999543347124,-0.0617185338800668,0.456892620621521,0.6787869710809888
2026-07-21 18:04:00.082,Set_A,SubC.mp4,0,0.8839526883558979,0.9753803719683216,0.0556296648482977,-0.6752889097226114,-1.10599596546761,-0.0615744001545778,-0.8106691733709741,-0.2326201988644121,0.0510975150257149,0.0149242044175048,-0.2419783027801388,-0.0510975150257149,-0.0149242044175048,0.2419783027801388,0.0418956014032673,0.5290346283716773,0.063413951264921,-0.0893837343033787,0.4527638094925839,0.4993456989768066
2026-07-21 18:04:00.138,Set_A,SubC.mp4,0,0.953142046444428,0.9610453323991436,0.0880867588067482,-0.7504604706251399,-1.053751233871322,-0.0432392275910011,-0.8685041682759675,-0.1196805694013097,0.053137401040252,0.0158067126428862,-0.2714385460215539,-0.053137401040252,-0.0158067126428862,0.2714385460215539,0.0675149595925451,0.5003408808550819,0.1966696673797828,-0.0992312180044199,0.4431414096464884,0.726300850319637
2026-07-21 18:04:00.193,Set_A,SubC.mp4,0,0.9459083742620682,0.952509559994846,0.0724147265795956,-0.7374139945630042,-1.0809237462833627,-0.026599749745299,-0.843890948274041,-0.1427492760787397,0.053654951534235,0.0208668545639523,-0.2685542265285611,-0.053654951534235,-0.0208668545639523,0.2685542265285611,0.0776472076388733,0.470035562830806,0.2029744072326955,-0.10510200414534,0.4019043565834492,0.7524803477828825
2026-07-21 18:04:00.247,Set_A,SubC.mp4,0,0.9540854377021878,0.9859656927062952,0.0501831085323699,-0.7012900643893496,-1.154580606965853,-0.0086353633245144,-0.7976532346072663,-0.1688402524969579,0.0347338819131764,0.0174935775931687,-0.2783764942426671,-0.0347338819131764,-0.0174935775931687,0.2783764942426671,0.0778384824246255,0.4592305207780217,0.3430697799676688,-0.1002888321113075,0.4001539021680846,0.6448701753459949
2026-07-21 18:04:00.302,Set_A,SubC.mp4,0,0.9782477063199756,0.975978604616985,0.0395228351822612,-0.7212095788820356,-1.146974573883058,0.0283379054915896,-0.8449454323830439,-0.0950211590260673,0.0083061890113594,0.0172673831605028,-0.3064893032117647,-0.0083061890113594,-0.0172673831605028,0.3064893032117647,0.0466145578658026,0.5219814310507952,0.3477552019961725,-0.0659337588063128,0.4797868926361916,0.5351202191368432
2026-07-21 18:04:00.357,Set_A,SubC.mp4,0,0.9673544605251192,0.95777130303741,0.0379183510422305,-0.7004525593245696,-1.1817756792886238,-0.0133829646207989,-0.7878050123572805,-0.1540713984657105,0.0416060103554553,0.0145648804763018,-0.2791456489254461,-0.0416060103554553,-0.0145648804763018,0.2791456489254461,0.1022065645561303,0.4600183997631462,0.4228822257852373,-0.1082069030454993,0.4418221277619672,0.6142493027938127
2026-07-21 18:04:00.413,Set_A,SubC.mp4,0,0.972245677917485,0.9641666751287898,0.0284216755632127,-0.7018566316940024,-1.2243016015811816,0.010026861023427,-0.7857719789886174,-0.1119180011461711,0.0141481405338175,0.0137415628309433,-0.3139594783577663,-0.0141481405338175,-0.0137415628309433,0.3139594783577663,0.1035696864047345,0.4770122609023866,0.4375392043006496,-0.104447007377892,0.4511736532152887,0.5510589586126671
2026-07-21 18:04:00.467,Set_A,SubC.mp4,0,0.9374893534322964,0.9778958579764988,0.0529547016275259,-0.7281171298126825,-1.151859285847716,-0.007152202401677,-0.8132564026692537,-0.1217457410066945,0.0435135137390841,0.013122218846289,-0.2871882643832646,-0.0435135137390841,-0.013122218846289,0.2871882643832646,0.1262463069473209,0.471635600452034,0.3867136672692528,-0.1058008135964141,0.4507030760678771,0.6615617526627839
2026-07-21 18:04:00.522,Set_A,SubC.mp4,0,0.9446820409982976,0.9636266009094162,0.0508008884600205,-0.7659349371321444,-1.1447491320916048,-0.0072201653182982,-0.8326606164744511,-0.0563307888793803,0.0379762249459979,0.0157213137112186,-0.3055716444062206,-0.0379762249459979,-0.0157213137112186,0.3055716444062206,0.1235060667712517,0.4974542657414568,0.341413134254285,-0.1227910958041277,0.4608652990734264,0.5959036258418483
2026-07-21 18:04:00.576,Set_A,SubC.mp4,0,0.918140514683022,0.9320135975274806,0.0184662765529864,-0.8469415615190743,-1.060895323158219,-0.0178378750756718,-0.9011809392150242,0.0892640517703815,0.0130549497862108,0.0073337196080819,-0.3333385139220222,-0.0130549497862108,-0.0073337196080819,0.3333385139220222,0.1169035002897643,0.4979337939531204,0.2618363385807349,-0.1163519548584652,0.4697701024929788,0.7764373784634816
2026-07-21 18:04:00.630,Set_A,SubC.mp4,0,0.9440072792592008,0.9868601476533448,-0.0004699356401433,-0.7653989598451701,-1.143292044631731,0.0382295755413197,-0.8542429379473498,-0.0294544465203753,0.0008339023495127,0.011497395577243,-0.3318069867223571,-0.0008339023495127,-0.011497395577243,0.3318069867223571,0.1032023792024942,0.4939093601429463,0.3039469612219364,-0.1046571567851765,0.4609055622847177,0.5779191671118282
2026-07-21 18:04:00.684,Set_A,SubC.mp4,0,0.9575356497784914,0.971360931247937,0.0540742970392026,-0.8788177481593258,-1.0449338049160222,-0.053897623003549,-0.885078139559972,0.1022401823252912,0.0309822089987621,0.0075595939850423,-0.350856950562238,-0.0309822089987621,-0.0075595939850423,0.350856950562238,0.0424754529139515,0.5490053868277665,0.1290250671851906,-0.0441975616027575,0.522696281861665,0.661625926643948
2026-07-21 18:04:00.738,Set_A,SubC.mp4,0,0.9288716187972452,0.942517142448909,0.0664359841427629,-0.8203147303618223,-1.0750133132141229,-0.045692984654601,-0.854866108322282,-0.017387202017289,0.0472044297137887,0.0092183348455291,-0.3372645743012617,-0.0472044297137887,-0.0092183348455291,0.3372645743012617,0.0577142028176139,0.5816773611169717,0.0924883002478539,-0.0260327246075626,0.5245773647385821,0.4932547383243731
2026-07-21 18:04:00.792,Set_A,SubC.mp4,0,0.936777456112052,0.9607252800578092,0.0874942572274352,-0.8134006266938858,-1.0866046233475195,-0.0380575621748168,-0.8301333249165498,-0.0519699956766621,0.0444634183037257,0.0106462713555945,-0.3169230395070739,-0.0444634183037257,-0.0106462713555945,0.3169230395070739,0.061702729361851,0.5726526148033334,0.1454996586773682,-0.0218209497676564,0.4871301177593695,0.6390610968512278
2026-07-21 18:04:00.847,Set_A,SubC.mp4,0,0.9163372226243364,0.9968042407294702,0.0880165260688331,-0.8581162161192593,-1.0273972551809805,-0.0855585823051891,-0.9052432010212068,0.0837037008454159,0.0545039421780656,0.0094722867581802,-0.3503095994081793,-0.0545039421780656,-0.0094722867581802,0.3503095994081793,0.0376477106474689,0.6269448306922404,-0.221171657624248,-0.0404349861445375,0.5663915555347208,0.5001448270200679
2026-07-21 18:04:00.903,Set_A,SubC.mp4,0,0.9202474625926764,0.9504669080982634,0.1056985550003761,-0.9055005340643116,-1.0341532428883098,-0.0645342904969317,-0.8951813333165752,0.1647567189629073,0.0479967317640652,0.0079655973217487,-0.3612792806683399,-0.0479967317640652,-0.0079655973217487,0.3612792806683399,0.0514997954628825,0.631114904748591,-0.2278028489318728,0.0064019095646607,0.5894958205203721,0.5635132522654881
2026-07-21 18:04:00.959,Set_A,SubC.mp4,0,0.9376560765083524,0.910790960221904,0.1569121144787431,-0.9093570776209045,-0.9217190964222044,-0.0518135259413783,-0.9425129594471088,0.1737006123610353,0.0570979609410923,0.0122727840888768,-0.3375720872181437,-0.0570979609410923,-0.0122727840888768,0.3375720872181437,0.0661597454029655,0.6431734034953177,-0.1536671329261332,0.0253086530151115,0.5808883927838469,0.5191089830763119
2026-07-21 18:04:01.013,Set_A,SubC.mp4,0,0.9105779691281944,0.8618348290061552,0.2183676538046077,-0.8393410805208521,-0.9759849055415368,0.1095612649056617,-0.9407497202539604,0.1252561795246006,0.0469292258334421,0.0421206174756944,-0.3845059516767174,-0.0469292258334421,-0.0421206174756944,0.3845059516767174,0.0852313738043687,0.5735501132056706,0.1824329832553699,0.0619103640438082,0.504273594475379,1.0045522499988069
2026-07-21 18:04:01.069,Set_A,SubC.mp4,0,0.9652770381649972,0.8915079230409728,0.1082080438521127,-0.8834802681703691,-1.0210644825469992,-0.0581322197098694,-0.8799375467554956,0.0788065444862134,0.0495058215743225,0.0190413192376663,-0.3184391476923435,-0.0495058215743225,-0.0190413192376663,0.3184391476923435,0.024398845919335,0.5367641636328526,0.1038562297012834,-0.0289994921002693,0.4593525916129531,0.8958039931445755
2026-07-21 18:04:01.124,Set_A,SubC.mp4,0,0.9300053585995092,0.8830264286244427,0.088347256142396,-0.9141547298365535,-0.9845274862976388,-0.104919111028642,-0.8684893778976107,0.0779375245253421,0.0531464096548259,0.0146550008497397,-0.3202145369658275,-0.0531464096548259,-0.0146550008497397,0.3202145369658275,-0.0232684258281857,0.5366353716993769,0.0288316740566267,-0.0618129330830366,0.4419711128881979,0.9418335707109928
2026-07-21 18:04:01.178,Set_A,SubC.mp4,0,0.9317244477275736,0.9338998416231832,0.0893537870086349,-0.9194141257727187,-0.977123369524248,-0.106420181220232,-0.890350760586098,0.1259713300558148,0.0498317794405322,0.009284930924807,-0.3228943980846183,-0.0498317794405322,-0.009284930924807,0.3228943980846183,-0.0129935318617866,0.557263935095415,0.0457255846369139,-0.0164951014098332,0.5131175150597341,0.7205869336776378
2026-07-21 18:04:01.235,Set_A,SubC.mp4,0,0.8945397346559157,0.8723047922212187,0.0845727906924903,-0.9836125788893092,-0.911330177899061,-0.1187679106566524,-0.9118442006730552,0.2740905914155257,0.0423499922383923,0.0017858936258292,-0.3470234537370079,-0.0423499922383923,-0.0017858936258292,0.3470234537370079,-0.0479150775871801,0.5774088674539491,0.0052868280109226,-0.0057335456557956,0.5243186820897712,0.9188629707416072
2026-07-21 18:04:01.290,Set_A,SubC.mp4,0,0.8915007712964682,0.9149890619101884,0.1268499469652684,-0.9210937258097948,-0.9475864972022082,-0.1028357761030462,-0.8803456513738309,0.0791168719820337,0.0431538709741582,0.0119247728398273,-0.3124513963599502,-0.0431538709741582,-0.0119247728398273,0.3124513963599502,-0.0704169268496148,0.6265099768439969,-0.1064926075071903,0.0395435492620176,0.5140301726179441,0.748513517167626
2026-07-21 18:04:01.345,Set_A,SubC.mp4,0,0.8815143010599338,0.9086717597793532,0.0985768829820854,-0.9358641035816808,-0.9422714200915971,-0.1217056714879382,-0.892854848814617,0.1327950138333057,0.0371352921401272,0.0020267822556478,-0.3229894915963114,-0.0371352921401272,-0.0020267822556478,0.3229894915963114,-0.0922210632416054,0.6111781745019184,-0.0899370397879358,0.0276432099488528,0.5067137405399417,0.7946142665386534
2026-07-21 18:04:01.399,Set_A,SubC.mp4,0,0.8968973329007356,0.9228570317843976,0.1288441199280919,-0.9374399391158548,-0.9119101122381847,-0.1244711085274647,-0.8857011761220085,0.089634397711402,0.0461802371365604,0.0074152626007016,-0.3264251702303981,-0.0461802371365604,-0.0074152626007016,0.3264251702303981,-0.0658193312106885,0.6237925407520365,-0.1621358532943117,0.0422738816160676,0.5463337764755937,0.6760232270825469
2026-07-21 18:04:01.453,Set_A,SubC.mp4,0,0.8835208293962034,0.9115626609598482,0.14082413478992,-0.8978932575985746,-0.9203707509918706,-0.1305046961199602,-0.8516247776327469,-0.0486907298161703,0.0557805800553479,0.0013125785207232,-0.2935304676512981,-0.0557805800553479,-0.0013125785207232,0.2935304676512981,-0.0615202799976397,0.6133532733536212,-0.14084715369582,0.0630433170865914,0.5233923402347364,0.7030777236918362
2026-07-21 18:04:01.509,Set_A,SubC.mp4,0,0.8803717930934902,0.9170307763094384,0.1404279606147551,-0.931222815177111,-0.8995383472055369,-0.1228551738307552,-0.8826172577004238,0.0571160141752071,0.0485270400034568,0.0045520325019385,-0.3292324881682283,-0.0485270400034568,-0.0045520325019385,0.3292324881682283,-0.0705180554301976,0.604900594712548,-0.2774722075691413,0.0595837769390711,0.5343735349849615,0.7013315885955278
2026-07-21 18:04:01.563,Set_A,SubC.mp4,0,0.8865141790305191,0.9195605974964224,0.1608594520765037,-0.8909048094263446,-0.8925452699337165,-0.1347095769931566,-0.8632378391921339,-0.0678191152508212,0.0541014732123882,0.0054140556703251,-0.3146091275428644,-0.0541014732123882,-0.0054140556703251,0.3146091275428644,-0.0453298609627289,0.5897010280646627,-0.2939301646871912,0.0699968065958346,0.5046008248682399,0.7125737104247112
2026-07-21 18:04:01.617,Set_A,SubC.mp4,0,0.8856364101463268,0.9160296735616412,0.1828669597942842,-0.8673346079389491,-0.8673508564723117,-0.1235728419976379,-0.8723165439415224,-0.1175847136822373,0.0572429908098,0.0253409068280421,-0.2941285066484812,-0.0572429908098,-0.0253409068280421,0.2941285066484812,-0.0397041365395104,0.6218400936586735,-0.2826070797388403,0.0559129584433766,0.5016785607117308,0.7943733200346452
2026-07-21 18:04:01.671,Set_A,SubC.mp4,0,0.8580099660978223,0.923175514650882,0.1774135915278557,-0.7995038759981563,-0.9232680375341854,-0.1288540768213237,-0.8177890727393161,-0.2523192588821706,0.0615327045977459,0.0171710565081615,-0.2685618450737094,-0.0615327045977459,-0.0171710565081615,0.2685618450737094,-0.0038464480172314,0.5493395512239905,-0.2718548047718965,0.0483367188558644,0.4802113432866182,0.7113076875961041
2026-07-21 18:04:01.726,Set_A,SubC.mp4,0,0.918387705278057,0.900896528725368,0.1972429007873537,-0.8435300695636908,-0.896682506720241,-0.1280449352720829,-0.8499671203506076,-0.1650514097206542,0.064461875658829,0.0083475132676437,-0.2806796503179769,-0.064461875658829,-0.0083475132676437,0.2806796503179769,0.0117201908270209,0.565684751757808,-0.0887610092066254,0.0433674817902962,0.4958371331703052,0.7541584822979521
2026-07-21 18:04:01.780,Set_A,SubC.mp4,0,0.9323527614823476,0.8955852538790589,0.1934472946641559,-0.9018538166381858,-0.8199249758702889,-0.133643398104804,-0.8906972930734773,-0.0650518673452852,0.0702180583151402,0.0105392453185802,-0.2510640145961645,-0.0702180583151402,-0.0105392453185802,0.2510640145961645,0.0147758073178406,0.5708318787204455,-0.0942266999325717,0.0238831531526683,0.4693271489125711,0.4888414097961132
2026-07-21 18:04:01.834,Set_A,SubC.mp4,0,0.8981916320052739,0.9297860964992452,0.2082633846893361,-0.9287041988622872,-0.7598134410846035,-0.1347174340023643,-0.9164084454438484,-0.0083989793820082,0.0794297746607677,0.0091952689152028,-0.2393590721390928,-0.0794297746607677,-0.0091952689152028,0.2393590721390928,0.0167435320055197,0.6223744985664812,-0.2755951373189866,-0.0092882464705903,0.5261286412319747,0.2567250298864909
2026-07-21 18:04:01.889,Set_A,SubC.mp4,0,0.9693837051143396,0.9382581130722988,0.2128108574076778,-0.8869547322610094,-0.7372537023138741,-0.1003675439169842,-0.8962790075293581,-0.1613195726751465,0.0815504356960481,0.0175529255891454,-0.1870131462165396,-0.0815504356960481,-0.0175529255891454,0.1870131462165396,0.0226831175591513,0.5792881995016984,0.0861908073505228,-0.0417353023971866,0.4741676195058785,0.4153067696086606
2026-07-21 18:04:01.943,Set_A,SubC.mp4,0,0.9512927321701136,0.9528245589800338,0.2101787331892571,-0.8729253589413353,-0.7426672735632435,-0.1016462568430731,-0.9048004488507896,-0.1672292336770046,0.083198549772963,0.0106866972847748,-0.2070592857172372,-0.083198549772963,-0.0106866972847748,0.2070592857172372,0.0300932717031232,0.5794526590390725,-0.0198462970179806,-0.0777215526152357,0.4801267024204995,0.517853724197647
2026-07-21 18:04:01.998,Set_A,SubC.mp4,0,0.8903939259791782,0.9671975823271686,0.2046754128759841,-0.8491224821403314,-0.7692051504735814,-0.0994279946200384,-0.8828531899351681,-0.2253717707794104,0.0795194609889977,0.0152594475920692,-0.1828486703345994,-0.0795194609889977,-0.0152594475920692,0.1828486703345994,0.0512042367197114,0.5654842080260754,-0.1527372118897487,-0.0837004755642664,0.4643273688062312,0.5169613393480837
2026-07-21 18:04:02.053,Set_A,SubC.mp4,0,0.9269390698826232,0.9725140240468227,0.2141835442557903,-0.847004795663478,-0.7641088557847352,-0.1044940688761478,-0.858646301736273,-0.2745068348968397,0.081532191067731,0.0142710059510455,-0.18662949758308,-0.081532191067731,-0.0142710059510455,0.18662949758308,0.049893968171767,0.5476674129907471,-0.0596153617397986,-0.1076357146607469,0.4244578420278767,0.547964101015138
2026-07-21 18:04:02.108,Set_A,SubC.mp4,0,0.8790671539098257,0.9769237637772388,0.2255979983268047,-0.7914701569118537,-0.7837173411328844,-0.0834117482000307,-0.8035667903937794,-0.4144647013818638,0.0790620165366841,0.0131494104059253,-0.1490717831546122,-0.0790620165366841,-0.0131494104059253,0.1490717831546122,0.0745271585984714,0.5419427480686022,-0.1528087990896687,-0.0958599450131606,0.4295240082806004,0.4340635293259949
2026-07-21 18:04:02.162,Set_A,SubC.mp4,0,0.9327099145601752,0.973876569820225,0.2173791600363613,-0.7810991906206596,-0.7442553057071823,-0.097881899072761,-0.8122865961693261,-0.4585922071047517,0.0814879466827562,0.0119954167457491,-0.1071101067761985,-0.0814879466827562,-0.0119954167457491,0.1071101067761985,0.0840980618764071,0.5124147373312229,0.0498877684912517,-0.1007664529411297,0.4377538580023493,0.4441271278531008
2026-07-21 18:04:02.218,Set_A,SubC.mp4,0,0.9174657546248786,0.9633653320853476,0.2072273370318219,-0.7910698785680984,-0.7630156237868289,-0.1080395342583534,-0.8094238987018971,-0.4322171772611482,0.0844365805441156,0.0215021472766068,-0.1189794164440719,-0.0844365805441156,-0.0215021472766068,0.1189794164440719,0.0661873658740164,0.5340475428312391,-0.0085343266151622,-0.1244167824318688,0.4690446695193008,0.6058785554048247
2026-07-21 18:04:02.273,Set_A,SubC.mp4,0,0.9331976651895308,0.9379548554337528,0.220132244925901,-0.8177891267944661,-0.6194331039953325,-0.1148665671627745,-0.8229756013895415,-0.5193426613914837,0.089087112739496,0.012081343431396,-0.0428108796969242,-0.089087112739496,-0.012081343431396,0.0428108796969242,0.0803726220273925,0.5341210124476393,0.0547642432897349,-0.1294857674191274,0.5031235041148643,0.244876592036613
2026-07-21 18:04:02.328,Set_A,SubC.mp4,0,0.9219463385501718,0.8826901099054313,0.196409133381835,-0.7756836195714825,-0.6679026790273175,-0.121124710150131,-0.7759889382857894,-0.5917181086748151,0.0868968753357209,0.0070401853246332,-0.0084491958068485,-0.0868968753357209,-0.0070401853246332,0.0084491958068485,0.1021559666744316,0.5189796197688924,0.1569944636088165,-0.1243600172280502,0.5074956485176065,0.0203049737535328
2026-07-21 18:04:02.382,Set_A,SubC.mp4,0,0.9085032715439344,0.9205778785303358,0.196761290097954,-0.7688728391408737,-0.6480392340661673,-0.1239274790816648,-0.7897155339483893,-0.6031591991345012,0.0874469237336631,0.0059476103798573,0.0016151232402333,-0.0874469237336631,-0.0059476103798573,-0.0016151232402333,0.1008322222810415,0.4687272017610027,0.1327709975029732,-0.1329580190901967,0.4440608450141821,0.1992510289491702
2026-07-21 18:04:02.439,Set_A,SubC.mp4,0,0.910618497687787,0.919439911972407,0.1983608464856247,-0.7585499712890901,-0.6539169244418961,-0.1295742938821291,-0.7971816279669951,-0.6010602073246676,0.0918562291769711,0.0024607516947289,-0.003436150222455,-0.0918562291769711,-0.0024607516947289,0.003436150222455,0.1074748650012131,0.5032310439170675,0.1423066597408541,-0.138513915593434,0.4907209284482829,0.2117498195932213
2026-07-21 18:04:02.494,Set_A,SubC.mp4,0,0.9471304293308912,0.9287353543181884,0.1950581450682336,-0.8025937181587832,-0.5868832184882335,-0.1359855855680851,-0.8253969340616627,-0.5733567864232281,0.0920157666302544,-0.0031724874002682,0.0183312994024938,-0.0920157666302544,0.0031724874002682,-0.0183312994024938,0.1094773862005207,0.4962336523563243,0.2776785354023677,-0.1485350560222826,0.5293038606449815,0.174073046612207
2026-07-21 18:04:02.549,Set_A,SubC.mp4,0,0.920657599134119,0.9119721498468858,0.1867021216675852,-0.7559624449435839,-0.6082325044288879,-0.1310657685103116,-0.7801656281787976,-0.6713045756014949,0.0874326294634618,-0.0029456788243535,0.0383779437288436,-0.0874326294634618,0.0029456788243535,-0.0383779437288436,0.1146310060299558,0.4852572249238751,0.2643339259105653,-0.1330831227194212,0.5126876826441801,0.1675667260469863
2026-07-21 18:04:02.603,Set_A,SubC.mp4,0,0.933721818746758,0.9251438124478674,0.180618128389553,-0.7650946872296344,-0.5757489716126182,-0.1371980459413715,-0.7763232675991278,-0.6978857424917475,0.084161085984369,-0.0036792703156285,0.0425347953735288,-0.084161085984369,0.0036792703156285,-0.0425347953735288,0.1122435400337,0.4712243746704997,0.2869726598862067,-0.1283627546918674,0.5100879972272875,0.2166636710424777
2026-07-21 18:04:02.657,Set_A,SubC.mp4,0,0.9109126057761469,0.917113613368445,0.1786905642330111,-0.7600687057774941,-0.5382638280251489,-0.1319310100203282,-0.7682234893267041,-0.750974904899604,0.0821589835035176,-0.0054736227244724,0.080283464099267,-0.0821589835035176,0.0054736227244724,-0.080283464099267,0.1247376201034028,0.4844045961970026,0.2511247917914266,-0.1190688965294851,0.5291597231586694,0.1430090081349563
2026-07-21 18:04:02.712,Set_A,SubC.mp4,0,0.9136024905160224,0.9062657547359668,0.1625587085086767,-0.7197296762177575,-0.557253993808748,-0.1235404351884129,-0.6996450053193144,-0.8512392038172258,0.0742587236260197,-0.0060560155023971,0.1033190548990683,-0.0742587236260197,0.0060560155023971,-0.1033190548990683,0.1163345517675449,0.4470282279104067,0.2967856577980994,-0.1046814007673377,0.4770971405830721,0.0725280982075574
2026-07-21 18:04:02.768,Set_A,SubC.mp4,0,0.9380845523198958,0.9185011024928476,0.1779122542258902,-0.7628758853972666,-0.5022020355126507,-0.1228359857224263,-0.732701239263441,-0.8245291613917354,0.0761721542743527,-0.0034503922474218,0.1256308345056344,-0.0761721542743527,0.0034503922474218,-0.1256308345056344,0.1198646274247197,0.4615702700736952,0.4524647158551484,-0.1087801580917849,0.5098145485240975,0.0542353880746965
2026-07-21 18:04:02.823,Set_A,SubC.mp4,0,0.9699767602028568,0.9604485513927496,0.1717612623524524,-0.7952267163964779,-0.4617648578295141,-0.1308898315101254,-0.7444175092986223,-0.8140976678466012,0.0731214005378549,-0.0072616562359611,0.1334324565520944,-0.0731214005378549,0.0072616562359611,-0.1334324565520944,0.0912289856510746,0.4725320995740442,0.6228547297830462,-0.1072185461068637,0.4986835870031135,0.2480781518508928
2026-07-21 18:04:02.877,Set_A,SubC.mp4,0,0.956708138668794,0.9681952825324908,0.1792126008170434,-0.8225593363441175,-0.4262646922631706,-0.1306829040615966,-0.7566188513347877,-0.8000473072263526,0.0738023744831729,-0.0134854217753977,0.1376812566365214,-0.0738023744831729,0.0134854217753977,-0.1376812566365214,0.0809379387198445,0.4518161884422065,0.675469995964309,-0.1074176076181317,0.5160794530891764,0.3474902091003208
2026-07-21 18:04:02.931,Set_A,SubC.mp4,0,0.9483853507572172,0.9812522154548514,0.1854770911315498,-0.7530740773219018,-0.4663817533186468,-0.0977365210878666,-0.7130487494828556,-0.891110585182914,0.0673916984067304,-0.0054148195127853,0.1463019267915178,-0.0673916984067304,0.0054148195127853,-0.1463019267915178,0.0682736074153186,0.4030676450641324,0.6744582650976364,-0.0853465299904484,0.4911950549038062,0.3316732665314698
2026-07-21 18:04:02.986,Set_A,SubC.mp4,0,0.9534822990501765,0.9860972779222398,0.1827845214692356,-0.7864531451666563,-0.4217651147808539,-0.1053339334446365,-0.7516332830950005,-0.8542801609096065,0.0681489821574281,-0.0073215844394064,0.1527004653295801,-0.0681489821574281,0.0073215844394064,-0.1527004653295801,0.0373580170698983,0.4652768353929815,0.7178196342874985,-0.086344079295865,0.5213381245628961,0.365328867641929
2026-07-21 18:04:03.040,Set_A,SubC.mp4,0,0.9466428189490256,0.9919187879260232,0.1949715740949969,-0.7907272045938192,-0.3850642504877902,-0.0924333985282124,-0.7486256323882496,-0.8876803294757984,0.0626863852191727,-0.009741849557249,0.1902107819674124,-0.0626863852191727,0.009741849557249,-0.1902107819674124,0.0219445331184,0.4588293496547486,0.7894748886284375,-0.0705433647718779,0.5276799741627324,0.3554549029925505
2026-07-21 18:04:04.686,Set_A,SubC.mp4,0,0.6658060835591664,0.5634988780967642,0.1948879296071934,-0.9092139980458004,0.0502671337207385,-0.0422323149459751,-0.8331516339871615,-1.0202456219475566,0.0707800329334829,-0.0232226315710914,0.3823436103096384,-0.0707800329334829,0.0232226315710914,-0.3823436103096384,0.2661538909446263,0.2479656698870733,0.1358493307285603,0.2238834266638263,0.0913371174117343,-0.760713994932879
2026-07-21 18:04:04.740,Set_A,SubC.mp4,0,0.4815687379642499,0.4758736497779762,0.2286220880250235,-0.967993851171814,0.2714157994976117,0.0161378122490711,-0.9393117432762798,-0.8212139084474502,0.0710690095417425,0.0092525129526116,0.4069499780392404,-0.0710690095417425,-0.0092525129526116,-0.4069499780392404,0.3529866373759377,0.0554937296564799,-0.1992545588734108,0.3105128029113788,0.0890101825846506,-0.996739081647002
2026-07-21 18:04:04.795,Set_A,SubC.mp4,0,0.4423951398461516,0.4797383063937598,0.2247538796712353,-0.9209341590733124,0.0348932198118852,0.0385900739778522,-0.76496608554884,-1.0781526924549256,0.0511546377030241,-0.0894074838352654,0.3874554356819281,-0.0511546377030241,0.0894074838352654,-0.3874554356819281,0.4024702252967584,-0.0330417012705988,0.3137723209922704,0.3725323847115143,0.1308931364446948,-0.6436490868924148
2026-07-21 18:04:04.850,Set_A,SubC.mp4,0,0.3594109091139792,0.4518413715247407,0.2617120974206297,-0.9325418355273146,0.2140443989045573,0.0203264219598863,-0.9489900565559272,-0.8307226072590468,0.0914431428362062,-0.0098590903307404,0.3923786521102523,-0.0914431428362062,0.0098590903307404,-0.3923786521102523,0.4353298299479269,-0.0992010450472946,-0.1240236990110884,0.370991283685609,0.0219318949216864,-0.9941659762155816
2026-07-21 18:04:04.904,Set_A,SubC.mp4,0,0.4410902941347877,0.4882833631585102,0.1948446116824962,-0.9543995674434792,0.0751681946723591,-0.0276483262142372,-0.8840601460932708,-0.8446558708751607,0.0761402712281302,-0.0164292724087082,0.356202704007703,-0.0761402712281302,0.0164292724087082,-0.356202704007703,0.4081218982389738,-0.0418140674814085,-0.011965353231481,0.3524504409657242,0.0642741301879763,-0.78784265062158
2026-07-21 18:04:04.958,Set_A,SubC.mp4,0,0.6920658055384622,0.6154963685234084,0.0692985973158606,-0.9762771420087144,0.0872176300747504,-0.1688659278769148,-0.8342647363280911,-0.931033044412257,0.062483227467442,-0.0596396926023884,0.3748192837449943,-0.062483227467442,0.0596396926023884,-0.3748192837449943,0.2948685136770246,0.133247666439201,-0.0247196773706183,0.2848946458000435,0.1098857506123222,-0.7195525489637897
2026-07-21 18:04:05.012,Set_A,SubC.mp4,0,0.5345042153686063,0.5213570498186699,0.1389482538844352,-0.9690170723413802,0.0892046311972449,-0.1043910130192167,-0.8573657863869386,-0.9035334655431476,0.0794927853720617,-0.0364634641318089,0.3677183787652819,-0.0794927853720617,0.0364634641318089,-0.3677183787652819,0.419898947561303,0.0341385184860849,0.0165802952779228,0.40186237743597,0.0790462863598569,-0.8335134966678341
2026-07-21 18:04:05.067,Set_A,SubC.mp4,0,0.7799277712807627,0.6169774976265474,-0.0383990678975869,-1.0127862820040563,0.2060814963314271,-0.2859394547646638,-0.8548267180983562,-0.8439107874162243,0.0612398024434582,-0.0701313806853066,0.3752401023397763,-0.0612398024434582,0.0701313806853066,-0.3752401023397763,0.3273124375137717,0.2716124135815247,-0.0799383611555547,0.3173131108191578,0.1774037098062555,-0.8450558983440883
2026-07-21 18:04:05.121,Set_A,SubC.mp4,0,0.893491089454398,0.6409637558687856,-0.1050873740112229,-0.9308793976592082,0.0111794276633543,-0.2966769042846353,-0.7718963117357297,-0.9802719661652118,0.0505430079557051,-0.0596924955257065,0.3391759996696614,-0.0505430079557051,0.0596924955257065,-0.3391759996696614,0.2934108570468808,0.3849539342225088,0.3480088935915918,0.2713578874236775,0.0841390127093971,-0.601351691379171
2026-07-21 18:04:05.177,Set_A,SubC.mp4,0,0.7970691647794399,0.5991694041484072,-0.0788001442328383,-1.0142377287674782,0.2426189108967223,-0.2977033242043225,-0.838147008989145,-0.8960069438305326,0.0607598972239116,-0.0684816874073103,0.4132609860864027,-0.0607598972239116,0.0684816874073103,-0.4132609860864027,0.3730610009819635,0.3143435941932053,-0.0008838992370341,0.3350994835271149,0.0704282369252755,-0.9104882636345514
2026-07-21 18:04:05.232,Set_A,SubC.mp4,0,0.6598438947518441,0.5818315391471265,-0.0274380994847127,-0.9962729114571396,0.1927143714535886,-0.2579382201391775,-0.8184529878860319,-0.9834926377527076,0.0507797813832087,-0.0873438582187034,0.4219489522147096,-0.0507797813832087,0.0873438582187034,-0.4219489522147096,0.3941130913043844,0.0545585149265271,0.0343575046255127,0.3962817443575586,0.0499687243948999,-0.7517567874327536
2026-07-21 18:04:05.286,Set_A,SubC.mp4,0,0.6653980532162757,0.5575068391411937,-0.0745583520428223,-1.0089026009147353,0.2004216438352294,-0.2599392311088405,-0.8463311946253598,-0.8684178494768409,0.0593869822882228,-0.0758775598118575,0.3656566071557242,-0.0593869822882228,0.0758775598118575,-0.3656566071557242,0.3523271186618023,-0.0288225065537032,0.1108943417497584,0.340293364536558,-0.0111664526834993,-0.7079293438249794
2026-07-21 18:04:05.340,Set_A,SubC.mp4,0,0.5905408469522825,0.5485356620266523,-0.0412146909814325,-1.0099150949722773,0.2072393033960782,-0.24049035485015,-0.8532300012127253,-0.8775620746897311,0.0539528920889073,-0.0847081318306318,0.3926839196949077,-0.0539528920889073,0.0847081318306318,-0.3926839196949077,0.4157455022305614,-0.0759417097119408,0.1707706097213473,0.4015948810320697,0.009377923953239,-0.7845014563463553
2026-07-21 18:04:05.395,Set_A,SubC.mp4,0,0.6483750857283712,0.5757861772900915,-0.1283005188643468,-0.9740816615821368,0.1604514209347676,-0.276455460613414,-0.7989079614471499,-0.9927256508058278,0.0398308459745783,-0.0670447427072423,0.3864877787775582,-0.0398308459745783,0.0670447427072423,-0.3864877787775582,0.3597329452638666,-0.0172434532108372,0.2016388735511287,0.3659587779169065,0.031052099630117,-0.5818140326965265
2026-07-21 18:04:05.451,Set_A,SubC.mp4,0,0.6519732472494493,0.5769877129326134,-0.1123251138683041,-1.015147222207196,0.2588418962424266,-0.3138595393949545,-0.8411109393530475,-0.8693107971406311,0.0579875380983449,-0.0885920199388754,0.382793002170273,-0.0579875380983449,0.0885920199388754,-0.382793002170273,0.3957032100656857,-0.0499857188491177,0.1505413139823649,0.3975238285490914,0.004351415130382,-0.7122397097199363
2026-07-21 18:04:05.560,Set_A,SubC.mp4,0,0.6283382086741937,0.5940811172569145,-0.0461396560610166,-1.0110987808413892,0.195237444930794,-0.2255256245525522,-0.8623075251128473,-0.8406418050958403,0.047923344552506,-0.0420327582694295,0.3779770129485453,-0.047923344552506,0.0420327582694295,-0.3779770129485453,0.4282828578900116,-0.0297999413900099,0.3854201776494617,0.4288039859437809,0.0209738714346426,-0.432703071151181
2026-07-21 18:04:05.614,Set_A,SubC.mp4,0,0.6477602200473542,0.5792002980081465,-0.0914517955556554,-1.0399927802046969,0.4415494478264583,-0.2833810247110842,-0.8985251317806028,-0.7603733204631176,0.0459704808124132,-0.0622817433791419,0.4151080335713553,-0.0459704808124132,0.0622817433791419,-0.4151080335713553,0.4478428280986427,-0.0470558956930899,0.3494295467250364,0.4392442243609893,0.0036289271630309,-0.6136809850992048
2026-07-21 18:04:05.669,Set_A,SubC.mp4,0,0.7095161274267463,0.6043003914821239,-0.1403500607460849,-1.0208201825588537,0.2744350022293647,-0.3282535642187841,-0.822198510036252,-0.8938643698047264,0.0495176518985842,-0.0761595385476994,0.3776409103976706,-0.0495176518985842,0.0761595385476994,-0.3776409103976706,0.427648943827585,0.0086685404335671,0.1950717417134785,0.4253756914863855,0.0464673016378765,-0.6966712279770267
2026-07-21 18:04:05.723,Set_A,SubC.mp4,0,0.7702444806311998,0.7659099856034776,-0.4775396915937194,-0.5986404060439299,-0.0237221416360514,-0.5399457574213841,-0.3969715375556354,-1.3810839726745423,0.0097043637467405,-0.1097255796135204,0.4693250406786495,-0.0097043637467405,0.1097255796135204,-0.4693250406786495,0.1866141949446637,-0.2737520641139249,1.049490431996103,0.2423331652107732,0.343574419759486,-0.8004131699356412
2026-07-21 18:04:05.887,Set_A,SubC.mp4,0,0.6971223310369612,0.6239944251612588,-0.1643314328463821,-1.0069850425282796,0.3537475117435616,-0.343184011359171,-0.8236791633026901,-0.9791247094267712,0.0512771820965994,-0.0976491668204411,0.4519477950478015,-0.0512771820965994,0.0976491668204411,-0.4519477950478015,0.458464690621142,-0.0122089743662588,0.4299193303233329,0.4389486115982012,0.0871044677330222,-0.6678378471043019
2026-07-21 18:04:05.995,Set_A,SubC.mp4,0,0.681607731116475,0.6398022745112458,-0.1037894224158821,-0.995542036867906,0.3548601203050078,-0.327246916675088,-0.8597433632923536,-0.9648795940394452,0.0578793700382504,-0.0811926479782174,0.4619191553727311,-0.0578793700382504,0.0811926479782174,-0.4619191553727311,0.4575067105879565,0.0004213529118652,0.2097509015643294,0.4305387672143714,0.1035684552688653,-0.8998851723348669
2026-07-21 18:04:06.050,Set_A,SubC.mp4,0,0.8796130276025661,0.7277418599336782,-0.266757425948758,-0.9587406636129272,0.2287957605052465,-0.4788590902058685,-0.7481946992912191,-0.9571004204551388,0.0517548115131509,-0.1022178572353961,0.3971635515531083,-0.0517548115131509,0.1022178572353961,-0.3971635515531083,0.3510570615365488,0.1520783889766807,0.1895968601579523,0.3327677042989732,0.2269998746848252,-0.9036881141416048
2026-07-21 18:04:06.105,Set_A,SubC.mp4,0,0.8522459116519172,0.688169315219056,-0.2809906127039946,-0.943904391886642,0.1896035898275887,-0.4690517982656768,-0.6767796036826256,-1.0900589014630058,0.0530348928845134,-0.1143331510142873,0.4122580472704925,-0.0530348928845134,0.1143331510142873,-0.4122580472704925,0.3537618080532986,0.1788610515139544,-0.0285468308806228,0.3410186854028831,0.2267625460751732,-1.0016962786102377
2026-07-21 18:04:06.159,Set_A,SubC.mp4,0,0.7515152027940486,0.6512354053847246,-0.1959680322901029,-0.9820376905952728,0.3048263342536175,-0.3935940394370256,-0.8089405648140059,-0.9717696993394044,0.0594497585439093,-0.105670862479155,0.4165889223421376,-0.0594497585439093,0.105670862479155,-0.4165889223421376,0.3785329278020187,0.0370999330655543,-0.2025305302798757,0.39770636677399,0.1320709496550894,-1.039457967500336
2026-07-21 18:04:06.213,Set_A,SubC.mp4,0,0.7687080978185434,0.6422422977767759,-0.2476694019386603,-0.9266427471387124,0.1930114529172723,-0.3933931835524814,-0.7256155664378775,-1.1198778007260894,0.048898798771962,-0.1042915524152133,0.4218017585075218,-0.048898798771962,0.1042915524152133,-0.4218017585075218,0.3540748217334443,0.0595787038976773,0.1116320921547139,0.3876198506778973,0.1314321953241256,-0.8241353796823724
2026-07-21 18:04:06.267,Set_A,SubC.mp4,0,0.7797075051193814,0.6460228542300505,-0.2328691370582685,-0.8733516788243342,0.0752072612373191,-0.3824123715678635,-0.685795301309461,-1.1663027471973788,0.0441130265647529,-0.0920031393437155,0.4038344068090357,-0.0441130265647529,0.0920031393437155,-0.4038344068090357,0.3348548919008928,0.0611119268282247,0.2617017671565316,0.3534485395403695,0.1120806566551998,-0.7081763481982288
2026-07-21 18:04:06.320,Set_A,SubC.mp4,0,0.6761941474316744,0.6256862603485326,-0.1333966579976281,-0.9689637129812478,0.1918099946136177,-0.3310816248451068,-0.7787400333296637,-1.0460883683878046,0.0543449169403169,-0.0928192512080064,0.4304089143989274,-0.0543449169403169,0.0928192512080064,-0.4304089143989274,0.4256751830679045,-0.0274528823998017,0.4775966575849749,0.4300571545573573,0.0793824316715205,-0.7031324692434692
