timestamp,subject_id,input_source,label,left_angle,right_angle,x11,y11,z11,x12,y12,z12,x23,y23,z23,x24,y24,z24,x25,y25,z25,x26,y26,z26
2026-07-21 18:06:11.434,Set_A,SubF1.mp4,0,0.6005470869076667,0.4029948249400493,0.3397594036181302,-0.913671651410808,0.8247575009604085,0.2155922640857531,-0.8794441574679918,-0.1345979388825914,0.0654223650359766,0.0748269674459441,0.3480142453101048,-0.0654223650359766,-0.0748269674459441,-0.3480142453101048,0.2369912084838012,0.3553228252054444,1.0882955051629082,0.1342145917364491,-0.3537010096841315,-1.8738764343205676
2026-07-21 18:06:11.926,Set_A,SubF1.mp4,0,0.5311502158786099,0.4949886983450139,0.4287733216192659,-0.6746619452229046,0.0286191598267214,0.2741005013956853,-0.6700736818390176,-1.3315598653965204,0.0664329533194768,-0.0386083414330758,0.4384626554539557,-0.0664329533194768,0.0386083414330758,-0.4384626554539557,0.3152271551658303,0.3726932768440509,0.2204233528781533,0.2712639018130091,0.4377362116228055,-0.9116710937311788
2026-07-21 18:06:12.472,Set_A,SubF1.mp4,0,0.8389217747423964,0.76433702620466,0.2244042156464703,-0.7204515637490303,-0.2851377103967738,0.0099887361114333,-0.7798549714858383,-1.016453717240087,0.0721491218791257,0.0039475275616544,0.2517555981386959,-0.0721491218791257,-0.0039475275616544,-0.2517555981386959,0.1365306106474901,0.4911265910089791,0.3895064781441307,0.0088582250226656,0.5149592976565923,-0.3542587231957598
2026-07-21 18:06:12.580,Set_A,SubF1.mp4,0,0.971931211309862,0.9112702743906628,0.1591924775002796,-0.8162716257470539,-0.1428150277320417,-0.0842162594169782,-0.8336496302030886,-0.9850761088081076,0.0625801477458352,-0.0066701222261895,0.2751421782916361,-0.0625801477458352,0.0066701222261895,-0.2751421782916361,0.0819802826672206,0.5544413145058561,0.759505488012414,-0.027865881628482,0.5836455317206698,-0.0638950938948097
2026-07-21 18:06:12.635,Set_A,SubF1.mp4,0,0.9700262047070688,0.9100848736913936,0.0897216291919179,-0.821842625048061,-0.1476674156475012,-0.1777552728961942,-0.7839135860002002,-1.041364572255297,0.0573637476062129,-0.02548719291471,0.2815650095726503,-0.0573637476062129,0.02548719291471,-0.2815650095726503,0.0477449205481711,0.5760607316469664,0.6054083924374074,-0.0605676814858115,0.6166501770171422,-0.0611012063882537
2026-07-21 18:06:12.744,Set_A,SubF1.mp4,0,0.9744565714623776,0.9486407624566024,0.151166262090295,-0.8152802400574363,-0.1597490558475106,-0.0940648235320032,-0.8559279275239484,-0.9374303671840392,0.0637275098244287,-0.0082713053283863,0.2648094963381138,-0.0637275098244287,0.0082713053283863,-0.2648094963381138,0.0445634636409609,0.4849607141555124,0.7024003439510446,-0.0519240759672771,0.5127058987537704,0.0387922885832452
2026-07-21 18:06:12.798,Set_A,SubF1.mp4,0,0.9686478503670272,0.9512817943192636,0.1232366285574835,-0.8211559044519259,-0.1407583582118794,-0.1136028729568252,-0.8310555978955178,-0.986230702189254,0.0632846591920905,-0.0123884458948668,0.2718332587497415,-0.0632846591920905,0.0123884458948668,-0.2718332587497415,0.032468123849982,0.5426191554141572,0.7144813956944319,-0.0592244705118612,0.5763069808445561,0.0571972387531366
2026-07-21 18:06:12.854,Set_A,SubF1.mp4,0,0.9429239448962856,0.9687582577798556,0.1212024891254643,-0.8036070558126095,-0.1736451219532015,-0.1359542236704372,-0.8079938517435881,-1.0106373194820986,0.063496386568739,-0.014230216443385,0.2659611860687426,-0.063496386568739,0.014230216443385,-0.2659611860687426,0.0501562401470006,0.4835036689272112,0.8295954570707436,-0.0643046773181832,0.5166484185257342,0.1271998499374477
2026-07-21 18:06:12.963,Set_A,SubF1.mp4,0,0.9280497896498276,0.987241814412224,0.1284689216337264,-0.9267987815032528,0.0197685824619628,-0.1646285810645331,-0.9090880201693676,-0.8123669236626775,0.0680874216954399,-0.0063888388568892,0.2773675278903075,-0.0680874216954399,0.0063888388568892,-0.2773675278903075,0.0300717265028773,0.5213033072580804,0.8372688454769492,-0.0629670652146055,0.5668723411666742,0.0741669918990001
2026-07-21 18:06:13.017,Set_A,SubF1.mp4,0,0.9186322573986077,0.9665264173922532,0.0875420216261153,-0.8262852547152778,-0.1664200310869239,-0.1290986307598126,-0.8251159443543222,-0.9610315767210548,0.0545839390206696,-0.0136762046610877,0.249205325760749,-0.0545839390206696,0.0136762046610877,-0.249205325760749,0.0140659992460133,0.420472615078537,0.8795056466269208,-0.0770773837974836,0.4597864558209414,0.3535051934682515
2026-07-21 18:06:13.071,Set_A,SubF1.mp4,0,0.893199784860856,0.9483006989146516,0.0919974764410132,-0.974069911571509,0.1509510021611932,-0.1672004578743878,-0.9331918632487768,-0.7481921878583161,0.0622465853517949,-0.0101090036286033,0.3012287171795953,-0.0622465853517949,0.0101090036286033,-0.3012287171795953,0.0269186170563962,0.5542961771177539,0.956322528638822,-0.0900516997709253,0.5927682368616557,0.1822117329750701
2026-07-21 18:06:13.126,Set_A,SubF1.mp4,0,0.9247810992385008,0.9739102388307068,0.1189577648674369,-0.9078392193862432,-0.0266361245272475,-0.1517822475232465,-0.8576160157110528,-0.9125605354997828,0.0650991297654665,-0.0120337727552149,0.2940469172319584,-0.0650991297654665,0.0120337727552149,-0.2940469172319584,0.0374156009363117,0.5309659340134704,0.8989499519398377,-0.0727079461458425,0.5706004958398867,0.0145535848947207
2026-07-21 18:06:13.181,Set_A,SubF1.mp4,0,0.8951904065609284,0.9663747774374372,0.0890893264839089,-0.8886849930723589,-0.0038318311292062,-0.1155807402370308,-0.8430869276960511,-0.996300269863184,0.0556220026230495,-0.0148299496067227,0.2853853327784928,-0.0556220026230495,0.0148299496067227,-0.2853853327784928,0.030275688429989,0.461511377912888,0.9727932993045392,-0.0731503755762823,0.5118370596472239,0.3798026053651165
2026-07-21 18:06:13.234,Set_A,SubF1.mp4,0,0.8990230779916236,0.9542799742299856,0.1004863148133371,-0.9334594112758984,0.0687999821992335,-0.122336134550957,-0.9052177015012578,-0.8554314463086307,0.0532085551515403,-0.0095547932587704,0.2933082101633288,-0.0532085551515403,0.0095547932587704,-0.2933082101633288,0.0178876197180399,0.4923810710449841,0.9407415769176822,-0.0868305294262877,0.5390460254535749,0.3014740471910997
2026-07-21 18:06:13.289,Set_A,SubF1.mp4,0,0.8991173721531325,0.9523904609342058,0.0901623084183112,-0.9532807287694408,0.1417005483055785,-0.1393017182560235,-0.9317609828200132,-0.8081861550284123,0.0569289342420795,-0.0142166907854526,0.312207788172281,-0.0569289342420795,0.0142166907854526,-0.312207788172281,0.0260823025014131,0.5069159462857509,0.9438497739625344,-0.0866374773422011,0.5591846639024914,0.2445537505574963
2026-07-21 18:06:13.343,Set_A,SubF1.mp4,0,0.8899097010264713,0.9512679342656242,0.0895744607577315,-0.9283882091533016,0.0699393156194759,-0.1223171903373446,-0.8903872933155056,-0.9011935398367212,0.0506217204377405,-0.0130787009785407,0.3025492748258281,-0.0506217204377405,0.0130787009785407,-0.3025492748258281,0.0152967715794352,0.4661419372400259,0.9760565611268948,-0.0862890522033101,0.5265695856615586,0.3281026766506122
2026-07-21 18:06:13.398,Set_A,SubF1.mp4,0,0.8903468410461671,0.9606551033383396,0.0786982906626971,-0.9093517604773026,0.0648729255119398,-0.1261375548961189,-0.899875097271837,-0.9160178564186372,0.0554407708061105,-0.0133400777574152,0.3259287026183143,-0.0554407708061105,0.0133400777574152,-0.3259287026183143,0.01583541755472,0.5017981323072779,1.107545997811101,-0.0757361900896283,0.5469936576524009,0.2662712300716267
2026-07-21 18:06:13.889,Set_A,SubF1.mp4,0,0.9645017876876392,0.9750374804201924,0.1431354913556886,-0.8656623960394509,-0.1584093422041633,-0.1347115409503547,-0.8427916282241298,-0.8813569219327078,0.0683729520782515,-0.0061586283510699,0.2425220945277114,-0.0683729520782515,0.0061586283510699,-0.2425220945277114,0.0431300632828187,0.5319624875808816,0.6841906362526086,-0.0627636223627426,0.5350966822522104,0.1206214570479773
2026-07-21 18:06:13.943,Set_A,SubF1.mp4,0,0.908573045604316,0.9562777239855172,0.1186869948366364,-0.8545500177979974,-0.0784961573905141,-0.1233036265532014,-0.8251578822948105,-1.007118901954834,0.0545133261367913,-0.0194378592994737,0.2977003660951325,-0.0545133261367913,0.0194378592994737,-0.2977003660951325,0.0315780557963672,0.4459303505046478,1.0341964828044656,-0.0644894093295189,0.4751428087039833,0.4133432895497667
2026-07-21 18:06:13.998,Set_A,SubF1.mp4,0,0.9226881851838892,0.9988839204016214,0.1223379238886268,-0.9055329527158984,-0.004275927690507,-0.1374224811231928,-0.8722403897911404,-0.911854193419147,0.062261243811348,-0.0104484985494602,0.2929480540445906,-0.062261243811348,0.0104484985494602,-0.2929480540445906,0.0610443267636123,0.5127222216242642,1.0038526176320963,-0.0557623853607034,0.5222426001641314,0.1335416237493542
2026-07-21 18:06:14.053,Set_A,SubF1.mp4,0,0.8887162275089205,0.8498812394472293,-0.0512792158012341,1.035267660881406,-0.004377610575131,0.0356435714829525,0.8439522119359671,0.6886934705659747,-0.0510820407795093,0.0199603079317171,-0.1625614123875807,0.0510820407795093,-0.0199603079317171,0.1625614123875807,-0.0650917237721452,-0.2836850392182911,-0.2466375637888566,0.2280415992100906,-0.305422224813938,-0.3006854455201433
2026-07-21 18:06:14.216,Set_A,SubF1.mp4,0,0.9002735426407842,0.9436214452054796,0.0900615085708982,-0.942645857102452,0.0218027850076235,-0.1731458666305605,-0.931043380713026,-0.7163426539426377,0.0792948860326135,-0.0208814853065757,0.2137921034405069,-0.0792948860326135,0.0208814853065757,-0.2137921034405069,0.0604310051326839,0.4349542632936116,0.6566716434649714,-0.1016039345022232,0.5338537283640173,0.2275655706971067
2026-07-21 18:06:14.270,Set_A,SubF1.mp4,0,0.895159515526719,0.9552586721590376,0.1032670111387257,-0.9047120932690236,-0.0062475917894167,-0.1620412781234506,-0.90721752574659,-0.8384160343212034,0.0786639900282529,-0.0249881335714378,0.2539981515976536,-0.0786639900282529,0.0249881335714378,-0.2539981515976536,0.0895610289008653,0.4038610094886978,0.8230059404509791,-0.1066239765806671,0.498116990779061,0.2249455882248901
2026-07-21 18:06:14.325,Set_A,SubF1.mp4,0,0.9174469617781104,0.9615594765863834,0.0879397990522021,-0.9499285809390856,0.0522771646513064,-0.171683000243766,-0.918983468294784,-0.7594934176338345,0.0741452293843567,-0.0238875017084214,0.2491792995524381,-0.0741452293843567,0.0238875017084214,-0.2491792995524381,0.1155116940106475,0.4296368234609264,0.7102160366881708,-0.1092529171990556,0.5219905616689592,0.1860333418199173
2026-07-21 18:06:14.379,Set_A,SubF1.mp4,0,0.9204220038017288,0.9772272601339717,0.0642583982367983,-0.8848448181137242,-0.046302228320551,-0.1525278498298852,-0.8708337269382775,-0.9075328467105268,0.0683555997204638,-0.0158020029653804,0.2439032347409531,-0.0683555997204638,0.0158020029653804,-0.2439032347409531,0.1374117086983901,0.3848418769318886,0.7618089516387222,-0.1098491836399553,0.4492763462603448,0.1543653464669686
2026-07-21 18:06:14.434,Set_A,SubF1.mp4,0,0.9304914058126468,0.9588032729411792,0.0473940370683062,-0.923920104909207,0.0002412026417209,-0.1510418669616155,-0.8857668748832815,-0.8453980889817356,0.0737765114046718,-0.02030743260124,0.2404557881292995,-0.0737765114046718,0.02030743260124,-0.2404557881292995,0.1475820090296773,0.4213372747973836,0.6710568435072068,-0.1050416753856796,0.4884383380003423,0.2927146334779476
2026-07-21 18:06:14.488,Set_A,SubF1.mp4,0,0.9314298591547387,0.9786100615505022,0.0452399251549569,-0.8458301969433141,-0.1393258356618248,-0.1253150216732026,-0.8125439951181445,-0.9757450221862752,0.0657333545711506,-0.0189602422649951,0.2415751050979035,-0.0657333545711506,0.0189602422649951,-0.2415751050979035,0.1345243313937698,0.361782094473448,0.7476668798737542,-0.1034938630882655,0.4496073473033437,0.2915504099066249
2026-07-21 18:06:14.542,Set_A,SubF1.mp4,0,0.9071978770802408,0.9663875958270411,0.0343004538261454,-0.8829089195187902,-0.0750560362190387,-0.1237125745124008,-0.826678868201697,-0.9590208800455864,0.0615630714290532,-0.0212693604848135,0.2508721670857827,-0.0615630714290532,0.0212693604848135,-0.2508721670857827,0.1336074509118575,0.3785960752334732,0.7879059978492828,-0.1084714776366728,0.4245657240410087,0.3218101773603345
2026-07-21 18:06:14.596,Set_A,SubF1.mp4,0,0.9175631536886908,0.9629935275688638,0.063096615015548,-0.7763404166988369,-0.1905077960437183,-0.1013611394041851,-0.7367410303449812,-1.116825505293434,0.0593137914720743,-0.0185067717653243,0.2528586932764985,-0.0593137914720743,0.0185067717653243,-0.2528586932764985,0.1344562560678507,0.3653924008773726,0.7406731079911961,-0.0910270137925056,0.3982668271518879,0.24527544254664
2026-07-21 18:06:14.651,Set_A,SubF1.mp4,0,0.9101863567678714,0.9813781010714911,0.0358973099201983,-0.7666147229192992,-0.2343314889990243,-0.0875083500467604,-0.6999393965480211,-1.124548680556219,0.0528867218833969,-0.0179497396675966,0.2310452361558405,-0.0528867218833969,0.0179497396675966,-0.2310452361558405,0.1342275565794241,0.3655476099537253,0.7255950872794781,-0.0836343007847001,0.4192205146832954,0.3645148615889113
2026-07-21 18:06:14.705,Set_A,SubF1.mp4,0,0.914703823223387,0.9775222097476208,0.0284529311820524,-0.8599785853139801,-0.0745709417099823,-0.0885040261955273,-0.804354404514578,-1.0328538028916612,0.0531643318432454,-0.0214682032045452,0.2590501008835597,-0.0531643318432454,0.0214682032045452,-0.2590501008835597,0.1588097575913652,0.4292897765784367,0.622317627667763,-0.093319544010675,0.4557068303645304,0.2860912733625449
2026-07-21 18:06:14.760,Set_A,SubF1.mp4,0,0.914545172243034,0.9385021581967528,0.0412073965657757,-0.8636728479050289,-0.0061568901617873,-0.0701975824157697,-0.8473785340247101,-1.0289579525106156,0.060044448267393,-0.0170522393873741,0.2969904257492484,-0.060044448267393,0.0170522393873741,-0.2969904257492484,0.1679383667745131,0.4549550110971969,0.4524463388668354,-0.1046491080293985,0.496228795864071,-0.0701379966813095
2026-07-21 18:06:14.815,Set_A,SubF1.mp4,0,0.9263806043447096,0.9519152190109262,0.0423706630269943,-0.8181677494795421,-0.0279833715376141,-0.0750240433590334,-0.8092199949062517,-1.1341452298554542,0.0541542685776262,-0.0134444380055729,0.3075240023929772,-0.0541542685776262,0.0134444380055729,-0.3075240023929772,0.1422205585436961,0.4450402734475231,0.6921280257600728,-0.104996195512455,0.4626325612615409,0.0624926221414275
2026-07-21 18:06:14.869,Set_A,SubF1.mp4,0,0.9401352802774084,0.9597736334579048,0.0412896739414359,-0.8462041312032512,0.0059972949688577,-0.0837853743567549,-0.8316238600388383,-1.09369548254239,0.0534041387711979,-0.0129486101852399,0.2971255313130024,-0.0534041387711979,0.0129486101852399,-0.2971255313130024,0.121399492955939,0.4606264711382115,0.6666418729486772,-0.1123783047442952,0.4544959048090904,0.1415779802088291
2026-07-21 18:06:14.923,Set_A,SubF1.mp4,0,0.8974606991140662,0.9795820936652858,0.034239830654406,-0.8229763696364862,-0.049461823850272,-0.0393330500388334,-0.8162397489983918,-1.096376112126674,0.038396874601442,-0.0066965944805567,0.3151275211470872,-0.038396874601442,0.0066965944805567,-0.3151275211470872,0.1266405792043992,0.4424941202680968,0.7945928206725483,-0.1072798540285706,0.4309031272438273,0.1418842047190435
2026-07-21 18:06:14.978,Set_A,SubF1.mp4,0,0.9046149729794568,0.929027136747693,0.0438579201854272,-0.8451794484935057,-0.0701704718775571,-0.0521690746271096,-0.8150385056910235,-1.0450009361648045,0.0462236625914274,0.000116812144616,0.3005472991786156,-0.0462236625914274,-0.000116812144616,-0.3005472991786156,0.1207317257275047,0.4240452806528256,0.7635837102746671,-0.0959708123216619,0.4011403165497664,-0.0720569676302771
2026-07-21 18:06:15.033,Set_A,SubF1.mp4,0,0.9330205480746891,0.9476768364662632,0.0081225308602561,-0.881856643398064,-0.0841564409253131,-0.0522522602405368,-0.8443127294029783,-0.9249975926039988,0.0448758443869296,-0.0034102494463302,0.2471250622052841,-0.0448758443869296,0.0034102494463302,-0.2471250622052841,0.1034645593290358,0.4799248978562215,0.6735294480552052,-0.1158991537584427,0.4830437221346738,0.2749775573435987
2026-07-21 18:06:15.087,Set_A,SubF1.mp4,0,0.9340761232956138,0.9186448611389882,0.0165501539705794,-0.8908773355932099,-0.0257715616358444,-0.0931941553246325,-0.8709091572540923,-0.9177505900263424,0.0428037802456736,-0.0109553070673839,0.2456788806990187,-0.0428037802456736,0.0109553070673839,-0.2456788806990187,0.0743022143196539,0.4840010651290233,0.6864763905674645,-0.1063138027926439,0.5209971857913116,0.2139221743209123
2026-07-21 18:06:15.142,Set_A,SubF1.mp4,0,0.9187016881039756,0.9110414360124784,0.0142340867355522,-0.8901607727512567,0.0231779987859934,-0.1082030175234801,-0.8955663524267753,-0.9189170648370252,0.041491701436131,-0.0072644318273561,0.279932860428162,-0.041491701436131,0.0072644318273561,-0.279932860428162,0.055587804205863,0.4759338323910767,0.7944355431179314,-0.0883828156666266,0.4965993594821116,0.2372799738137443
2026-07-21 18:06:15.199,Set_A,SubF1.mp4,0,0.9458707030365332,0.9657786676899348,0.0341922249265114,-0.8646555756636236,0.0580096318943583,-0.1339692478927373,-0.8866654249281032,-1.0186965208308054,0.0523613486081978,-0.0112742756576755,0.3225863401577135,-0.0523613486081978,0.0112742756576755,-0.3225863401577135,0.0479828707871413,0.5136320636859746,0.793590972296044,-0.0426232365419584,0.5516179193201295,0.1340416414224578
2026-07-21 18:06:15.253,Set_A,SubF1.mp4,0,0.8935316834646424,0.9333938820758562,0.0665975030642436,-0.8178790393008043,-0.069975721592124,-0.1146704488567511,-0.8717465207653988,-0.999067990635678,0.0501536202558863,-0.0100716290182245,0.2915028849468109,-0.0501536202558863,0.0100716290182245,-0.2915028849468109,0.0257121853173529,0.4314980639599125,1.0157674039907243,-0.0696217742253937,0.4695634919553391,0.3472136178038656
2026-07-21 18:06:15.307,Set_A,SubF1.mp4,0,0.928939707211899,0.9822731834917956,0.0768294732073247,-0.9051351146874314,0.0821215439388435,-0.136807417094984,-0.950757856007236,-0.8251315893441068,0.0534892023909405,-0.0060024573870775,0.3097676429748059,-0.0534892023909405,0.0060024573870775,-0.3097676429748059,0.0216479269602814,0.5701658126759794,0.7500773221561057,-0.0166569815146492,0.6033742177215202,-0.0398866182124378
2026-07-21 18:06:15.416,Set_A,SubF1.mp4,0,0.9439082081343128,0.9802742401767814,0.0763150304695377,-0.8513387879439174,0.01575418847113,-0.1326598141617504,-0.8940699728723821,-0.9906252173854102,0.0472951349768796,-0.0086040276901754,0.3376806988558626,-0.0472951349768796,0.0086040276901754,-0.3376806988558626,0.0392683553725274,0.5409275835464968,0.8117667760262434,-0.0033257660835042,0.6145517549310356,0.0649069829301075
2026-07-21 18:06:15.525,Set_A,SubF1.mp4,0,0.9724107825250822,0.9384438656765208,0.1095863610120306,-0.8575417498628297,-0.0272391906015651,-0.1422095149807102,-0.9262775453916336,-0.8765995404246093,0.0521216940509189,-0.0115117888934905,0.2849905873436126,-0.0521216940509189,0.0115117888934905,-0.2849905873436126,0.0207502874538609,0.5723712880948616,0.5668024129481835,0.023911285027833,0.6040687449957348,-0.1107099907418904
2026-07-21 18:06:15.633,Set_A,SubF1.mp4,0,0.9045216748527002,0.8693974965706933,0.1209722005677883,-0.9317448163279984,0.2357984317438725,-0.1057899043335775,-1.005654148952848,-0.7320390459722558,0.036449541856448,-0.012177515457363,0.3341406931604833,-0.036449541856448,0.012177515457363,-0.3341406931604833,0.006606865164164,0.4830594495403159,0.8748149055988672,0.0748313838293589,0.515923005904035,-0.1341205507751545
2026-07-21 18:06:15.688,Set_A,SubF1.mp4,0,0.9513915696385368,0.822557681238586,0.1469083385778757,-0.9122637416567638,0.1457184038910567,-0.109609480413094,-0.9851160511777488,-0.7770334733475562,0.0617057030427816,-0.0124901742630354,0.3128735400906134,-0.0617057030427816,0.0124901742630354,-0.3128735400906134,0.0454432211294034,0.5230516846123,0.6401863894136721,0.088087230361115,0.5670082541443453,-0.5830028358854953
2026-07-21 18:06:15.743,Set_A,SubF1.mp4,0,0.907787195166847,0.8214384873920464,0.1392457197982893,-0.9207527220688324,0.1712465254408192,-0.1211907339035118,-0.981895988283188,-0.7873649413968205,0.0508857971572817,-0.0038369955547456,0.3304831053112511,-0.0508857971572817,0.0038369955547456,-0.3304831053112511,-0.0316055792568737,0.5719404126973124,0.9127004110388416,0.1227462629650144,0.5934385439989123,-0.4701376684165039
2026-07-21 18:06:15.797,Set_A,SubF1.mp4,0,0.8681004287909317,0.9114415629473231,0.0336386346777529,-0.945735955390705,0.1527403385306204,-0.2140696067846057,-0.9046999578557158,-0.8898506391454337,0.0575435456990211,-0.0493465349765622,0.3604983725107275,-0.0575435456990211,0.0493465349765622,-0.3604983725107275,-0.0519110940212905,0.6368452075789973,0.959169052130189,0.0307266266321728,0.6931384329580941,-0.4642478414426826
2026-07-21 18:06:15.852,Set_A,SubF1.mp4,0,0.8423873432527627,0.9463803600028872,-0.0779856159090429,-1.0058686496165894,0.3730043424158072,-0.2943474652814511,-0.9529717130128306,-0.5289290370123839,0.0492963767538779,-0.0519047892320098,0.3088979738692543,-0.0492963767538779,0.0519047892320098,-0.3088979738692543,-0.0931425391717082,0.6110331848996122,0.6216233735119014,-0.0300649366547881,0.6831095679584194,-0.0025516800826882
2026-07-21 18:06:15.907,Set_A,SubF1.mp4,0,0.8060653449925296,0.9483947454384436,0.0409289964856944,-0.9720590635571076,0.3308784142983468,-0.1552039446827611,-0.9892444858130874,-0.7053508744905914,0.0255820251062002,-0.0220987481637253,0.3396131112449138,-0.0255820251062002,0.0220987481637253,-0.3396131112449138,-0.0958033468040487,0.4942329380022907,1.0104407398288622,0.0456088764697723,0.5760047803503451,0.0778358892674622
2026-07-21 18:06:15.961,Set_A,SubF1.mp4,0,0.913350562121015,0.8490018060251188,0.0848752037058528,-0.8810578248276228,0.0051275594724617,-0.1232400541514263,-0.9031845452403272,-0.9079051085423276,0.0503393704851951,-0.0104343466163193,0.3029290136248621,-0.0503393704851951,0.0104343466163193,-0.3029290136248621,-0.0617268512313894,0.5562790868128507,0.7435963382130633,0.0890245646422864,0.5805726766396909,-0.3925579995545689
2026-07-21 18:06:16.016,Set_A,SubF1.mp4,0,0.8792876303965946,0.9045808936743864,0.0923504254431652,-0.9733036693358648,0.3006608017846127,-0.1212460200917286,-0.9800945731767492,-0.7289134734149684,0.0459278782087043,0.0010492813699198,0.3308899075195528,-0.0459278782087043,-0.0010492813699198,-0.3308899075195528,-0.062851753639812,0.5778960416986182,0.840989919451397,0.0818013123962835,0.6146269021975089,-0.3091866456367353
2026-07-21 18:06:16.070,Set_A,SubF1.mp4,0,0.7962075114499045,0.8944237148081089,-0.1338867418823519,-0.929215627572097,1.0312638627792023,-0.2524965977826165,-0.9056834770753636,-0.3356682973870031,0.0308517092007087,0.0102683079700583,0.4160668786426673,-0.0308517092007087,-0.0102683079700583,-0.4160668786426673,-0.0999716594537527,0.819034992403099,0.4327724438518717,-0.0643674153764805,0.9328100138475434,-0.333710838046651
2026-07-21 18:06:16.125,Set_A,SubF1.mp4,0,0.8783423939363159,0.9583166385707914,0.0425225837492542,-0.9774028586266468,0.2439010656510037,-0.1194608816901071,-0.955942673975826,-0.750117965681046,0.0395744739553429,-0.0180174371700278,0.3154593139958168,-0.0395744739553429,0.0180174371700278,-0.3154593139958168,-0.0321234317084061,0.5440563155572354,0.7207092474174439,0.043136384151612,0.5830469095017697,-0.0587905914071132
2026-07-21 18:06:16.235,Set_A,SubF1.mp4,0,0.8917896244591652,0.9878418565894942,0.0082303540290239,-0.8692192223969218,-0.0344595398515314,-0.1315354647509028,-0.8385354071106511,-0.9991603008371605,0.0298642178056472,-0.0159620099121736,0.3042470283312651,-0.0298642178056472,0.0159620099121736,-0.3042470283312651,0.0080690668167786,0.4987499938901223,0.8665414119713604,0.0001265889247444,0.5774144416002152,0.1795449525896752
2026-07-21 18:06:16.398,Set_A,SubF1.mp4,0,0.8912541308276463,0.9642530201754038,0.0007597483666355,-0.8731777912830095,0.0360680867691519,-0.0934896137420009,-0.883850563099018,-0.9869900257131696,0.0308872328235102,-0.0085481603659952,0.3149054043103037,-0.0308872328235102,0.0085481603659952,-0.3149054043103037,0.060284553655445,0.4698453477793566,0.9566892265195064,-0.0357979949476366,0.5527350840689081,0.3171499750254524
2026-07-21 18:06:16.507,Set_A,SubF1.mp4,0,0.8902197477641957,0.9516737615065288,0.0057269985277097,-0.896061457313713,0.0680813235947204,-0.0839630416291014,-0.9075225499926626,-0.9288738945132392,0.0336959838640667,-0.0116250468737087,0.2889954145035137,-0.0336959838640667,0.0116250468737087,-0.2889954145035137,0.0823399554892707,0.42722568109841,0.8154358403248574,-0.0387850556422783,0.48281732495457,0.3622220228780156
2026-07-21 18:06:16.616,Set_A,SubF1.mp4,0,0.9207701006958668,0.9425040412269046,0.000709373765749,-0.9105674070465614,0.0633614058010992,-0.0574794519405711,-0.8995514323396796,-0.9120350447949308,0.0080838809544153,-0.0090588139616471,0.2927637176388055,-0.0080838809544153,0.0090588139616471,-0.2927637176388055,0.0410599442166117,0.4409472294521204,0.7379015953111175,-0.0312060046008934,0.4955447195133979,0.3541225112837273
2026-07-21 18:06:16.670,Set_A,SubF1.mp4,0,0.9174807405301696,0.9326732669493436,0.0007002611731468,-0.904160850379201,0.059510515451559,-0.0485624261312472,-0.8976552682258383,-0.926209937339329,0.0085463499327947,-0.0061405251715029,0.2911515816423137,-0.0085463499327947,0.0061405251715029,-0.2911515816423137,0.0488907292878305,0.4351804890574229,0.7615720881051454,-0.0467069007327971,0.4650038145380706,0.3860900465391543
2026-07-21 18:06:16.724,Set_A,SubF1.mp4,0,0.894422557091373,0.8605686588120867,-0.0430451443489802,-0.9569926307198092,0.2303989859832329,-0.0230907788100627,-0.941536309757527,-0.8558699300229257,-0.0301475893543926,-0.0107861435345499,0.3287980661218956,0.0301475893543926,0.0107861435345499,-0.3287980661218956,-0.0414980168287221,0.4310381587900299,0.7796987173256039,0.1018646258980829,0.4358766509649532,0.4100935719802737
2026-07-21 18:06:16.779,Set_A,SubF1.mp4,0,0.9108216122930718,0.9781193147304408,-0.0060646056469726,-0.852902221155789,-0.0413991250468472,-0.0302953596200239,-0.8376968274530285,-1.026567545673145,0.0076966282515017,-0.0100410112703968,0.3012941532889527,-0.0076966282515017,0.0100410112703968,-0.3012941532889527,0.0850694265691602,0.3785049483194679,0.7686517146407097,-0.0560575359518547,0.4432568853410342,0.2803600615651453
2026-07-21 18:06:16.834,Set_A,SubF1.mp4,0,0.9107193353011456,0.9763333760045816,-0.0329075183235021,-0.8976774271478405,0.0437739594211334,-0.0117755654524551,-0.8739284920398916,-0.9708208239987892,-0.0106359770588297,-0.0088985476037818,0.3088002232890106,0.0106359770588297,0.0088985476037818,-0.3088002232890106,0.0641358763012567,0.4305580624513085,0.7652271870058734,-0.0380742013991001,0.4893688413918158,0.2092064480192803
2026-07-21 18:06:16.889,Set_A,SubF1.mp4,0,0.8815468164098452,0.872449480892489,-0.0437484052869785,-0.9426066995241756,0.1831492094747737,0.0058588047318578,-0.9136128619730554,-0.926797861517391,-0.0338395141679062,-0.0060756956645384,0.3478027454495319,0.0338395141679062,0.0060756956645384,-0.3478027454495319,-0.0658573709347824,0.4713819545296364,0.8417384861248132,0.1322662691480441,0.4827346826032497,0.2902129867657312
2026-07-21 18:06:16.943,Set_A,SubF1.mp4,0,0.9000110203539431,0.9772817181134308,-0.0152216173709876,-0.8804881240849911,0.0124296709531739,-0.0111369341041709,-0.8622202190139249,-0.9933847451831624,-0.0006387511470913,-0.0089898085747228,0.3004590584245366,0.0006387511470913,0.0089898085747228,-0.3004590584245366,0.1076893638535406,0.441214691816337,0.7766688707075484,-0.0689122208868185,0.480620991442193,0.2165233425656952
2026-07-21 18:06:16.997,Set_A,SubF1.mp4,0,0.9040752859378508,0.981351806280277,0.000778883461215,-0.8649705021703104,0.0300200628946508,-0.0329779495942564,-0.8860271828376236,-0.9959239541990688,0.0267723677583189,-0.0056438497721565,0.2988935474396479,-0.0267723677583189,0.0056438497721565,-0.2988935474396479,0.0755272531646375,0.420052178521432,0.753734009524353,-0.0879923693456897,0.4764170504431809,0.2042184817000003
2026-07-21 18:06:17.051,Set_A,SubF1.mp4,0,0.9432304649503424,0.9559602742781416,-0.0146654295611882,-0.8778879737237284,0.0987454251597555,-0.0429492163602772,-0.8821592149348662,-1.0468564135310126,0.0224325463198516,-0.0047420324739851,0.3341338863291698,-0.0224325463198516,0.0047420324739851,-0.3341338863291698,0.0757848722741893,0.5121078915537262,0.7096983428672181,-0.0778614874588495,0.537956648277224,0.0338208028696493
2026-07-21 18:06:17.106,Set_A,SubF1.mp4,0,0.903949699699248,0.9550608627809236,-0.0084033929735261,-0.891107647039695,0.090289471239213,-0.0564122121149869,-0.8951144186664686,-0.9876242300229215,0.0371263897156114,-0.0038915466302979,0.3188685832615091,-0.0371263897156114,0.0038915466302979,-0.3188685832615091,0.0656501367989119,0.4768036611866544,0.8148475720997458,-0.0857524194280058,0.5131301175822296,0.1112036479600114
2026-07-21 18:06:17.160,Set_A,SubF1.mp4,0,0.8955254244044671,0.9330891141467578,-0.0215693009563479,-0.8950421253489409,0.0381909142070682,-0.0630746353703963,-0.885617139705259,-0.944881592343637,0.0328402128129528,-0.0183363116948523,0.2928264104554146,-0.0328402128129528,0.0183363116948523,-0.2928264104554146,0.0307722168648512,0.4523917213637455,0.8386952409811487,-0.0906527213826418,0.5052871233022834,0.2009236170946026
2026-07-21 18:06:17.214,Set_A,SubF1.mp4,0,0.9214416421929502,0.9603372318083272,-0.0153668119310983,-0.8914793188819868,0.1618355989198407,-0.056791303157025,-0.9006673222501995,-1.0467105183890002,0.0322223054356111,0.0008714310469971,0.3656253828333478,-0.0322223054356111,-0.0008714310469971,-0.3656253828333478,0.0287293324541032,0.5211643015043798,0.8223609499001373,-0.035306667078084,0.5679984412678047,-0.002487945857415
2026-07-21 18:06:17.269,Set_A,SubF1.mp4,0,0.9074802625668577,0.97614491280016,-0.0076513396071828,-0.8820106016425088,0.1249876562885276,-0.0738334852449474,-0.8924629438267419,-1.044010974680725,0.0322224216917103,-0.0009293520493116,0.3600021296463324,-0.0322224216917103,0.0009293520493116,-0.3600021296463324,0.0076193999137964,0.5097451026828167,0.9002276228313298,-0.0274506935186015,0.5559785840949338,0.0936862722477898
2026-07-21 18:06:17.323,Set_A,SubF1.mp4,0,0.923053521927696,0.9620651313591124,0.0032258457578455,-0.903696765323956,0.150206123857932,-0.0834459928479249,-0.8994751397298054,-1.011679169765716,0.0322389611548374,-0.0070091267609778,0.3615549208989103,-0.0322389611548374,0.0070091267609778,-0.3615549208989103,0.0277837034176608,0.5037048889668503,0.7915443195755354,-0.0213315244913792,0.5704330235024714,0.0013409058032686
2026-07-21 18:06:17.433,Set_A,SubF1.mp4,0,0.9100961470600896,0.977709242623808,0.0234299209495224,-0.9040907342400452,0.1636464058936093,-0.0709891685217456,-0.9190342737320109,-0.9845930078582286,0.019984637780921,-0.0111887997513341,0.3586556646433784,-0.019984637780921,0.0111887997513341,-0.3586556646433784,0.0399494906334663,0.5429995575962655,0.8590542129999308,0.0026949778078924,0.6144116500997855,0.1055953334026714
2026-07-21 18:06:17.487,Set_A,SubF1.mp4,0,0.9464893720444378,0.967162097207658,0.0350693168962733,-0.9016436456787402,0.1433041513359278,-0.0822508873742341,-0.9491755705991466,-0.8997710230915542,0.0332752459995562,-0.0095040593990376,0.3096471195693618,-0.0332752459995562,0.0095040593990376,-0.3096471195693618,0.0868247064807341,0.5317718150147307,0.6532338567568639,-0.0263817400723432,0.5976111498483213,0.0380170670337509
2026-07-21 18:06:17.542,Set_A,SubF1.mp4,0,0.9182570564138104,0.8602850431239286,-0.1080061357240427,0.7316400282852471,0.6464648636299535,0.060337422703322,0.5863878100205481,0.8570411427597452,-0.0564825553413207,0.0229696220687094,-0.1169636970298716,0.0564825553413207,-0.0229696220687094,0.1169636970298716,-0.0385554165257852,-0.6174321482001089,-0.3884221802645128,0.0626842997024162,-0.5997536324230807,-0.0506784911376986
2026-07-21 18:06:17.595,Set_A,SubF1.mp4,0,0.9259256490283314,0.9234926382026178,0.0146316436798033,-0.9444307766115808,0.194596033786211,-0.0548528839097652,-0.968809007786376,-0.7758840684396195,-0.0084880067022353,-0.0027943243690173,0.28181800621978,0.0084880067022353,0.0027943243690173,-0.28181800621978,-0.0133311488498521,0.5020050861522977,0.5320038261176098,0.1161361763322124,0.5186066895802474,0.09826998664175
2026-07-21 18:06:17.649,Set_A,SubF1.mp4,0,0.9068211290552872,0.9220358418556044,0.0140702911457794,-0.9393444029220436,0.2241168156879158,-0.0553045261483606,-0.97098001771306,-0.8148454723390959,0.0083431262263627,-0.0080985641125486,0.3099975832641378,-0.0083431262263627,0.0080985641125486,-0.3099975832641378,-0.0058038018951741,0.4463834964445412,0.6950996945867467,0.0626149852265973,0.5204341352721824,0.1874564677959861
2026-07-21 18:06:17.705,Set_A,SubF1.mp4,0,0.917370721833346,0.969792159823798,0.012595773794391,-0.8984095964346442,0.1563753586055818,-0.0469734864216155,-0.9431163407403298,-0.9358626231496237,0.0231906817703543,-0.0049874193739371,0.3202779731848911,-0.0231906817703543,0.0049874193739371,-0.3202779731848911,0.0904370042769591,0.4493374275666569,0.7225400877223815,-0.0577073541349494,0.4856435925491682,0.2088435928922999
2026-07-21 18:06:17.759,Set_A,SubF1.mp4,0,0.8890492297887462,0.8538591834023601,0.0118567793225046,-0.9422566152171074,0.2496834268790664,-0.0357308495431912,-0.978839473174626,-0.8053990447422683,-0.012910643203214,-0.0031826689197424,0.328072842051584,0.012910643203214,0.0031826689197424,-0.328072842051584,-0.0539017327072878,0.4396690926396872,0.7443105481003218,0.131692451862497,0.4912325445950379,0.2202402129807709
2026-07-21 18:06:17.814,Set_A,SubF1.mp4,0,0.8843399218319061,0.869995583591758,0.0112981354208431,-0.9475337928269364,0.2148708656355576,-0.0388786072493425,-0.9585379283872908,-0.8199575628626161,-0.0081725391386624,-0.0088027500127941,0.3201022028511964,0.0081725391386624,0.0088027500127941,-0.3201022028511964,-0.0738277996035252,0.4604289111226018,0.7684250537966733,0.1322394947905776,0.5152837007349351,0.2488593025797237
2026-07-21 18:06:17.870,Set_A,SubF1.mp4,0,0.8803476655205517,0.904585656146211,-0.002975301254978,-0.9514314711896416,0.2271222992174236,-0.0397376245358095,-0.954822026071754,-0.8307556400370718,-0.0043881144245962,-0.0027656252229588,0.328227766277453,0.0043881144245962,0.0027656252229588,-0.328227766277453,-0.0851935521778447,0.4553560125545301,0.7565417593412284,0.1096877783670994,0.5141994023754192,0.2259836714766968
2026-07-21 18:06:17.927,Set_A,SubF1.mp4,0,0.9175338487155672,0.9801781448593656,-0.0127368996917199,-0.9293573508527304,0.1710811726499537,-0.0626824222211014,-0.9461368145111096,-0.8616125344058139,0.0192051923662448,-0.006232286115266,0.3033421906102571,-0.0192051923662448,0.006232286115266,-0.3033421906102571,0.0862396199499152,0.4584034069337073,0.6706676646968649,-0.0817313871270842,0.4497311175202976,0.1382792149601329
2026-07-21 18:06:18.094,Set_A,SubF1.mp4,0,0.8137378649032498,0.9520599249714744,-0.0297111023196121,-0.9508460716579438,0.2894473231455433,-0.056753190192847,-0.9779748222880196,-0.811150193750848,-0.0095851655257308,-0.0085787859925665,0.3390993562926792,0.0095851655257308,0.0085787859925665,-0.3390993562926792,-0.1034101692137055,0.4684695899945274,0.8548123047057372,0.0512706131140634,0.5285033955398556,0.127995258361647
2026-07-21 18:06:18.802,Set_A,SubF1.mp4,0,0.8469845990359205,0.903823552280752,-0.1094984964978681,-0.945292593381073,0.2727161716460203,0.0106444182607825,-0.9908611652340656,-0.7641797961558807,-0.0371798674047272,-0.003760657565611,0.3133269023716918,0.0371798674047272,0.003760657565611,-0.3133269023716918,-0.0770342747729934,0.5880381858870305,0.765048439443436,0.1216412303818951,0.5492317395895415,0.2256798049163531
2026-07-21 18:06:19.182,Set_A,SubF1.mp4,0,0.9073774724973974,0.9380764348246864,-0.0638218392510003,-0.8901763070878975,0.1036775823970286,-0.0362019204325079,-0.868078106115357,-1.0515893219329702,0.0070049228623753,-0.0055471284949674,0.3662871008636348,-0.0070049228623753,0.0055471284949674,-0.3662871008636348,0.0212416840643222,0.5176623428681293,0.8940686277599527,-0.0480578494878387,0.572486546449879,0.1009054040010238
2026-07-21 18:06:19.294,Set_A,SubF1.mp4,0,0.8640559576153122,0.91419424266178,-0.0856748825838735,-0.8990224650197822,0.0911440689124199,-0.0573692679130906,-0.848473955404112,-1.0533262926176177,0.0030567814038079,-0.0128575798285645,0.3617005432821853,-0.0030567814038079,0.0128575798285645,-0.3617005432821853,-0.0230663939841272,0.5025584412651729,0.9231598208549604,-0.0570829578091527,0.5480944585617344,0.1674350266204864
2026-07-21 18:06:19.659,Set_A,SubF1.mp4,0,0.8847489002549638,0.9311102109203842,0.0160115747342803,-0.9249642150556072,0.2586317130105925,-0.0520340166130011,-0.9815777988290644,-0.8617900114478059,0.0317103084132203,-0.0174455078598087,0.3407093139007615,-0.0317103084132203,0.0174455078598087,-0.3407093139007615,0.0893857981112608,0.4473655275244165,0.7983129485750938,-0.0530912252244412,0.4941535848190398,0.310510620429176
2026-07-21 18:06:19.713,Set_A,SubF1.mp4,0,0.879955316591995,0.9124292074837091,0.0357396450705383,-0.934879095899374,0.3277645203700867,-0.0467218457152504,-0.9994952845367586,-0.8357754922804663,0.014394363183688,-0.0076282027443465,0.3715339811658518,-0.014394363183688,0.0076282027443465,-0.3715339811658518,0.0403778269527693,0.4489286924435158,0.9023589735510698,0.0459469689050814,0.5195232935435458,0.1955748092937653
2026-07-21 18:06:19.822,Set_A,SubF1.mp4,0,0.8455097845543111,0.8914619693319323,0.030230086137179,-0.9398843154292208,0.2791963070217634,-0.0500257461626992,-0.9906315005629328,-0.8014192632849899,0.0127239641080446,-0.0104581828655374,0.3505095224015296,-0.0127239641080446,0.0104581828655374,-0.3505095224015296,0.0554858145509207,0.4012147883598492,0.9684111572653328,0.006597480456181,0.4789646662989757,0.3674992415725622
2026-07-21 18:06:20.147,Set_A,SubF1.mp4,0,0.8473153473672452,0.989821701687175,0.0089711529882637,-0.9542105433325724,0.1610018483971312,-0.145632244247458,-0.936156075968498,-0.799623638479561,0.032601693847963,-0.0073071913375892,0.3434085351198302,-0.032601693847963,0.0073071913375892,-0.3434085351198302,-0.0976275219805313,0.5586669054915763,0.8918502512317352,0.0343540836772205,0.6171782314659416,-0.0289839424666414
2026-07-21 18:06:20.202,Set_A,SubF1.mp4,0,0.8358575099754628,0.9733093986459856,-0.0111664823068503,-0.9687607718997808,0.2452866430279681,-0.1587900716670567,-0.9294586620524068,-0.8518159088738545,0.0371478509923061,-0.015718449926821,0.3528027839019758,-0.0371478509923061,0.015718449926821,-0.3528027839019758,-0.0762117918389523,0.5730339116298933,0.9050236425705402,0.0160801922006537,0.6252353460924432,-0.1429802180051078
2026-07-21 18:06:20.256,Set_A,SubF1.mp4,0,0.8400351658563184,0.9738866057586943,-0.0147702422795242,-0.9517548419114188,0.2102594579656621,-0.1709267934728788,-0.9144789627726484,-0.9050169675812124,0.0340389538398906,-0.0129307383779079,0.3620961522270208,-0.0340389538398906,0.0129307383779079,-0.3620961522270208,-0.0676442191470301,0.5717531022779543,0.9104134606676229,-0.002317785408501,0.6110526280703519,-0.0881088694620945
2026-07-21 18:06:20.311,Set_A,SubF1.mp4,0,0.8490728728421213,0.9765621081750624,-0.0090489757421483,-0.9426318982547062,0.1170957830238949,-0.1656738401008647,-0.904802719081376,-0.8630564202509351,0.0347771557574426,-0.0109742969635108,0.3344707493476148,-0.0347771557574426,0.0109742969635108,-0.3344707493476148,-0.0432430614140114,0.542248379937805,0.901823547552821,-0.0017733490182989,0.5983234030078092,0.0665987953351922
2026-07-21 18:06:20.366,Set_A,SubF1.mp4,0,0.8638611907397867,0.986387604977368,0.0267003072269279,-0.930802737801072,0.0165889529644758,-0.1499114180489936,-0.8700579655937634,-0.8778204834707921,0.037650238918051,-0.0137156743525601,0.3031734393581424,-0.037650238918051,0.0137156743525601,-0.3031734393581424,-0.0312130922393183,0.5087588096657022,0.9089384416197538,0.0157237185882962,0.5893508602971017,0.1042079971882206
2026-07-21 18:06:20.420,Set_A,SubF1.mp4,0,0.8955721176053107,0.9834478761820264,0.0232167997824758,-0.8946872276644706,-0.0005191007412927,-0.1304543933300313,-0.8476360236278855,-0.9756006596038006,0.0324877885576253,-0.011853884297245,0.3278824444162127,-0.0324877885576253,0.011853884297245,-0.3278824444162127,0.0115370591811295,0.4773039591286542,0.9042176130706552,0.0104752073768695,0.542395002795657,0.1868607378972534
2026-07-21 18:06:20.474,Set_A,SubF1.mp4,0,0.9065223006426903,0.9599411501307632,0.037953650480771,-0.9192971301017928,-0.0032187253183055,-0.1558565167765848,-0.8650634917592712,-0.8924129429867113,0.0402664073029442,-0.0180880621963115,0.3281433760652337,-0.0402664073029442,0.0180880621963115,-0.3281433760652337,0.0141982521530746,0.4902051644998798,0.9145063655593708,-0.0078442168992008,0.5813849976133485,0.1942833866422175
2026-07-21 18:06:20.641,Set_A,SubF1.mp4,0,0.9585511840024152,0.9878270984947768,0.0940857147102979,-0.921210154701178,-0.0218998027587632,-0.1453050300760972,-0.9006701015832563,-0.8015860280206274,0.064024144207249,-0.0053432567721088,0.2709488829865191,-0.064024144207249,0.0053432567721088,-0.2709488829865191,0.0808841416714332,0.569329468378229,0.6444366128124867,-0.0293122029471353,0.6124051412738523,0.0850109691031905
2026-07-21 18:06:20.695,Set_A,SubF1.mp4,0,0.9350401119927506,0.9692360376689116,0.1142019060264418,-0.9717740907935816,0.1378294267875643,-0.1605294530678417,-0.9589265928352892,-0.6576838570083123,0.0745407325400103,-0.0087905436823657,0.2945182502047307,-0.0745407325400103,0.0087905436823657,-0.2945182502047307,0.0877024462845037,0.6139522947357771,0.6976131851031949,-0.066460030883744,0.6750986867304872,0.069707204437225
2026-07-21 18:06:20.750,Set_A,SubF1.mp4,0,0.9152012512898184,0.950517133465265,0.1235510277783132,-0.9747124299434292,0.1509332726237301,-0.136860591978072,-0.9763235478920524,-0.5905711562192619,0.0715037842050401,-0.0050782286413483,0.2884761371128529,-0.0715037842050401,0.0050782286413483,-0.2884761371128529,0.0866894607774619,0.5601471395167532,0.7346923546683308,-0.0615519624607,0.6221138758585588,0.1013565087835291
2026-07-21 18:06:20.804,Set_A,SubF1.mp4,0,0.9306321729422428,0.9545366994791328,0.155097463295408,-0.9658300931069024,0.1014063504426672,-0.1413155022214375,-0.9866437710899084,-0.5345989948600549,0.0797630425414527,-0.0044442787088881,0.2588415108480075,-0.0797630425414527,0.0044442787088881,-0.2588415108480075,0.0866524397942524,0.5997133931613751,0.6385054719770531,-0.071174605437074,0.6421200767876166,0.090600677766808
2026-07-21 18:06:20.859,Set_A,SubF1.mp4,0,0.9302421693049892,0.950749547169814,0.1861517515928745,-0.9483468040172324,-0.0422997401086078,-0.1354631423825653,-0.9787878379867464,-0.490225129249172,0.0871387118418079,0.0005735195057386,0.2104589467697649,-0.0871387118418079,-0.0005735195057386,-0.2104589467697649,0.0917959376424527,0.5672207564635457,0.6298975963953772,-0.0701118145923463,0.6019102676105316,0.1182210357185121
2026-07-21 18:06:20.914,Set_A,SubF1.mp4,0,0.9627548053303584,0.9919643297440216,0.1957256455811012,-0.9274564050025412,-0.196805973285862,-0.1403086691276493,-0.9499058610225746,-0.4905366493018835,0.0913735511533724,0.0010464620716153,0.1613926494583334,-0.0913735511533724,-0.0010464620716153,-0.1613926494583334,0.0906870582424709,0.5972812435006964,0.4590287667493693,-0.0712825137724985,0.6217119090968422,0.0015802668580677
2026-07-21 18:06:20.968,Set_A,SubF1.mp4,0,0.9578560765752254,0.9647553062473953,0.203038865987545,-0.8971394171276327,-0.3116643397026271,-0.1363727560903324,-0.924901752274408,-0.5103585351586608,0.0917490105284693,-0.0031117023402171,0.1178592473722931,-0.0917490105284693,0.0031117023402171,-0.1178592473722931,0.0830957466962428,0.5296224791060963,0.5255923105985284,-0.07315325725575,0.5759202740713839,0.2402975849081655
2026-07-21 18:06:21.023,Set_A,SubF1.mp4,0,0.9559138901562834,0.9849308230145398,0.2085091029484868,-0.901866706417161,-0.3060345128953084,-0.1322260691784712,-0.93465971142298,-0.4822240838444303,0.0902127593427864,0.0086397902110797,0.1096805398222163,-0.0902127593427864,-0.0086397902110797,-0.1096805398222163,0.0842481275106463,0.551004195878469,0.5447329397688115,-0.0903706041882563,0.5737525587325506,0.103667227540398
2026-07-21 18:06:21.077,Set_A,SubF1.mp4,0,0.9581235329129948,0.9978861015236477,0.2099823273400199,-0.9109112211572368,-0.3029388366769255,-0.1449087567389035,-0.947864498924789,-0.4323966329168978,0.094846047962559,0.000383354317371,0.0996628695985685,-0.094846047962559,-0.000383354317371,-0.0996628695985685,0.0805821002294635,0.5508260489778911,0.5102322506056626,-0.1038677408737725,0.5970674212154151,0.0396048495981143
2026-07-21 18:06:21.131,Set_A,SubF1.mp4,0,0.9789911119798792,0.9786417690996856,0.2082894363502428,-0.864016789424926,-0.4296647997200261,-0.1368684147338045,-0.917615935070358,-0.4762512409144115,0.0942927059307281,0.0126632216502124,0.0729655409981455,-0.0942927059307281,-0.0126632216502124,-0.0729655409981455,0.0728276341524729,0.5512402135169789,0.4630895046872014,-0.1062254501318706,0.5836530943398823,0.0739177518130679
2026-07-21 18:06:21.185,Set_A,SubF1.mp4,0,0.9794221187192188,0.9711469822823005,0.2000201167276893,-0.8541933296360772,-0.4945355910896293,-0.1454221790185255,-0.902741691621718,-0.4595075925639083,0.0923549437360812,0.0065024405746442,0.0427779582729975,-0.0923549437360812,-0.0065024405746442,-0.0427779582729975,0.0665390832315088,0.5510988652016062,0.3854639039613201,-0.1091228016843888,0.5868178191490618,0.0701997583053517
2026-07-21 18:06:21.239,Set_A,SubF1.mp4,0,0.9747576289078832,0.9602439693979063,0.205208878122191,-0.8316206206324839,-0.5753379985535154,-0.1329764100512298,-0.8875041663976226,-0.4441679784643088,0.0929934368644511,0.0097554880452117,0.0012941820142691,-0.0929934368644511,-0.0097554880452117,-0.0012941820142691,0.0662695751231774,0.548103739563553,0.3813056961123067,-0.1050900075678647,0.554694322129784,0.1055459089400532
2026-07-21 18:06:21.294,Set_A,SubF1.mp4,0,0.9726047094557884,0.978203262127249,0.1871523722248869,-0.7994618964467991,-0.6537205974377749,-0.1354039869042118,-0.8357705090398483,-0.4966432948428616,0.085376623134046,0.0039426510587848,-0.0119327512742205,-0.085376623134046,-0.0039426510587848,0.0119327512742205,0.0681603026538589,0.4577737082232724,0.4465232833061217,-0.1002050262129015,0.4683251401786326,0.2852708318509
2026-07-21 18:06:21.349,Set_A,SubF1.mp4,0,0.9754843922117112,0.9836352168390956,0.2048987326447473,-0.851741313796774,-0.6155186362654814,-0.1409058867402285,-0.8989985002457925,-0.3492689150634314,0.092182717507792,0.0091295934748883,-0.0529499860824683,-0.092182717507792,-0.0091295934748883,0.0529499860824683,0.0733121180051443,0.5218698553452182,0.3509016631616818,-0.1113626198313038,0.5291933580309356,0.2924140517233884
2026-07-21 18:06:21.403,Set_A,SubF1.mp4,0,0.9678446914637054,0.9868031442086214,0.2056438843816342,-0.8530884008068071,-0.6804472679742207,-0.1348253030915435,-0.8955652114431804,-0.2876411953952846,0.0908268148281511,0.0104251634910694,-0.0787650533227191,-0.0908268148281511,-0.0104251634910694,0.0787650533227191,0.0740200914901362,0.5375958759473807,0.2792923064029546,-0.1112361118920246,0.5228173303928696,0.3188455832070184
2026-07-21 18:06:21.458,Set_A,SubF1.mp4,0,0.9380033950539246,0.9757439475252778,0.2124450704495638,-0.8272788513530518,-0.7063960900642869,-0.1226400369337417,-0.8699631853748953,-0.3477882034626053,0.0920932854828236,0.0105398792606776,-0.0831956196848667,-0.0920932854828236,-0.0105398792606776,0.0831956196848667,0.0753231748043868,0.5430279566470277,0.1760555117118081,-0.1221587596326278,0.5226379665014583,0.2828521776729058
2026-07-21 18:06:21.512,Set_A,SubF1.mp4,0,0.9593385740009268,0.9683576178682904,0.2081146652726369,-0.8481276534768695,-0.7171725883887343,-0.1342380606985916,-0.8919034606323007,-0.2661045695014555,0.0969093994541636,0.0158943175981739,-0.1009375826364394,-0.0969093994541636,-0.0158943175981739,0.1009375826364394,0.0745934749575206,0.6088875591371743,0.2285185582549326,-0.1333745834520245,0.5706242993454509,0.2409883246083031
2026-07-21 18:06:21.566,Set_A,SubF1.mp4,0,0.9583447043159964,0.9849197615207124,0.2094938537081906,-0.8757257765204427,-0.7195732907528624,-0.1343584844494813,-0.9204275414213008,-0.1568900197931204,0.09624326059414,0.0200979200587456,-0.1334197176646452,-0.09624326059414,-0.0200979200587456,0.1334197176646452,0.0865131655018535,0.5856788833085151,0.1955524754063295,-0.1445418285446511,0.5460271387740798,0.3377105856173024
2026-07-21 18:06:21.620,Set_A,SubF1.mp4,0,0.9642912399087824,0.9542387187977704,0.1971052120439995,-0.8657765805476306,-0.7307789762190774,-0.1302986262072872,-0.8964853375982414,-0.2126031372119932,0.095411029679969,0.0145073420264344,-0.1329190985873242,-0.095411029679969,-0.0145073420264344,0.1329190985873242,0.0705769187351196,0.567759526669956,0.1809284717154886,-0.1295878373692729,0.4955178490665557,0.5140484076088913
2026-07-21 18:06:21.675,Set_A,SubF1.mp4,0,0.9544953932278336,0.9527316137765502,0.1974568344727393,-0.8845307998582239,-0.7370296356555307,-0.136131722107928,-0.9045635489535782,-0.154811517041023,0.095997285941293,0.0089686987293212,-0.1442840655312667,-0.095997285941293,-0.0089686987293212,0.1442840655312667,0.0803651875915021,0.5621504366841631,0.1212354139893825,-0.1413040493830603,0.5211623570644294,0.5140943539900044
2026-07-21 18:06:21.729,Set_A,SubF1.mp4,0,0.9550661083274172,0.9543556477380132,0.1937725088970131,-0.8947624175087464,-0.7295860931349036,-0.1349298046412691,-0.8968803206227314,-0.1572926105538317,0.0936445106210778,0.0114543753535011,-0.1342308172498569,-0.0936445106210778,-0.0114543753535011,0.1342308172498569,0.0857995843148961,0.5686800139424704,0.1415750217335935,-0.1260279005927398,0.525037656267153,0.4944197098516601
2026-07-21 18:06:21.784,Set_A,SubF1.mp4,0,0.9571929353058828,0.9198990104610636,0.177258803446838,-0.9020056637212376,-0.7610713097609991,-0.1330281262454702,-0.8976669308601843,-0.1102622655744647,0.0844129699679744,0.008138936299064,-0.1655004993537507,-0.0844129699679744,-0.008138936299064,0.1655004993537507,0.0986627603644469,0.4818285454503758,0.1107240942325629,-0.1098067873156956,0.4779709258444647,0.6288680352311382
2026-07-21 18:06:21.838,Set_A,SubF1.mp4,0,0.9462501988444816,0.9267125015604408,0.1764403943895412,-0.9100655640993448,-0.78034063531454,-0.1342880766444996,-0.9021422419152124,-0.06471915542729,0.0885748016997734,0.0066862551454272,-0.1777247533867336,-0.0885748016997734,-0.0066862551454272,0.1777247533867336,0.1027394197250678,0.491006579293235,0.1034625587673466,-0.1081244695536974,0.4867599839007437,0.6157561014143011
2026-07-21 18:06:21.893,Set_A,SubF1.mp4,0,0.9171826592869324,0.9473408427057564,0.1906800324222274,-0.924675424466245,-0.7554576882329846,-0.1284511017290343,-0.935176135611604,0.0226004479325475,0.0901415511778056,0.0089106675961654,-0.206740381001075,-0.0901415511778056,-0.0089106675961654,0.206740381001075,0.1217189733831542,0.5966006407120956,-0.0694119012700289,-0.1066235751442953,0.5841199730794369,0.547464282375094
2026-07-21 18:06:21.947,Set_A,SubF1.mp4,0,0.9161076163452956,0.9343032967830168,0.1750995323509986,-0.912861305869216,-0.8005651130584476,-0.1184937279777911,-0.9397275927431192,0.0490931204668434,0.0848458182461805,0.005124066591299,-0.2146569887022914,-0.0848458182461805,-0.005124066591299,0.2146569887022914,0.126629279661759,0.5510235774943425,-0.0111437912384599,-0.0999905885895669,0.5442449493182364,0.5904409077023669
2026-07-21 18:06:22.001,Set_A,SubF1.mp4,0,0.9101904677453136,0.9062143835413432,0.1490299484180529,-0.8577745739320175,-0.9840946886616262,-0.0855859244557407,-0.8707500078030491,-0.0199857992282055,0.0727538955052461,0.0071113475773472,-0.2535019958717988,-0.0727538955052461,-0.0071113475773472,0.2535019958717988,0.1179171060783379,0.4706150308161712,0.1342415890143675,-0.0760720925531353,0.4716980994912358,0.8057794821458919
2026-07-21 18:06:22.056,Set_A,SubF1.mp4,0,0.891869963155702,0.9372849911699016,0.1337130105801617,-0.8712790025698286,-0.9622982529350568,-0.1002063201469005,-0.8781131043087539,-0.006466196292475,0.0721445292540324,0.0044180775855035,-0.2488100317499649,-0.0721445292540324,-0.0044180775855035,0.2488100317499649,0.1192405567551299,0.4956439027207405,0.0509313060856222,-0.0843314158133539,0.5117045951189848,0.6601914878004964
2026-07-21 18:06:22.111,Set_A,SubF1.mp4,0,0.8795646858778162,0.931993524377606,0.1468042109732966,-0.8750273910687373,-0.9688496385305808,-0.0760838305035126,-0.8916135867832049,0.0339815819789931,0.0710351624591188,0.0039112621876048,-0.2641653093676786,-0.0710351624591188,-0.0039112621876048,0.2641653093676786,0.1302080983465633,0.5361029987235465,-0.0149660401668447,-0.0715914692471812,0.5365380632616517,0.6490712848659733
2026-07-21 18:06:22.166,Set_A,SubF1.mp4,0,0.889528927992999,0.9288082249408928,0.1384672021022386,-0.8541252662992285,-1.005188587669252,-0.0620488632303779,-0.8921525745642432,0.033245204547953,0.0636320174033857,0.0055844053255438,-0.2709664451184855,-0.0636320174033857,-0.0055844053255438,0.2709664451184855,0.1281464661306344,0.5153102700737341,0.1288626876437992,-0.0401766599373968,0.5208482557553163,0.6407573155684458
2026-07-21 18:06:22.220,Set_A,SubF1.mp4,0,0.8992090401008958,0.9503245286395712,0.1465201914495375,-0.8577057670959671,-1.0201981468078352,-0.0617662062635926,-0.882257569438889,0.0376787579357418,0.0599394319643072,-0.0012011017318083,-0.2941952306803458,-0.0599394319643072,0.0012011017318083,0.2941952306803458,0.1069369216692242,0.5377680997165465,0.0249292647964498,-0.0353963195181558,0.5521045334104198,0.5217550689393946
2026-07-21 18:06:22.274,Set_A,SubF1.mp4,0,0.9197482482139652,0.9354375536768708,0.1351975195774706,-0.8766672643837076,-1.027258412888324,-0.0556608797477037,-0.8646089155133916,0.0466304568073462,0.0578299301917232,0.0062870052480871,-0.3033775375754816,-0.0578299301917232,-0.0062870052480871,0.3033775375754816,0.1020982500938999,0.5388145729646878,0.1599438026314259,-0.0181461524882539,0.5273776781439165,0.6837372846753901
2026-07-21 18:06:22.329,Set_A,SubF1.mp4,0,0.9322411498810238,0.9663582021228224,0.1217285291066052,-0.8528292418158159,-1.0966209889450806,-0.0547551066664724,-0.852536665065991,0.0539121684530665,0.0489111868899077,0.0021637885917553,-0.3504656717981733,-0.0489111868899077,-0.0021637885917553,0.3504656717981733,0.0642269172191062,0.5371131893113935,0.0356288559289185,-0.0206666407673023,0.5214559925204005,0.6328983394547397
2026-07-21 18:06:22.385,Set_A,SubF1.mp4,0,0.9265883174859466,0.9661709246629766,0.1202753198741603,-0.8468178733901893,-1.0768138542444758,-0.0706749288051332,-0.8444087337194207,0.0103747492739594,0.0550279423922668,-0.0024939160474275,-0.3335877833696452,-0.0550279423922668,0.0024939160474275,0.3335877833696452,0.0506621142624221,0.5524553509235808,-0.0805297798651253,-0.0193942264756614,0.5202738657004445,0.6159406684961086
2026-07-21 18:06:22.439,Set_A,SubF1.mp4,0,0.9562869868267944,0.957358357462869,0.1135925725279208,-0.8512613859190581,-1.0822757919739547,-0.0855084270271249,-0.8426438997956502,0.0193100522629973,0.0577464364904742,0.0007382187370082,-0.3263107373178159,-0.0577464364904742,-0.0007382187370082,0.3263107373178159,0.0306045624263081,0.5619108378363987,0.0623229290846622,-0.0375019256754494,0.5354820340486013,0.6775830826107792
2026-07-21 18:06:22.493,Set_A,SubF1.mp4,0,0.9562854184068076,0.9317563878505862,0.0927651913961191,-0.8789139574920765,-1.0421950923721188,-0.1067001386621492,-0.8283962684222901,0.0006109096327071,0.0447643348111363,-0.0030400747938572,-0.3210675032834763,-0.0447643348111363,0.0030400747938572,0.3210675032834763,-0.0223348660543079,0.5246812254036365,0.1928237561872031,-0.0414544728314271,0.4777844778842245,0.8246001905373536
2026-07-21 18:06:22.602,Set_A,SubF1.mp4,0,0.9513208519991616,0.8858919034670184,0.0726548363043475,-0.8834307048498043,-1.0597630046260829,-0.0745967820027509,-0.8500028145684921,0.0621636548849144,0.0343408368646253,0.0007470509769907,-0.3375208972416988,-0.0343408368646253,-0.0007470509769907,0.3375208972416988,-0.0069792207187179,0.4830104884709728,0.266371303190457,-0.0623871629480176,0.3993821413606151,0.9709787262209334
2026-07-21 18:06:22.711,Set_A,SubF1.mp4,0,0.9358927784122442,0.9056156594635484,0.0684449909980316,-0.8687673844743535,-1.118211219045944,-0.0391664991321532,-0.8191966499149376,0.0458679025086103,0.0154229877045199,-0.0049019295460279,-0.351733549477996,-0.0154229877045199,0.0049019295460279,0.351733549477996,-0.0466240564728521,0.434176678776665,0.2171162955304322,-0.0256598219766876,0.4179745744661685,0.949123221295502
2026-07-21 18:06:22.765,Set_A,SubF1.mp4,0,0.9175871170837986,0.8606355627669515,0.0952281061420973,-0.9488690504924784,-1.009033754142964,-0.0251421407782521,-0.8886210002796786,0.2224472866949451,0.0140792724327153,0.0022181287988902,-0.3606095825307437,-0.0140792724327153,-0.0022181287988902,0.3606095825307437,-0.0775125775701612,0.5019811427504196,0.1296291005998026,0.0168408310179909,0.4590230416753436,1.024262224433937
2026-07-21 18:06:22.820,Set_A,SubF1.mp4,0,0.8981367041572959,0.828875945957564,0.0959612605659189,-0.9598774910469074,-1.0055036881829351,-0.0282790023256012,-0.8913685541141704,0.2516421676136994,0.0206082075237722,0.0023709107590786,-0.3680824574421269,-0.0206082075237722,-0.0023709107590786,0.3680824574421269,-0.0984151811824162,0.4843730885809857,0.2455875389825006,0.0286704233386723,0.4837304617072622,1.1478406440638025
2026-07-21 18:06:22.874,Set_A,SubF1.mp4,0,0.8887793519678027,0.8436828184316616,0.0990134923498557,-0.9597684406540024,-0.9508111199603,-0.0222536500191287,-0.9197506214836256,0.2714614149727639,0.0167755836126742,0.0062067970309953,-0.3456426439073486,-0.0167755836126742,-0.0062067970309953,0.3456426439073486,-0.1310065045469348,0.5162779566978869,0.1409818373181087,0.0186468638123531,0.4522665964496104,1.0026142527333324
2026-07-21 18:06:22.930,Set_A,SubF1.mp4,0,0.8627973697468003,0.9056736615388732,0.077259580899549,-0.8503234816247871,-1.0693417074478822,-0.0225477325898766,-0.8686669051406751,0.0485191646607108,0.0192714059073408,0.0151287625565096,-0.3208744460495638,-0.0192714059073408,-0.0151287625565096,0.3208744460495638,-0.0723026661199158,0.515681581314214,-0.0192236078255305,0.0243617457554936,0.4520472864012018,0.8765331980932566
2026-07-21 18:06:22.985,Set_A,SubF1.mp4,0,0.8919216538442305,0.8926492366016134,0.0745095495869073,-0.9016290880877692,-1.003326751708631,-0.0142836876937932,-0.9042536887413528,0.1459118918472148,0.0030005250106496,0.013675626451552,-0.3392341278341685,-0.0030005250106496,-0.013675626451552,0.3392341278341685,-0.0995681911326384,0.5481608193261631,0.0020509146959769,0.0566993942630587,0.4732085640896891,0.8868351346031028
2026-07-21 18:06:23.039,Set_A,SubF1.mp4,0,0.8933570970670901,0.9077720151951284,0.0899044583654358,-0.8824746798822379,-1.0332402042510425,-0.020057742667962,-0.8946775867769329,0.1184444579696946,0.0161625956216828,-0.0010113147563678,-0.3371017038371379,-0.0161625956216828,0.0010113147563678,0.3371017038371379,-0.0800223020800833,0.5655967032547092,-0.0651006527098774,0.0595271641624061,0.4791021161407504,0.7636782352027134
2026-07-21 18:06:23.094,Set_A,SubF1.mp4,0,0.9202974662815052,0.8893804899434479,0.0993283028307813,-0.8986218755284706,-1.0095615848169006,-0.0187296066264134,-0.8908111472332428,0.1199362101675301,0.012748435467461,0.0049146708935983,-0.3277526756978923,-0.012748435467461,-0.0049146708935983,0.3277526756978923,-0.0896498883863652,0.5632034908670158,-0.0079393044900742,0.0672360658872332,0.483970766550256,0.7441498750200524
2026-07-21 18:06:23.148,Set_A,SubF1.mp4,0,0.9099734423486558,0.8867726072987065,0.0956251312575142,-0.8982423981910947,-1.0219940260422264,-0.0202461309251461,-0.8987814843598724,0.1473379954505765,0.0090046035271406,0.0035235969040736,-0.3514984698531493,-0.0090046035271406,-0.0035235969040736,0.3514984698531493,-0.0755954454557721,0.5390123990914103,-0.0931665639323323,0.0728667777202749,0.4954970392853201,0.8053272287843489
2026-07-21 18:06:23.202,Set_A,SubF1.mp4,0,0.9579378905528322,0.8638987984629842,0.075806339093846,-0.8902919497500766,-1.0079933040063904,0.0068210993279037,-0.9203974274932594,0.1626669258789832,0.0001284809186043,0.004173261894787,-0.3317491133209801,-0.0001284809186043,-0.004173261894787,0.3317491133209801,-0.0458533274110285,0.4893031555574043,0.2390677374752303,0.0612563715696114,0.4456074215036287,0.8458709325083411
2026-07-21 18:06:23.257,Set_A,SubF1.mp4,0,0.9520759716590894,0.883108712701025,0.0990603858723504,-0.8868364753001711,-1.0325503174735275,-0.0099419800187477,-0.9103189049207276,0.1594578543969124,0.0238865503975293,0.0143043051703375,-0.3579779998614815,-0.0238865503975293,-0.0143043051703375,0.3579779998614815,-0.0320830555457118,0.5581947876007465,-0.0139037409306099,0.0614136992809307,0.5127903280924496,0.7400539243551968
2026-07-21 18:06:23.312,Set_A,SubF1.mp4,0,0.942715676967498,0.8959724621239548,0.068779798337082,-0.8719098896116492,-1.049536107989376,0.0150718024332069,-0.9144013507075328,0.1539574895768964,0.0096104344520141,0.0121297399664922,-0.3488221005948639,-0.0096104344520141,-0.0121297399664922,0.3488221005948639,-0.0320159261496891,0.5646730765398729,0.0473860029642498,0.034735484957332,0.5110547088704972,0.6915838557087042
2026-07-21 18:06:23.367,Set_A,SubF1.mp4,0,0.9443745173043596,0.906475771937934,0.0548618575335729,-0.8515876445667225,-1.103857023039127,-0.0033187258896571,-0.8661261888713214,0.0807233602189077,0.0055012432240917,0.0162665188771582,-0.3391314395680728,-0.0055012432240917,-0.0162665188771582,0.3391314395680728,-0.0371248987557271,0.5336444770008217,0.1059019546841226,0.0244146132622737,0.4891221321547208,0.7196233776522118
2026-07-21 18:06:23.420,Set_A,SubF1.mp4,0,0.9604637702011712,0.9143052256399488,0.0224850707174036,-0.8284734652844818,-1.1059554703930543,0.0231568746891325,-0.8907831305620717,0.0851354223642025,-0.0021058941730016,0.0060384276319416,-0.3459865664910087,0.0021058941730016,-0.0060384276319416,0.3459865664910087,-0.0313351847533565,0.5209262612751027,0.2462296667372125,-0.0152728233381406,0.4586147587943085,0.8877232494876709
2026-07-21 18:06:23.475,Set_A,SubF1.mp4,0,0.9503481854202444,0.9080411948471152,0.0227017036502493,-0.82747300901891,-1.1298617461565708,0.0031300787928175,-0.8699729002261293,0.0725017770811868,0.0120926326421955,0.0134374700565665,-0.3437017866098494,-0.0120926326421955,-0.0134374700565665,0.3437017866098494,-0.0188858789326263,0.5271493091068861,0.2493544186994831,-0.0333683240071163,0.4436449010876614,0.9305697142274428
2026-07-21 18:06:23.530,Set_A,SubF1.mp4,0,0.9616011522852544,0.9045145045630903,0.0171994010692912,-0.8159041800759568,-1.143584392734572,0.0100868314461139,-0.8655114036543331,0.060950060975208,0.0127361127415151,0.0147566636276013,-0.3395420019136601,-0.0127361127415151,-0.0147566636276013,0.3395420019136601,-0.0248873211924544,0.574410437321236,0.3290371163054914,-0.0409392058586374,0.4665114428705488,0.9848368264305324
2026-07-21 18:06:23.584,Set_A,SubF1.mp4,0,0.9524279824693412,0.9087170704067,0.0065362350073344,-0.8284540342959601,-1.1495109482540216,0.0254247212641888,-0.85080094218683,0.0636558836933807,0.0075640114856905,0.005653814210208,-0.3482900835208719,-0.0075640114856905,-0.005653814210208,0.3482900835208719,-0.0293202535211431,0.5309582140506297,0.32419096879881,-0.0491282821798687,0.4256792558358759,0.9532737344340706
2026-07-21 18:06:23.694,Set_A,SubF1.mp4,0,0.9638746828993516,0.9057215051432246,0.0195372743202254,-0.8562012515807379,-1.1234641792530335,0.023249160627745,-0.8724399892803427,0.1184921491055739,0.0254000475995438,0.0107294992561204,-0.3681024292036666,-0.0254000475995438,-0.0107294992561204,0.3681024292036666,0.0364414713603227,0.5528227746458021,0.1147487108465654,-0.0892618093296504,0.4106852488913622,0.9351791134540804
2026-07-21 18:06:23.748,Set_A,SubF1.mp4,0,0.9280330822154308,0.895285942891074,0.0331611594312241,-0.8419780055814522,-1.1048489456396242,0.0320939620399396,-0.8728473466775618,0.0776606569741369,0.0335646412189804,0.0056682924080991,-0.3301084791666274,-0.0335646412189804,-0.0056682924080991,0.3301084791666274,0.0672765592591575,0.5291602467603022,0.0294582086814646,-0.09742637772932,0.4411125823467547,0.9488691013659746
2026-07-21 18:06:23.802,Set_A,SubF1.mp4,0,0.9034197663046007,0.9157600519259088,0.0159692546775285,-0.7779496889069452,-1.1835217297517813,0.0194292402181788,-0.8418549884694988,0.0109264228754008,0.0279880277799084,0.0105941251607379,-0.3412891477133826,-0.0279880277799084,-0.0105941251607379,0.3412891477133826,0.0718371948952067,0.5110812545599668,-0.0155518808031281,-0.0931762764296934,0.4271993624476439,0.93978625939579
2026-07-21 18:06:23.856,Set_A,SubF1.mp4,0,0.9570213008334504,0.9016182442697742,-0.0176449100494317,-0.7933269875471027,-1.1742889148822788,0.0239780466186997,-0.8505819089812678,0.0352000547418281,0.0004366754077122,0.0200136428147117,-0.3541112773615557,-0.0004366754077122,-0.0200136428147117,0.3541112773615557,0.0481136903770249,0.5066962944149641,0.1651052218203454,-0.0991112890174238,0.4550709935309434,0.9430968585360788
2026-07-21 18:06:23.910,Set_A,SubF1.mp4,0,0.9765418951228942,0.903309295497539,-0.0256525044570203,-0.8077154342564968,-1.1409149222166153,0.0099541796239479,-0.8459263545376933,0.0160938711373838,0.0034681458779891,0.0127321434235704,-0.3239758717858625,-0.0034681458779891,-0.0127321434235704,0.3239758717858625,0.056432642308633,0.5142304911524475,0.2749911520639527,-0.1045766935669676,0.4594484898277003,0.8704544151152709
2026-07-21 18:06:23.964,Set_A,SubF1.mp4,0,0.9575667022462844,0.907306122276738,-0.0210780238407858,-0.8717082546868993,-1.1139509975401414,0.0106186394106276,-0.8978703707257247,0.1820271327528346,-0.0083763673924916,0.011451909737152,-0.37425785753948,0.0083763673924916,-0.011451909737152,0.37425785753948,0.0763507753474684,0.5343830243703709,0.0901915991046507,-0.0879768652576764,0.4993764614949619,0.8565662101667493
2026-07-21 18:06:24.019,Set_A,SubF1.mp4,0,0.9313638495142802,0.8991563134073906,-0.0425170672542451,-0.9030876838804716,-1.023321320245142,0.0268009968533742,-0.9455525350031192,0.2602470471516339,-0.0249793435076363,0.003550204343627,-0.3646119055607609,0.0249793435076363,-0.003550204343627,0.3646119055607609,-0.0289622192561687,0.508051958933404,0.2320799744906279,0.0779599980887068,0.5164626969607509,0.7783778278446738
2026-07-21 18:06:24.074,Set_A,SubF1.mp4,0,0.946347237516576,0.9032603247511952,-0.0263242678619814,-0.8618574718640548,-1.1359672238826208,0.0254361741013388,-0.9168154984463304,0.2214609767871163,0.0003434537359119,0.0081807773870052,-0.4011592127508971,-0.0003434537359119,-0.0081807773870052,0.4011592127508971,0.1093784386927632,0.5379952886916113,0.0566909530637775,-0.0768644990164506,0.5094760145499545,0.9421042357306548
2026-07-21 18:06:24.129,Set_A,SubF1.mp4,0,0.9327567260019124,0.9202762231911628,-0.0197374975695777,-0.8373849942217086,-1.158691094017111,0.0332200620331756,-0.8816952063437967,0.1366434021361759,-0.0004910878311697,0.0048339533281724,-0.3751792957395301,0.0004910878311697,-0.0048339533281724,0.3751792957395301,0.1083414943018717,0.5089143668282742,0.0941971301468477,-0.0805973222150331,0.4960705798459405,0.8836647702443615
2026-07-21 18:06:24.183,Set_A,SubF1.mp4,0,0.9040294603341934,0.8847172283912589,0.0067246825306667,-0.873308628457413,-1.1292201095218417,0.0395880491524856,-0.9021961006537578,0.2097430365135401,0.015143531670381,0.0045659991878634,-0.3839885769907671,-0.015143531670381,-0.0045659991878634,0.3839885769907671,0.1293714077391575,0.5162049510089444,-0.025592940021076,-0.0693250687222705,0.4900689694449907,1.017535391032894
2026-07-21 18:06:24.237,Set_A,SubF1.mp4,0,0.9017612875887396,0.9150163657988344,0.0088027872286449,-0.8306782188807471,-1.1548871335068869,0.0375916626040143,-0.861876563469206,0.090412679248341,0.0185423164512819,0.0138931066797195,-0.371180665211673,-0.0185423164512819,-0.0138931066797195,0.371180665211673,0.1267885371486685,0.52021863443788,0.0445699919357576,-0.0542315395436571,0.4707056131000661,0.9510554178209472
2026-07-21 18:06:24.291,Set_A,SubF1.mp4,0,0.8932693445754577,0.94607906218221,0.0186421227683361,-0.8409509285060415,-1.1618827284240254,0.0111289862126241,-0.8569345442724507,0.1053323972055828,0.03082079823094,0.0079559767528717,-0.3901728533859234,-0.03082079823094,-0.0079559767528717,0.3901728533859234,0.0920982201136185,0.5729848886735198,-0.1812123585456034,-0.0509937246083621,0.5240376102134889,0.8461626274887519
2026-07-21 18:06:24.345,Set_A,SubF1.mp4,0,0.876931025395341,0.947590456215968,-0.0487734968870582,-0.8195389041904717,-1.2163968897288928,0.0010290270196927,-0.8334976490908083,0.0915899644688146,0.0101452528756193,0.0075862600071492,-0.4125555725491336,-0.0101452528756193,-0.0075862600071492,0.4125555725491336,0.0218813921185564,0.6156548142143681,-0.3236282527413737,-0.0748282756154045,0.5532688923312843,0.7641201458221151
2026-07-21 18:06:24.400,Set_A,SubF1.mp4,0,0.8956920516989663,0.9643083358081886,-0.0065416411601726,-0.8455878641278067,-1.181582943323337,0.0045291080739988,-0.8545945361678676,0.1283138630615944,0.0122283439915856,0.010498973088116,-0.4148593815990649,-0.0122283439915856,-0.010498973088116,0.4148593815990649,-0.0007112095662434,0.5860943392951103,-0.2721409538108484,-0.0355203333819541,0.540681006504246,0.7724213952745062
2026-07-21 18:06:24.508,Set_A,SubF1.mp4,0,0.934045370021094,0.9559162936464864,-0.0243731425110795,-0.8271351068493502,-1.1670714250253855,0.0418868754256952,-0.8618564745607592,0.0960902360751905,-0.0056378927859886,0.0051606928496965,-0.3908844008285851,0.0056378927859886,-0.0051606928496965,0.3908844008285851,-0.0150716578472702,0.5884587739327815,-0.0131844467761949,-0.0388182258186317,0.5360287674070995,0.7809254941534175
2026-07-21 18:06:24.562,Set_A,SubF1.mp4,0,0.9784317725522564,0.9211171098653268,0.0025176185129443,-0.8605844217372103,-1.0919697484458009,0.0446424855703579,-0.871014940094279,0.0923000156401948,-0.0034106043888645,0.0040760688634199,-0.3449403556440181,0.0034106043888645,-0.0040760688634199,0.3449403556440181,0.0010023924788032,0.5774322169342289,0.2060106936762688,-0.0399115603979299,0.498405183546902,0.8875276382930677
2026-07-21 18:06:24.617,Set_A,SubF1.mp4,0,0.9672878867116168,0.916672465599968,0.006654847175195,-0.884727414254157,-1.0393781016241483,0.0383214285263069,-0.8947054382541515,0.1274593234217438,-0.0058248598539268,0.0065641363218267,-0.3370226922178097,0.0058248598539268,-0.0065641363218267,0.3370226922178097,-0.0188294667648986,0.6060259614532779,0.2084226246070439,0.0147270939018968,0.6130963119006427,0.8579470944771415
2026-07-21 18:06:24.672,Set_A,SubF1.mp4,0,0.9435727198319446,0.9368080393872296,-0.0144307488771068,-0.868355365578292,-1.097142442874967,0.0318877568281657,-0.8942799960265024,0.1522552353767748,-0.0078174542873843,0.0080910575543696,-0.355447770233642,0.0078174542873843,-0.0080910575543696,0.355447770233642,-0.0002366252680994,0.6076441895439958,0.1881885421851064,-0.0269191350696207,0.5522535219469432,0.824105634730409
2026-07-21 18:06:24.727,Set_A,SubF1.mp4,0,0.8874409491623617,0.950921291533494,-0.0302884375395018,-0.8979656246894606,-1.0137966710254631,0.0044085205965072,-0.9341421045850292,0.2121037758145255,-0.0232036153435977,0.0120144749581742,-0.3612753992500003,0.0232036153435977,-0.0120144749581742,0.3612753992500003,-0.1658353788316657,0.5785334252388337,0.0485674075678579,0.0138135791405953,0.5855867720534151,0.6815081419396517
2026-07-21 18:06:24.781,Set_A,SubF1.mp4,0,0.8762190325947465,0.921516086649108,-0.0559803458453352,-0.9628464251186762,-0.9297889269305968,0.0483394989196777,-0.9720824829682346,0.4238326658685814,-0.0366244149308928,0.010666403242908,-0.4020153662342784,0.0366244149308928,-0.010666403242908,0.4020153662342784,-0.1790489706877666,0.5612866816800975,0.1628700769195477,0.0251722093138458,0.5805787814956553,0.7172382134357008
2026-07-21 18:06:24.835,Set_A,SubF1.mp4,0,0.8775108384809958,0.8815698982153691,-0.0473135822276331,-0.9488005991467864,-0.8869809007085167,0.0596268415630482,-0.9686341276157828,0.3183927789107676,-0.0501587245651814,0.0169400365919168,-0.3466866101550431,0.0501587245651814,-0.0169400365919168,0.3466866101550431,-0.1632293226151476,0.5516034759136986,0.1965123245985435,0.0608613056553819,0.5719872768778885,0.8392492774150309
2026-07-21 18:06:24.889,Set_A,SubF1.mp4,0,0.8508484653901999,0.904853348368122,-0.0653159585408605,-0.8985438874328191,-1.017643657514932,0.0340727350781651,-0.9477017561250872,0.2492681733725026,-0.0366119486527595,0.0167563881489492,-0.3637314985122093,0.0366119486527595,-0.0167563881489492,0.3637314985122093,-0.144543934758132,0.5739510541153985,0.0672626579920973,0.051795866149966,0.5839270339314363,0.855443502402477
2026-07-21 18:06:24.945,Set_A,SubF1.mp4,0,0.8338812301052859,0.8965302422428292,-0.0675509158094622,-0.9517085311448056,-0.8690310627951915,0.0413566065590127,-0.9758862924983392,0.3364035625409837,-0.0420237215785811,0.0181100190458694,-0.3510497325416103,0.0420237215785811,-0.0181100190458694,0.3510497325416103,-0.1485253948002511,0.541297959414194,0.1364670668511676,0.070394027540987,0.5553985918543936,0.7266516415742293
2026-07-21 18:06:24.999,Set_A,SubF1.mp4,0,0.8341232041889379,0.8854397099586228,-0.0851601887147971,-0.9350849046498204,-0.8966299228591741,0.0501065738222548,-0.9767008283418842,0.3102456161009385,-0.0468943187235318,0.0177150451848304,-0.3586540179422356,0.0468943187235318,-0.0177150451848304,0.3586540179422356,-0.1518259963078559,0.557831117159039,-0.0127133603282932,0.0937040749761012,0.5602932182981541,0.8313158794622205
2026-07-21 18:06:25.053,Set_A,SubF1.mp4,0,0.8585010523664489,0.8781830656482558,-0.0610907278280415,-0.8969703775509785,-0.988002484378344,0.0319234111422915,-0.93506172951301,0.1862496382193579,-0.040949374030373,0.0132442520658823,-0.3349539479644636,0.040949374030373,-0.0132442520658823,0.3349539479644636,-0.1436799078291654,0.5491222456148288,0.1593316716014769,0.0887324751116204,0.490293289732217,0.8871690320434706
2026-07-21 18:06:25.107,Set_A,SubF1.mp4,0,0.8649404272918113,0.866030861103911,-0.0607723288045892,-0.9628844196609004,-0.8445821907593609,0.0601756258292493,-0.9655249392141834,0.3142643723254077,-0.0496915835891695,0.0101040251992155,-0.3426129811755041,0.0496915835891695,-0.0101040251992155,0.3426129811755041,-0.1446753366774271,0.5182191120979663,0.0757838639440103,0.1020257737402038,0.5005394272264314,0.8039064161882167
2026-07-21 18:06:25.162,Set_A,SubF1.mp4,0,0.8866028389503525,0.8724978944333983,-0.0397783703770539,-0.906993894003229,-0.978529294759484,0.0769474014323073,-0.926160645935044,0.1796783100106939,-0.0474555534807644,0.0184032369323832,-0.3493112474256418,0.0474555534807644,-0.0184032369323832,0.3493112474256418,-0.1253705813079112,0.5633260023310614,0.1510552544297945,0.1031098119780818,0.4844750026729393,0.8398609857725826
2026-07-21 18:06:25.216,Set_A,SubF1.mp4,0,0.9162759726923944,0.8831462946129259,-0.0377551937592555,-0.8626798234614814,-1.084261032793609,0.0608387691140389,-0.9108620024177232,0.160130879402921,-0.0332411800171302,0.028540936364578,-0.3663399606813466,0.0332411800171302,-0.028540936364578,0.3663399606813466,-0.0911528410003097,0.5599380214364224,0.1288302098984736,0.0895303730352999,0.5126744507191583,0.8327380395972539
2026-07-21 18:06:25.270,Set_A,SubF1.mp4,0,0.973263132096952,0.9582851143580168,-0.0568607823217808,-0.9002598826806152,-0.9941524057141724,0.076713926008075,-0.9509631614796508,0.2374628435714339,-0.0276754540395954,0.0229432606543726,-0.3901975703855184,0.0276754540395954,-0.0229432606543726,0.3901975703855184,0.0255760695733168,0.5528586948633369,0.0622022933958276,-0.0431878725716434,0.5656870086392782,0.6761006231862342
2026-07-21 18:06:25.324,Set_A,SubF1.mp4,0,0.9247371882711336,0.90759528275245,-0.0801894732924506,-0.9270698419243686,-0.9199968123119552,0.0805287579875714,-0.9570279702457158,0.249045756673918,-0.041970500220337,0.032779673024249,-0.3829033577087,0.041970500220337,-0.032779673024249,0.3829033577087,-0.0546287514382992,0.5829621319990543,0.1395489401662502,0.0310948140028267,0.5372776208125631,0.7856987148432905
2026-07-21 18:06:25.378,Set_A,SubF1.mp4,0,0.9235419184251352,0.8997457294753574,-0.0518609273042485,-0.9015588489504818,-1.03262977041979,0.0690839995874582,-0.9261033832096311,0.2206235321945897,-0.0343876566311119,0.0203399015764829,-0.3805687198006771,0.0343876566311119,-0.0203399015764829,0.3805687198006771,-0.043667381329942,0.6111442269134962,0.0716834859436956,0.0563805644533091,0.5864955335843701,0.7228537463536507
2026-07-21 18:06:25.433,Set_A,SubF1.mp4,0,0.919584462172733,0.8896220681219903,-0.0739646013492693,-0.9515665725564796,-0.8471703545339709,0.0986694436590793,-0.9866583642707548,0.3545510643843544,-0.0612286299789532,0.0272424924491963,-0.3909062327449836,0.0612286299789532,-0.0272424924491963,0.3909062327449836,-0.0605695586315802,0.6435752798897324,0.0871605358980991,0.0381645146009016,0.5483259430743185,0.7457596259132038
2026-07-21 18:06:25.488,Set_A,SubF1.mp4,0,0.9275689448360344,0.8900720067978078,-0.0841801361288454,-0.9136775256615478,-0.9021148802823502,0.0869071211365999,-0.9553133065428184,0.1901697751732571,-0.0562549948168726,0.0242901227559893,-0.357415286173481,0.0562549948168726,-0.0242901227559893,0.357415286173481,-0.0571408548240192,0.5905742394611494,0.2494183783089485,0.0070181961616242,0.4979010962796609,0.8987508115820324
2026-07-21 18:06:25.542,Set_A,SubF1.mp4,0,0.9633629341183184,0.9226650102211582,-0.0795310258554469,-0.8676115461452732,-1.037285239821651,0.0820028556450057,-0.9241931251584024,0.1487865566758521,-0.0513868492604273,0.026550071802543,-0.380626509969583,0.0513868492604273,-0.026550071802543,0.380626509969583,-0.0515045300841008,0.6343372690642854,0.1856755566723514,0.0282741934929695,0.602429613578844,0.9121846668401298
2026-07-21 18:06:25.761,Set_A,SubF1.mp4,0,0.9422935874972574,0.9629269562211517,-0.1022339718192265,-0.8579026880152436,-1.0325173858518963,0.1053229870824314,-0.9192922548419936,0.1151469083089542,-0.0253264310378914,0.0127765970650529,-0.3797319359528722,0.0253264310378914,-0.0127765970650529,0.3797319359528722,-0.0151418682549052,0.5789007223283565,-0.076619907717506,-0.0950527562716474,0.536317504684707,0.7116519115064464
2026-07-21 18:06:25.815,Set_A,SubF1.mp4,0,0.8361798184404903,0.947752855183651,-0.087073674819487,-0.7781087293721558,-1.13617754231411,0.0931902668054212,-0.8357650596023662,-0.0450819467751831,-0.0080420661896289,0.0249985410116834,-0.3704552600387549,0.0080420661896289,-0.0249985410116834,0.3704552600387549,0.0002587801987493,0.5784418800285466,-0.5374746000075826,-0.1113318971667248,0.5078939460824405,0.5024585211807225
2026-07-21 18:06:25.871,Set_A,SubF1.mp4,0,0.9170029532262444,0.9530249405859124,-0.0820944014381688,-0.8613868436282596,-1.0742940951512367,0.097260172400128,-0.90319903425342,0.1330148172683803,-0.0165685052817441,0.0174344171035757,-0.3977724653518997,0.0165685052817441,-0.0174344171035757,0.3977724653518997,0.0078069481958002,0.5879121877659943,-0.2787376088434671,-0.0941084818037666,0.5755556332070546,0.6831769661346052
2026-07-21 18:06:25.929,Set_A,SubF1.mp4,0,0.9442438252915518,0.9472575306364964,-0.0813971677650739,-0.9239840993983204,-0.9727619452302528,0.1389891830091759,-0.934798035267032,0.2368189205136391,-0.0268204897336405,0.0056221508385747,-0.4000703230427055,0.0268204897336405,-0.0056221508385747,0.4000703230427055,0.0257518868036997,0.6116397741270762,-0.2535272483016824,-0.0735498868691948,0.5870706066063933,0.6948906616291832
2026-07-21 18:06:25.985,Set_A,SubF1.mp4,0,0.9429703137009612,0.9674779307250824,-0.0871562438565441,-0.9021044422412352,-1.0079929800459682,0.1450713207319065,-0.9176740833459412,0.1803143215786358,-0.025663611259339,0.0105382690328056,-0.3902335190376289,0.025663611259339,-0.0105382690328056,0.3902335190376289,0.0685659263329812,0.6425026925477854,-0.2108490978691325,-0.1214018192029425,0.6049569818843926,0.5019868251989337
2026-07-21 18:06:26.040,Set_A,SubF1.mp4,0,0.989162970780744,0.968643333831631,-0.116984130289988,-0.8972657023269153,-0.9961439986710808,0.1371375201649792,-0.8882769137839471,0.0953491236143208,-0.0436282329819825,0.0125595275499196,-0.358603148085773,0.0436282329819825,-0.0125595275499196,0.358603148085773,0.0705127863314236,0.6071743970553565,0.1981532233632074,-0.0965955077340014,0.5714004114323175,0.5605358816980691
2026-07-21 18:06:26.094,Set_A,SubF1.mp4,0,0.9274191973123056,0.9383149365870824,-0.103318650935797,-0.8950522591444104,-1.055181955523876,0.139984965762363,-0.8740068694281545,0.1229344664035689,-0.0399540792229415,0.0130197164820388,-0.3995550673896708,0.0399540792229415,-0.0130197164820388,0.3995550673896708,0.0713214930791306,0.722149592307558,-0.2809193139364547,-0.054889796640989,0.663267950516143,0.1997853573492756
2026-07-21 18:06:26.149,Set_A,SubF1.mp4,0,0.9411873855583368,0.9606946189393476,-0.0740573263935151,-0.8379834706683565,-1.072311544946052,0.1268226023560996,-0.8533982835083476,0.0062704635187329,-0.0006499837708479,0.0204063656441871,-0.3606243392975151,0.0006499837708479,-0.0204063656441871,0.3606243392975151,0.0577104613538175,0.576332831309363,-0.0305950114003279,-0.0755148759401361,0.551150958125728,0.3792079700185289
2026-07-21 18:06:26.203,Set_A,SubF1.mp4,0,0.9199083958394344,0.9104220506210308,-0.101289207429558,-0.8852793253950796,-0.959957152857906,0.143508210955756,-0.8799034615989464,0.0206237273687143,-0.0301151436880993,-0.0059069546844996,-0.3682984133812246,0.0301151436880993,0.0059069546844996,0.3682984133812246,0.0390834271518818,0.7164081922952709,-0.3105898690699621,-0.0444898910946407,0.6639321322587596,0.1766361784361174
2026-07-21 18:06:26.258,Set_A,SubF1.mp4,0,0.9727117507150804,0.9440917980525608,-0.1261822828025698,-0.9842367470699648,-0.6631043587053181,0.1781362780348133,-0.9834324185412362,0.3087333143431598,-0.0622408399189555,0.0292744671609135,-0.3894773515996962,0.0622408399189555,-0.0292744671609135,0.3894773515996962,0.0068485829715182,0.7353833657960753,-0.295316989643617,-0.0259679813687561,0.667516189361674,0.4144901309158111
2026-07-21 18:06:26.313,Set_A,SubF1.mp4,0,0.9761576044035007,0.9500066430620544,-0.0988471538415354,-0.9949792085458038,-0.6495118340700694,0.1716456180264613,-0.9704768109105684,0.2866302842565954,-0.0267513229779149,0.0039908242744801,-0.359205458258479,0.0267513229779149,-0.0039908242744801,0.359205458258479,0.0085548931632272,0.6415799530725047,-0.2873849593597823,-0.015535972652905,0.5863685634638369,0.531908512650689
2026-07-21 18:06:26.368,Set_A,SubF1.mp4,0,0.9666284498808818,0.9655654042217549,-0.0916819161528827,-0.9922312782019044,-0.8310284655664376,0.1539059187422514,-0.9550496193392984,0.3791155540747585,-0.0462392886023517,0.0187730276683897,-0.4138106311767763,0.0462392886023517,-0.0187730276683897,0.4138106311767763,-0.0349648972037999,0.7985416296182295,-0.2974309893487079,-0.0428606802535574,0.7162637861984055,0.3861306794300967
2026-07-21 18:06:26.426,Set_A,SubF1.mp4,0,0.9373116484140234,0.954880351803314,-0.0973529607521807,-1.004929852654861,-0.7196603019549273,0.130803767181718,-0.988428370733668,0.5602738633895887,-0.0568426869472391,0.0138058140408353,-0.4340137811926515,0.0568426869472391,-0.0138058140408353,0.4340137811926515,-0.0806341193335607,0.8071864347020181,-0.4849003565340919,-0.0624995703958485,0.7671738321237331,0.3959269376239429
2026-07-21 18:06:26.486,Set_A,SubF1.mp4,0,0.913161140095058,0.9717602502872198,-0.0728870887105768,-0.8963964575337113,-1.0454192193340033,0.1055703183574879,-0.906064021876234,0.1793545412266934,-0.0146652005013623,0.0110455495167476,-0.4055111087988201,0.0146652005013623,-0.0110455495167476,0.4055111087988201,-0.0249985671671816,0.6874935469704074,-0.2897896329912079,-0.055495107150355,0.6314877167899173,0.638693285431376
2026-07-21 18:06:26.542,Set_A,SubF1.mp4,0,0.9046813054653364,0.9424402848689012,-0.1038934297175699,-0.9329259864077648,-0.9925363037092894,0.0687961668035532,-0.9591051220440984,0.3452446640395352,-0.0325926054734333,0.0248328494335018,-0.443151643697881,0.0325926054734333,-0.0248328494335018,0.443151643697881,-0.0934031560332436,0.6393776348759566,-0.1835538889070299,-0.0324750567386509,0.6078687780228169,0.6219510575848212
2026-07-21 18:06:26.706,Set_A,SubF1.mp4,0,0.8782969806445153,0.8715260346308634,-0.0604565693095306,-0.9628742394181729,-0.836695550924315,0.0772088699124603,-0.9522943419217736,0.2606324767103479,-0.0597752776906569,0.0151841184669245,-0.3510433125579619,0.0597752776906569,-0.0151841184669245,0.3510433125579619,-0.1562023553239463,0.5446454724469154,0.3418740495770876,0.0365801389158538,0.5495740448743601,0.926957391553752
2026-07-21 18:06:26.816,Set_A,SubF1.mp4,0,0.7935909413401874,0.9070222841345632,-0.1208261924926414,-0.9615497555622758,-0.8417746915648682,0.0266130869772997,-0.9626743732546652,0.3046663292879065,-0.0516313520669289,0.0142992018162483,-0.3769103493725133,0.0516313520669289,-0.0142992018162483,0.3769103493725133,-0.1987950413927819,0.5467824268096269,-0.2605479526912141,0.0100566878811055,0.5806306145920185,0.8469660734041888
2026-07-21 18:06:26.870,Set_A,SubF1.mp4,0,0.8269967472726266,0.8918481780811095,-0.0844475349348469,-0.909756248816371,-0.8948559795966,0.0117977676440775,-0.9225261821788624,0.0964431137315794,-0.0349626780972842,0.0244324991516903,-0.3343346790115064,0.0349626780972842,-0.0244324991516903,0.3343346790115064,-0.1439816628544474,0.5088414306316149,0.1214388317012728,0.0166267313022972,0.4950992500547148,0.9625117334662846
2026-07-21 18:06:26.925,Set_A,SubF1.mp4,0,0.7853671414503636,0.8928891886528711,-0.09012158202226,-0.9336673790057692,-0.9543529157925756,-0.0048364132692199,-0.8970750668664147,0.1547498417538642,-0.0272053252341664,0.0058663036465876,-0.3787789799950873,0.0272053252341664,-0.0058663036465876,0.3787789799950873,-0.161276461234491,0.4983558105994136,-0.2669318546219829,-0.0095646980607123,0.4978148344809064,1.04473380592346
2026-07-21 18:06:26.980,Set_A,SubF1.mp4,0,0.8419664422385535,0.9011377573012376,0.0223423951779405,-0.9742607931311024,-0.7793485755592015,-0.0205311856347413,-0.9875670511851556,0.390467837047489,0.0007187443320426,0.002343841251351,-0.3761134452297331,-0.0007187443320426,-0.002343841251351,0.3761134452297331,-0.134905478772579,0.6389395006537688,-0.2375367056600659,0.0194130142600638,0.5758661100233688,0.8779603166108512
2026-07-21 18:06:27.035,Set_A,SubF1.mp4,0,0.8644391350875745,0.8736264545242552,-0.019144568603699,-0.9963492931034422,-0.7564092242633392,-0.0079684293873763,-0.9676344530021188,0.3795369244413659,-0.0078623633560377,0.010046168427013,-0.3728567335146489,0.0078623633560377,-0.010046168427013,0.3728567335146489,-0.1035129204488849,0.5165387721954555,0.036184884394715,0.016131838244903,0.4190938438925707,0.868638593408896
2026-07-21 18:06:27.089,Set_A,SubF1.mp4,0,0.8519451500521679,0.9339441576891006,-0.0499873222170834,-0.9914662074617931,-0.7821644785700932,-0.0410908420686141,-0.9653482262396346,0.3789498458394494,-0.0191640553050511,-0.0191590587380085,-0.3901170343862578,0.0191640553050511,0.0191590587380085,0.3901170343862578,-0.1010118947406145,0.6335014111596402,-0.4013919267115413,0.0101154574488388,0.6075322166005295,0.5549439267829402
2026-07-21 18:06:27.144,Set_A,SubF1.mp4,0,0.8642182323878013,0.8320490809560185,-0.1362278956050188,-0.9193757060712976,-0.7396230125024487,0.0629176167215361,-0.9818485133721307,0.1232042665093108,-0.0564499354870137,0.0453509849469621,-0.3019542939245853,0.0564499354870137,-0.0453509849469621,0.3019542939245853,-0.1183120037613773,0.4424932422732552,0.1037820255427169,0.0790952871894098,0.3213382180475254,0.9909823031159806
2026-07-21 18:06:27.198,Set_A,SubF1.mp4,0,0.9010522632910594,0.8669015351834398,-0.10639348499809,-0.961542353710664,-0.6506948068344884,0.0796551980980578,-0.9967079025766606,0.2450582727744025,-0.0487953267467772,0.0341858521797542,-0.3191209262379516,0.0487953267467772,-0.0341858521797542,0.3191209262379516,-0.0878479957256132,0.5306792657736208,0.0434530490025269,0.095103428226975,0.4339126010186876,0.6960268007868783
2026-07-21 18:06:27.252,Set_A,SubF1.mp4,0,0.9260292722049274,0.8512172841524928,-0.0816328778588646,-0.9525303702243266,-0.7294784972886746,0.0869265228162424,-0.9780931031106112,0.2073051721070771,-0.0381554292708104,0.0391860015687421,-0.3333410662859301,0.0381554292708104,-0.0391860015687421,0.3333410662859301,-0.0588254896605102,0.5431388870382592,0.1332851155657977,0.0860067271287469,0.3939842835167399,0.8648473208967772
2026-07-21 18:06:27.307,Set_A,SubF1.mp4,0,0.926828976832942,0.8420548501507551,-0.040791835308485,-0.8952562599762831,-0.825445144956815,0.0546499098318203,-0.961551654636559,0.0824294506396526,-0.0287783156163035,0.0417563379923294,-0.3004636088870492,0.0287783156163035,-0.0417563379923294,0.3004636088870492,-0.0467715939626224,0.4635976833598928,0.3177666154053,0.0652381112849323,0.3722448953201828,0.8848721832256377
2026-07-21 18:06:28.247,Set_A,SubF1.mp4,0,0.9703857185795812,0.9091604891939274,0.1076900318591246,-0.9587218539948122,-0.9171722747163998,-0.0815996352830601,-0.8643680119288624,0.0951852724025546,0.056621943565795,-0.0126694877370886,-0.3084581033330361,-0.056621943565795,0.0126694877370886,0.3084581033330361,0.0495112223502038,0.5195797592261107,-0.0468702173678434,-0.0688956920644817,0.4909895368927875,0.8003014877284199
2026-07-21 18:06:28.629,Set_A,SubF1.mp4,0,0.980572305300439,0.923483205239492,0.1124577828136831,-0.9706269232640984,-0.6942542012675614,-0.1863876145182849,-0.8780006234485965,-0.0654237393883013,0.0761348592790431,-0.0040319717637109,-0.2487449898256657,-0.0761348592790431,0.0040319717637109,0.2487449898256657,0.0751437669101467,0.544082791965954,0.0395856324965129,-0.0568543655183541,0.4228676068593279,0.6323281729128628
2026-07-21 18:06:28.793,Set_A,SubF1.mp4,0,0.9802683255207766,0.9558623049838608,0.1143310067476907,-0.9605581185995876,-0.6218649093101454,-0.1983662462069536,-0.8553400710747621,-0.212072644267126,0.0907060482142495,-0.0083117529188498,-0.1779188339119941,-0.0907060482142495,0.0083117529188498,0.1779188339119941,0.075989797559041,0.5389496992053681,0.0564910306531717,-0.0639660577659484,0.4646748021494079,0.5003890457970722
2026-07-21 18:06:28.847,Set_A,SubF1.mp4,0,0.967899058169156,0.9471181198548374,0.1174227978110029,-0.9630570311047424,-0.5635327421110059,-0.2084244349129435,-0.8668856850431754,-0.238357747707864,0.0841651149203845,-0.0045546851099829,-0.1255002188684716,-0.0841651149203845,0.0045546851099829,0.1255002188684716,0.0674421785956745,0.5027521302958827,0.1068002570624511,-0.0513286117287794,0.4197488479118294,0.4211447260560773
2026-07-21 18:06:28.902,Set_A,SubF1.mp4,0,0.9501022372748208,0.9874566399665994,0.1258842289530447,-0.9319077675338612,-0.5603066477259359,-0.2137016920562158,-0.8479164827821146,-0.3477207368618294,0.0918347398953425,-0.009570163462552,-0.1138107748045251,-0.0918347398953425,0.009570163462552,0.1138107748045251,0.0663179812914428,0.4975007308064642,0.0652297072429123,-0.0586470445654906,0.4174913772560632,0.2903572289607162
2026-07-21 18:06:28.957,Set_A,SubF1.mp4,0,0.9540272941808804,0.925645730785472,0.1271464642350399,-0.9675799167119242,-0.4323781397123924,-0.2183558543718771,-0.9030901811226631,-0.2692444313458664,0.0935175583322059,-0.0046465347063567,-0.0969341327840154,-0.0935175583322059,0.0046465347063567,0.0969341327840154,0.0835425616494368,0.4752956035767704,0.2258277949094495,-0.0540415035675908,0.4235045678514901,0.5065287459468535
2026-07-21 18:06:29.012,Set_A,SubF1.mp4,0,0.9668527561652124,0.966987271576384,0.1250278319580078,-0.9027860317247168,-0.5375130823661044,-0.2154413988251978,-0.8397115675970791,-0.4399977888185234,0.0892443987263644,-0.0055695182368606,-0.0718491593918934,-0.0892443987263644,0.0055695182368606,0.0718491593918934,0.079539831864928,0.4706932447450749,0.2774647060218523,-0.0543058118312729,0.4359141722629953,0.426895542301637
2026-07-21 18:06:29.067,Set_A,SubF1.mp4,0,0.9685836960020912,0.9745111254675376,0.1228781891728716,-0.8345705242608057,-0.6251706985122145,-0.2086370516003499,-0.7737213781219354,-0.5605959624482161,0.0881426443628028,-0.0100104839314516,-0.0392429350362719,-0.0881426443628028,0.0100104839314516,0.0392429350362719,0.0739998026419517,0.4739518708342026,0.2978722982215025,-0.0625351040498343,0.4284845629931495,0.4436253337598378
2026-07-21 18:06:29.123,Set_A,SubF1.mp4,0,0.97292104369023,0.9617771876017088,0.1277309811567906,-0.8488559374790111,-0.559985049047532,-0.202804607419193,-0.7807693367434445,-0.5970306882072383,0.0869476185245646,-0.0087479627843622,0.0108517497176713,-0.0869476185245646,0.0087479627843622,-0.0108517497176713,0.0730453429111482,0.4468867130500786,0.3992878215914545,-0.0670355783300801,0.4179198178004703,0.3852100794163266
2026-07-21 18:06:29.178,Set_A,SubF1.mp4,0,0.9714377067836548,0.955608119915298,0.1340809290494256,-0.8715632107292992,-0.487817968027848,-0.2109308817079676,-0.8087622733100694,-0.5941248920457521,0.0899075956591336,-0.005251979201942,0.0204767460336689,-0.0899075956591336,0.005251979201942,-0.0204767460336689,0.0754208184000499,0.4857087569190035,0.4055801161390506,-0.0722001510852609,0.4556190985686578,0.3815625854453535
2026-07-21 18:06:29.232,Set_A,SubF1.mp4,0,0.9471898492742612,0.9367197783417072,0.1296989721370973,-0.8175940865547364,-0.5740402883573362,-0.2006493019360593,-0.754471519037007,-0.6602918316237016,0.0885909903834463,-0.0036607564728819,0.0178542108431113,-0.0885909903834463,0.0036607564728819,-0.0178542108431113,0.0674964222086939,0.5097634755928094,0.3189906235169117,-0.0761500997591675,0.473585609548064,0.2775414767975591
2026-07-21 18:06:29.286,Set_A,SubF1.mp4,0,0.9487583569564004,0.9518041630809664,0.1413344641810795,-0.7952782169041182,-0.6296617511571228,-0.1834250072749181,-0.7410373662937788,-0.6501674620605514,0.0866878172129342,-0.0054469669701965,0.0118298531425238,-0.0866878172129342,0.0054469669701965,-0.0118298531425238,0.0717993124836884,0.4984426502919754,0.2954491265198129,-0.0711167742857997,0.4930854783138654,0.2696212403082375
2026-07-21 18:06:29.341,Set_A,SubF1.mp4,0,0.9675768515429404,0.9639448134259108,0.1605590772797739,-0.8832194450704766,-0.4716607779995896,-0.1948256916208114,-0.8321903762307905,-0.5560526762885003,0.0920715716372083,-0.0015735627182118,0.0158840664277935,-0.0920715716372083,0.0015735627182118,-0.0158840664277935,0.0761379550670258,0.4940233511515161,0.2794175551926986,-0.0766383922966252,0.4755756863240297,0.3268453415655505
2026-07-21 18:06:29.395,Set_A,SubF1.mp4,0,0.9729350874059648,0.9442524835177876,0.1607629790405113,-0.9039951773659316,-0.4199284562231131,-0.1902631359455398,-0.8441198369192636,-0.5512685565262313,0.0918237921945885,-0.0009725880715557,0.0315823723232384,-0.0918237921945885,0.0009725880715557,-0.0315823723232384,0.0672439308188426,0.4863212722789231,0.3242284861614526,-0.0907395921121541,0.4769539334394998,0.3201853428687298
2026-07-21 18:06:29.450,Set_A,SubF1.mp4,0,0.9682081187858332,0.929107697374636,0.1628288454096826,-0.8862612964865921,-0.476392285343299,-0.1862370031412538,-0.8347651558103026,-0.5421949758405319,0.0937505403905193,-0.001291457099212,0.0084582008924995,-0.0937505403905193,0.001291457099212,-0.0084582008924995,0.0612001322520536,0.4880712218315038,0.3012650784558176,-0.1009238876449477,0.4556138327396113,0.3210327637002874
2026-07-21 18:06:29.505,Set_A,SubF1.mp4,0,0.972473751618161,0.948789307709096,0.1697161178290059,-0.8447642392328303,-0.4887457643135394,-0.1628398872250926,-0.8111280667679235,-0.6328483638719589,0.0839578493175665,-0.0013155182638522,0.0419058267844647,-0.0839578493175665,0.0013155182638522,-0.0419058267844647,0.0609397130945359,0.4470099895913388,0.3697525146457075,-0.0975031183796409,0.4314812750039621,0.3124753089842114
2026-07-21 18:06:29.559,Set_A,SubF1.mp4,0,0.9754832770701506,0.9388443555342512,0.1721891489970292,-0.9307575763965183,-0.3428095530029364,-0.1736101999886202,-0.8797941742031548,-0.506837632018316,0.0926386365443078,-0.0046758990244371,0.045943081647741,-0.0926386365443078,0.0046758990244371,-0.045943081647741,0.0621798912367384,0.4947058653239936,0.3954989245463834,-0.11843749666559,0.4841015867302496,0.3001439584202935
2026-07-21 18:06:29.614,Set_A,SubF1.mp4,0,0.9785232778330544,0.9312028532510506,0.178266837705359,-0.9163050820504168,-0.3557879228836091,-0.1674686389391952,-0.8870288220771567,-0.5090069829336087,0.0934584954661563,-0.0036398585647378,0.0460247135426178,-0.0934584954661563,0.0036398585647378,-0.0460247135426178,0.0627945530020595,0.501604394309432,0.4097335724680235,-0.1356183185252301,0.5012812055935505,0.2171659782881344
2026-07-21 18:06:29.669,Set_A,SubF1.mp4,0,0.9854840540173222,0.948103012792573,0.1855605282300256,-0.8957363671364538,-0.3676405748409861,-0.1591147161696499,-0.8984883408891357,-0.5155685261849011,0.0950875186831568,0.0021990070640588,0.0283371746569711,-0.0950875186831568,-0.0021990070640588,-0.0283371746569711,0.0552462193075227,0.4645226838589576,0.3215315740756555,-0.1288589028590916,0.4396260405499311,0.3349704098528957
2026-07-21 18:06:29.722,Set_A,SubF1.mp4,0,0.9816526950785456,0.9409728864223308,0.1733910361641482,-0.8799752860788259,-0.3694581805319666,-0.1537799302807298,-0.8970753273227638,-0.5479874701389937,0.0918399790839457,0.0012323788382095,0.0614897002646784,-0.0918399790839457,-0.0012323788382095,-0.0614897002646784,0.0540633436986584,0.4858067062343127,0.4141824256445849,-0.1286238331378963,0.4562946864598295,0.3356067158057753
2026-07-21 18:06:29.777,Set_A,SubF1.mp4,0,0.9798196216629982,0.9354360473590252,0.1906857751208058,-0.8665220256816439,-0.3475519737318399,-0.1549136052893276,-0.91654038508495,-0.5576600407580088,0.0926173329874407,0.0048297566843049,0.0835821307706354,-0.0926173329874407,-0.0048297566843049,-0.0835821307706354,0.0521748179465733,0.5128113020925295,0.44016338933891,-0.1143800818557827,0.5091806543756161,0.233772483048097
2026-07-21 18:06:29.831,Set_A,SubF1.mp4,0,0.9746616000913711,0.9400784353664958,0.1798437646843431,-0.8720069803594289,-0.30064230733909,-0.1600580739872064,-0.9163567865738528,-0.5945468143351185,0.0902058051877823,-0.0031438990829333,0.1110469837788819,-0.0902058051877823,0.0031438990829333,-0.1110469837788819,0.0457298110419761,0.5158047823663265,0.4679327120614956,-0.1093484995850899,0.5222044188394913,0.2688446961042363
2026-07-21 18:06:29.886,Set_A,SubF1.mp4,0,0.9698797868304052,0.945763809896725,0.1806791556947977,-0.8686217206297648,-0.287546924410561,-0.1628771922063213,-0.9150357493806156,-0.6170243109115244,0.088101457335331,-0.0041119045666974,0.13500701795693,-0.088101457335331,0.0041119045666974,-0.13500701795693,0.0405226947011467,0.5328298141866489,0.5809098260847146,-0.0803526539258517,0.5455585842217572,0.2310839740181436
2026-07-21 18:06:29.940,Set_A,SubF1.mp4,0,0.9097203752853076,0.9383721827132268,0.1677565489755413,-0.9285496726383938,-0.0580095327477711,-0.161979562674189,-0.9782677270552704,-0.5453262200920267,0.0766612511268006,-0.0037426421586662,0.2049309066742835,-0.0766612511268006,0.0037426421586662,-0.2049309066742835,0.0113216073349395,0.4803063559886968,0.860616134826715,-0.0364106271750097,0.5113306399212056,0.1576454835568091
2026-07-21 18:06:29.994,Set_A,SubF1.mp4,0,0.9537816427514064,0.9672575267324234,0.1969727324418673,-0.9028214241476056,-0.181506088895374,-0.1593616542462636,-0.9713629325260504,-0.5156441129956663,0.0868599340197413,0.0023986535370461,0.1964512641270266,-0.0868599340197413,-0.0023986535370461,-0.1964512641270266,0.0208612812041166,0.5821947146854565,0.753818854153239,-0.0133165720220929,0.5984637286400418,0.0753514880969062
2026-07-21 18:06:30.049,Set_A,SubF1.mp4,0,0.922171353625664,0.9258000587140574,0.1794998542643061,-0.9213622427242474,-0.0389442404341401,-0.1643523474765243,-0.9989960310717232,-0.5196205752331869,0.0786868339049827,-0.0096816146038211,0.236698299096852,-0.0786868339049827,0.0096816146038211,-0.236698299096852,0.0028115543980381,0.5208422223314759,0.8895564129081516,-0.016967003444067,0.6070757754534454,0.2553965760573965
2026-07-21 18:06:30.104,Set_A,SubF1.mp4,0,0.938633911649184,0.968848883823982,0.1824917589114502,-0.912700910500046,0.0260823978734121,-0.1455788525024697,-1.0305440366667784,-0.4977141532197286,0.0774826157220798,-0.0018456954479734,0.2546640631212951,-0.0774826157220798,0.0018456954479734,-0.2546640631212951,0.0192728634850259,0.5617203495232405,0.8009878688475118,0.0164804261931074,0.5940516002031396,-0.1317455146670235
2026-07-21 18:06:30.159,Set_A,SubF1.mp4,0,0.9684567424996716,0.957496443123218,0.1900828738041116,-0.9244108194285192,0.0298302826172261,-0.1561049865095606,-1.0273190609742584,-0.4652564843069711,0.0840224335088904,-0.0010812169675489,0.2579257728053812,-0.0840224335088904,0.0010812169675489,-0.2579257728053812,0.0377128375909263,0.5909974258305418,0.6996506349070563,0.0267155455531532,0.5973977115945779,-0.3581393109695353
2026-07-21 18:06:30.213,Set_A,SubF1.mp4,0,0.9725484921020162,0.8673870252121301,0.2060323611586437,-0.9127223448879966,0.037000600193634,-0.1449362650860816,-1.0321312370746143,-0.4993984935407972,0.0859151195689769,0.0027707319060129,0.2590248890026093,-0.0859151195689769,-0.0027707319060129,-0.2590248890026093,0.0267065006021741,0.6169030312108849,0.7334644849141602,0.0594117152039757,0.6444494093765807,-0.676249931484422
2026-07-21 18:06:30.267,Set_A,SubF1.mp4,0,0.9438991755484304,0.8474190683372179,0.205770901940089,-0.9516207881008504,0.2407611437088636,-0.1311395819562807,-1.0461156705899597,-0.2997459527275993,0.076953341188945,-1.3895892372229449e-05,0.2942368690299831,-0.076953341188945,1.3895892372229449e-05,-0.2942368690299831,-0.0211277369164299,0.6479733766987901,0.8381737883191814,0.1012941953960524,0.6223760875649127,-0.9388570261814568
2026-07-21 18:06:30.322,Set_A,SubF1.mp4,0,0.9227583700769996,0.8644625037547576,0.1945523624737727,-0.94515058702772,0.1508248211638393,-0.1407944908550382,-1.0462024356366464,-0.3286540380111151,0.0679567081107859,-0.004131587976338,0.270353943574617,-0.0679567081107859,0.004131587976338,-0.270353943574617,-0.0185438057152933,0.580603870429734,0.9228666525271684,0.0865965097198347,0.6090056501900403,-0.7283665017237738
2026-07-21 18:06:30.376,Set_A,SubF1.mp4,0,0.9570218650021344,0.8336372207018452,0.2268999898307414,-0.9487431469122952,0.2350345045532191,-0.1170241801075673,-1.047353217981437,-0.2944197594209276,0.0800002997831227,0.0047297382229191,0.2963827276994916,-0.0800002997831227,-0.0047297382229191,-0.2963827276994916,-0.0405770009773732,0.6920654782652996,0.7533176880958186,0.1235644110737633,0.6375980441594137,-0.988767214750902
2026-07-21 18:06:30.432,Set_A,SubF1.mp4,0,0.942972569683012,0.8309812311478094,0.210745364284507,-0.95505047104417,0.2271333690998291,-0.1344354975420434,-1.0433264344134925,-0.2529509594444893,0.0840769866855324,-0.0002857205408055,0.3019571217004125,-0.0840769866855324,0.0002857205408055,-0.3019571217004125,-0.0556219470272051,0.7007535248838112,0.8245714351404582,0.1083426975965469,0.6593360842593108,-1.0726411915122709
2026-07-21 18:06:30.487,Set_A,SubF1.mp4,0,0.9386034949223026,0.8337557044242915,0.2066006626521309,-0.952876174840168,0.2332573675499562,-0.1202597190267255,-1.0427443868967534,-0.3334762032381044,0.0752168625040514,0.0030340693041056,0.2966070929388956,-0.0752168625040514,-0.0030340693041056,-0.2966070929388956,-0.0489367669960136,0.6648048013657205,0.7851836725415416,0.1178461876873646,0.6632308724853772,-0.9396494611071003
2026-07-21 18:06:30.542,Set_A,SubF1.mp4,0,0.9265579406416222,0.8427521516119503,0.2002664216577073,-0.9517049014914888,0.1454845511970773,-0.1381202730816963,-1.0321923919168303,-0.3910235204551435,0.0727917466506484,-0.0011723560874678,0.2903157919298264,-0.0727917466506484,0.0011723560874678,-0.2903157919298264,-0.0544539926004781,0.633359311165423,0.8438441585602645,0.1007055075067894,0.6397421767188763,-0.8905272558072134
2026-07-21 18:06:30.596,Set_A,SubF1.mp4,0,0.925372453431024,0.8387647760771235,0.1884446805759324,-0.9517662892604986,0.0968235437290059,-0.1466121496881139,-1.011327519295645,-0.4769718544816051,0.0716426149312462,0.0064382329366587,0.2747137969624836,-0.0716426149312462,-0.0064382329366587,-0.2747137969624836,-0.0482004210932712,0.5864093067179831,0.8230477279088682,0.0957332938296888,0.6163877970871265,-0.9128076751716264
2026-07-21 18:06:30.651,Set_A,SubF1.mp4,0,0.9355738112294596,0.8413077600969381,0.1762443443510137,-0.9291666791902228,0.0330058397139183,-0.1600684213026548,-0.980411604225924,-0.6273534812663818,0.0713362204967851,0.0024310422146377,0.2957245670143831,-0.0713362204967851,-0.0024310422146377,-0.2957245670143831,-0.0342269575105098,0.6596403721664006,0.6910501474035258,0.0867992954375623,0.6686421165935112,-0.7764933429795814
2026-07-21 18:06:30.708,Set_A,SubF1.mp4,0,0.9404504166048312,0.8263494225366576,0.1687015797221188,-0.9125890869477992,-0.0014327159295702,-0.1645672642975487,-0.9808830278782243,-0.6425752481611205,0.087334963317828,0.0122104323493601,0.2751258184860416,-0.087334963317828,-0.0122104323493601,-0.2751258184860416,-0.0456622597831614,0.6431793872526669,0.6165523985241814,0.0714943395822091,0.6593731469703122,-0.8595847837725701
2026-07-21 18:06:30.764,Set_A,SubF1.mp4,0,0.9370782161301312,0.8710214587092134,0.1477390735899547,-0.9349551684952168,0.0541732449105569,-0.1884964319583889,-0.9968922261191294,-0.5702202211255035,0.0814858025831796,5.21108193601198e-05,0.2828198839540146,-0.0814858025831796,-5.21108193601198e-05,-0.2828198839540146,-0.0524791889452516,0.678871493897154,0.6909598256656975,0.0457470918397661,0.6588400295924036,-0.6913766918009784
2026-07-21 18:06:30.819,Set_A,SubF1.mp4,0,0.9051992668658798,0.9124816701724108,0.1450391103314717,-0.9667953588824004,0.1899418383820221,-0.1963132053851005,-0.9856310282692492,-0.6205253609771035,0.074829903831765,-0.0096447329669539,0.3258989152736198,-0.074829903831765,0.0096447329669539,-0.3258989152736198,-0.02811130357383,0.6282464245785627,0.7950692947935436,0.0395571337387505,0.6596442308710038,-0.5392296345207208
2026-07-21 18:06:30.874,Set_A,SubF1.mp4,0,0.9003941843763326,0.933369004847374,0.1033886689160821,-0.9213027425818994,0.0093855418004022,-0.1950279876906204,-0.9146152819348228,-0.7974256692743497,0.0687710804513311,-0.0090087139623127,0.2992468554374935,-0.0687710804513311,0.0090087139623127,-0.2992468554374935,-0.0254741169204045,0.579148616252199,0.8070115935948325,0.0332710919385498,0.6313836770720158,-0.2414207233540594
2026-07-21 18:06:30.928,Set_A,SubF1.mp4,0,0.9310863387866876,0.969321440322344,0.1027865535581352,-0.8692257542339479,-0.1724104003630975,-0.1863909842572297,-0.8746107358221651,-0.803317325550365,0.0619581297563326,-0.0157283041276045,0.2417221376960031,-0.0619581297563326,0.0157283041276045,-0.2417221376960031,0.0117894458231934,0.5416088659564963,0.6813177005528408,0.016947828117236,0.5852695667584547,0.0367309629471505
2026-07-21 18:06:30.982,Set_A,SubF1.mp4,0,0.9125505515702664,0.9486575560828874,0.0994387024516128,-0.927015744119664,0.0402666115433092,-0.2069820580000657,-0.954612628525997,-0.7095267208671956,0.0633354924187205,-0.0108966200052526,0.2741123235767143,-0.0633354924187205,0.0108966200052526,-0.2741123235767143,0.0329706766577134,0.5556688499484014,0.7592381983771221,-0.0077631824713124,0.6470274622828569,0.2275222846604995
2026-07-21 18:06:31.038,Set_A,SubF1.mp4,0,0.9423665000098232,0.9670734370577544,0.088969713290154,-0.9419884356696347,0.1055118496863203,-0.2067108388387816,-0.967757559632248,-0.6877551500195773,0.0592217969875492,-0.0064722681838089,0.2800720629183769,-0.0592217969875492,0.0064722681838089,-0.2800720629183769,0.0503822086548027,0.5475244054695139,0.5580665525774402,-0.0261159357437403,0.6436475966612164,0.0932023590521534
2026-07-21 18:06:31.093,Set_A,SubF1.mp4,0,0.876513341526868,0.892533121967968,0.0894896565901043,-0.9566187525151292,0.0969927619696081,-0.1708793791761416,-0.9893199122223996,-0.5516337479540349,0.0590490306189813,-0.0055314270172521,0.2457312917183375,-0.0590490306189813,0.0055314270172521,-0.2457312917183375,0.0519395195881414,0.4575181229772056,0.8052392837673997,-0.043920123576011,0.5865058707710311,0.357493283744808
2026-07-21 18:06:31.147,Set_A,SubF1.mp4,0,0.929705449264916,0.9427676676949688,0.0813802120728928,-0.92610040940123,0.0944739892080248,-0.1520396543431302,-0.9790247249173278,-0.6990444696366971,0.0722975915793198,-0.0065875467711384,0.2551145974122936,-0.0722975915793198,0.0065875467711384,-0.2551145974122936,0.1210154809416222,0.4826959549732406,0.5967984858462843,-0.0590307187964731,0.5401145163415608,0.2827796873206429
2026-07-21 18:06:31.202,Set_A,SubF1.mp4,0,0.9082808397106564,0.9596377421474002,0.1283130919592239,-0.8871505926694355,-0.0941945047863207,-0.1140043301105523,-0.9126650787624808,-0.7778483887702047,0.0769377026944784,-0.0003646650471142,0.2135487088031115,-0.0769377026944784,0.0003646650471142,-0.2135487088031115,0.1760063649431605,0.4974193119777282,0.3577596994529738,-0.0431596829490506,0.5345027157519019,0.0370867654840888
2026-07-21 18:06:31.257,Set_A,SubF1.mp4,0,0.8164559959790832,0.8235398277803097,0.1582028700255403,-0.8291933105547812,-0.1441828350329254,-0.0999550014805917,-0.9131345549613402,-0.8360726392471253,0.0785043608411697,0.0073157829557284,0.2376463365811125,-0.0785043608411697,-0.0073157829557284,-0.2376463365811125,0.2054840201924096,0.5303894485595758,0.1707456509485692,-0.0334670354384996,0.5822161899040657,-0.5957813581072323
2026-07-21 18:06:31.311,Set_A,SubF1.mp4,0,0.8907527652554716,0.9839807025233176,0.1102679370974517,-0.9389393283038606,0.2526226265585349,-0.1278587785238645,-1.0076630479368975,-0.7113488533122981,0.0777417730324155,-0.0036947289105398,0.3278472824487474,-0.0777417730324155,0.0036947289105398,-0.3278472824487474,0.1858103526563695,0.5125868383421469,0.7092931909029924,-0.0800524854870914,0.5849569119945249,-0.0543207091582992
2026-07-21 18:06:31.366,Set_A,SubF1.mp4,0,0.8976322276644542,0.9367936875357408,0.0882658136161114,-0.9423950492505886,0.2283299468223105,-0.1401573220695666,-0.9904901142814808,-0.7394681042201218,0.0737834396016769,-0.0055456676695496,0.3069556357182388,-0.0737834396016769,0.0055456676695496,-0.3069556357182388,0.162206852443325,0.4753583087348953,0.7488471467871317,-0.0938490298434301,0.5124188848488088,0.1704378684259749
2026-07-21 18:06:31.421,Set_A,SubF1.mp4,0,0.9156424862830186,0.9389919519989688,0.0856078286870135,-0.9409243425823398,0.1671358334972989,-0.130028775588515,-0.9768436863474615,-0.7329914393642715,0.0717960080544062,0.0015106307691037,0.3039537632012626,-0.0717960080544062,-0.0015106307691037,-0.3039537632012626,0.1566750197444745,0.5004573069094144,0.6778390537205513,-0.1091958471674319,0.513581505517406,0.1344936332843214
2026-07-21 18:06:31.476,Set_A,SubF1.mp4,0,0.8787058087225947,0.954974101184549,0.1372274070872722,-0.923514921190124,0.1032057413737134,-0.1272516066791906,-0.9766926522565914,-0.726993895494937,0.0849692762029893,0.0051960574224276,0.2636642923736592,-0.0849692762029893,-0.0051960574224276,-0.2636642923736592,0.1645235951162123,0.4756755188492853,0.7164047523745299,-0.1045565099122411,0.4941352158973277,0.1211392877574291
2026-07-21 18:06:31.530,Set_A,SubF1.mp4,0,0.8943240527774297,0.957237519757104,0.1343536010459015,-0.8840004660263359,-0.0082780174628659,-0.128645855308402,-0.9628827494922444,-0.7591786978470889,0.084319965206703,0.0055025719179462,0.2346428715883986,-0.084319965206703,-0.0055025719179462,-0.2346428715883986,0.1624503283493402,0.4772348798033056,0.6574543706055318,-0.1127910699845297,0.469853802003111,-0.0369037546066137
2026-07-21 18:06:31.585,Set_A,SubF1.mp4,0,0.91203667932736,0.9609556298508316,0.1035133912538456,-0.8948439520438721,0.0377671636497989,-0.1193592991730609,-0.9576282850712976,-0.7914882778025963,0.0795704148442496,-0.00025953761541,0.2584860572381912,-0.0795704148442496,0.00025953761541,-0.2584860572381912,0.1646134781760027,0.5254118409575722,0.5387656418039185,-0.1118141380903782,0.4984653888921401,-0.0146786931581902
2026-07-21 18:06:31.639,Set_A,SubF1.mp4,0,0.9218998560262428,0.9579363798684036,0.1222846222976212,-0.8873262309636086,0.0193805474161034,-0.1311590696469635,-0.978012819530001,-0.7407899117078645,0.0811941955120143,0.0050578694701767,0.2380343600108463,-0.0811941955120143,-0.0050578694701767,-0.2380343600108463,0.1600029360964089,0.5571828691016523,0.4792218537963424,-0.1268854264532589,0.5064832703488453,-0.0282353827801968
2026-07-21 18:06:31.694,Set_A,SubF1.mp4,0,0.924205549234272,0.9476498396764236,0.1065695846484901,-0.9132408617432688,0.0842422188327191,-0.120503218729305,-0.9835776332128012,-0.7181865784053016,0.071281026510073,0.0013178048198591,0.2645581448786642,-0.071281026510073,-0.0013178048198591,-0.2645581448786642,0.1558064763925066,0.5502320055688235,0.47748886885254,-0.1090419841006521,0.5008255388945605,0.0929074371517112
2026-07-21 18:06:31.748,Set_A,SubF1.mp4,0,0.946551413766705,0.9186805510100712,0.124089162634295,-0.9024554741827292,0.1119053963695942,-0.1264898998221046,-1.0135352512249522,-0.6854677527116944,0.074144369157164,0.0049088619908098,0.252550162518405,-0.074144369157164,-0.0049088619908098,-0.252550162518405,0.1280173615394672,0.55788636447547,0.4060717360055265,-0.1091507287839781,0.5126584602939871,0.2342516672536134
2026-07-21 18:06:31.804,Set_A,SubF1.mp4,0,0.96290827946991,0.9378246963803158,0.1148720719036298,-0.889079761391785,0.0784315029030622,-0.1278959543133498,-1.0005429286187992,-0.7335318523794935,0.0733783062018426,0.0020509288166969,0.2362394991774223,-0.0733783062018426,-0.0020509288166969,-0.2362394991774223,0.1005817242975349,0.5426038885323339,0.2410438279362797,-0.0896384416558014,0.5362409833047427,0.1824169801447584
2026-07-21 18:06:31.858,Set_A,SubF1.mp4,0,0.969204097740364,0.963369442991666,0.1300826036750586,-0.944517025828619,0.3823228537153126,-0.1406485079860482,-1.0544431939816503,-0.4459341835408283,0.0719772928481003,0.0054405355921556,0.2568616325793643,-0.0719772928481003,-0.0054405355921556,-0.2568616325793643,0.0838934006959343,0.6232584456888259,0.2626903069203409,-0.0725298116332522,0.6236253806746045,-0.0848294898567757
2026-07-21 18:06:31.913,Set_A,SubF1.mp4,0,0.975091787021464,0.9589818643609436,0.1360666831224279,-0.9404893468381668,0.2007415383622512,-0.1551700226125837,-1.0306856731453888,-0.5385345267636579,0.0819676605173319,0.0079580680110408,0.2555829326515078,-0.0819676605173319,-0.0079580680110408,-0.2555829326515078,0.0830218592715486,0.6505786598484112,0.3977097512156481,-0.0635987890725084,0.6551432149737185,-0.0196496912555309
2026-07-21 18:06:31.967,Set_A,SubF1.mp4,0,0.9820221765697406,0.9625123775805704,0.1224921932743648,-0.9644468510289088,0.2358699016496729,-0.1348520581351109,-1.0021123244869234,-0.5998647408096721,0.0732363818597284,0.0005831546031046,0.2872418118935677,-0.0732363818597284,-0.0005831546031046,-0.2872418118935677,0.0744062165952777,0.6273844519424265,0.2530229439937485,-0.0162849809011812,0.6544659658190591,-0.2383439218326093
2026-07-21 18:06:32.021,Set_A,SubF1.mp4,0,0.9853635761076152,0.935802465302253,0.1351675893280979,-0.9689173746636222,0.2760678573222203,-0.1259432853522528,-1.0172618598207868,-0.5106034851468413,0.0707830644796028,0.0044181722337296,0.2928485637824446,-0.0707830644796028,-0.0044181722337296,-0.2928485637824446,0.0549606566039418,0.6575195892773472,0.3024165001827102,0.0137876735869721,0.683269785707353,-0.408848046163728
2026-07-21 18:06:32.076,Set_A,SubF1.mp4,0,0.9717932147295087,0.9143088385930463,0.1683000829710788,-0.9403677670704366,0.2442485143532435,-0.1242652789402825,-1.0326316145978558,-0.5688010924827442,0.0792158969286423,0.008588837475043,0.2857332680606483,-0.0792158969286423,-0.008588837475043,-0.2857332680606483,0.0659496715943084,0.6656565215054426,0.3902763521952232,0.0080102201702655,0.6910063352639242,-0.4027608049049129
2026-07-21 18:06:32.130,Set_A,SubF1.mp4,0,0.9350600421873192,0.9315251474586724,0.1599190945579385,-0.9336265687899584,0.2203047869965458,-0.1321579841916365,-1.0192088469136915,-0.6511912684795276,0.0756000778865365,0.0043188071810065,0.3078414185366658,-0.0756000778865365,-0.0043188071810065,-0.3078414185366658,0.0552578749507866,0.6484065798694789,0.6546838501659396,0.0133600623138772,0.6825863569543061,-0.3172913247536147
2026-07-21 18:06:32.185,Set_A,SubF1.mp4,0,0.9452768438900144,0.934707136143644,0.1873341150520876,-0.907888318902042,0.1313638651731899,-0.1357622067334158,-1.0264483583435091,-0.6370138996189619,0.0786046476217369,0.0011835164451873,0.2667456365554098,-0.0786046476217369,-0.0011835164451873,-0.2667456365554098,0.0761587580925999,0.6721954951659238,0.5990898789875596,0.0194921774188809,0.7033520365580058,-0.2204414517356229
2026-07-21 18:06:32.452,Set_A,SubF1.mp4,0,0.9020618288993816,0.8234183819628657,0.148082842042375,-0.9776126028747976,0.3751388617861565,-0.1369804646879897,-1.0146940576289003,-0.5500414281758049,0.0754490859923137,-0.0015771978066603,0.3416401335105717,-0.0754490859923137,0.0015771978066603,-0.3416401335105717,-0.0034321573844904,0.6150191493929212,0.8857037856888925,0.1353290478339802,0.7270744127131579,-0.9361768276829896
