timestamp,subject_id,input_source,label,left_angle,right_angle,x11,y11,z11,x12,y12,z12,x23,y23,z23,x24,y24,z24,x25,y25,z25,x26,y26,z26
2026-07-21 18:04:57.466,Set_A,SubD1.mp4,0,0.6285974867731745,0.6904177109287115,0.1051410563888935,-0.9311119976143029,0.3417954589026654,-0.1897158389459786,-1.0249116049885925,-0.7502299973734128,0.0954053241293593,-0.0377942977149622,0.436357517980985,-0.0954053241293593,0.0377942977149622,-0.436357517980985,0.509679068744051,0.1841019087093885,0.1541886126749944,0.3905658720007103,0.3238523386515278,-0.889950008507665
2026-07-21 18:04:57.526,Set_A,SubD1.mp4,0,0.5807094149051664,0.6257793764405798,0.1375254939899917,-0.9572678033097756,0.3548946175373906,-0.1455640202379663,-1.0122985143312455,-0.7023768509101898,0.0899016781477549,-0.0566800583126415,0.4299117318874483,-0.0899016781477549,0.0566800583126415,-0.4299117318874483,0.5306465192682142,0.1553226937331802,0.0438497273975769,0.3980080253918607,0.2533649879532025,-0.9340649075950292
2026-07-21 18:04:57.582,Set_A,SubD1.mp4,0,0.5805455051612887,0.5975079805730842,0.1440825619643755,-0.9013120477126576,0.1707038894641323,-0.0873056815129106,-0.964711970644892,-0.8881512734296347,0.0796914595870945,-0.0266591116474278,0.4076136193444516,-0.0796914595870945,0.0266591116474278,-0.4076136193444516,0.4931043652542854,0.1390043725173995,0.1277263106958082,0.4250510158423565,0.2245626977214175,-0.8765349940953456
2026-07-21 18:04:57.637,Set_A,SubD1.mp4,0,0.6102619220561023,0.6208706135807023,0.1059983236647183,-0.9522830971440894,0.4660303073428071,-0.125756884564212,-1.0388567335146768,-0.6530377244025594,0.0876326569545971,-0.0238924737022912,0.4341169091833428,-0.0876326569545971,0.0238924737022912,-0.4341169091833428,0.4841122610676546,0.1303627795374077,0.3165166702627986,0.4422882641593091,0.2430659403150169,-0.8311675331701268
2026-07-21 18:04:57.801,Set_A,SubD1.mp4,0,0.5820576875960138,0.6381324505898975,0.0793040709434872,-0.950775303455807,0.5533158847823784,-0.0756941101951689,-1.049220717105822,-0.5550146846656705,0.0635075456551424,-0.0524415503716729,0.4019473258168199,-0.0635075456551424,0.0524415503716729,-0.4019473258168199,0.4276359009822563,0.0333005595474678,0.3425383735003197,0.4052780019641604,0.1987390891998781,-0.6127198667610708
2026-07-21 18:04:57.856,Set_A,SubD1.mp4,0,0.6118771023509606,0.615825848581251,0.0658301991755518,-0.9410990631538232,0.0988195087223761,-0.0788049574594133,-0.8322914337302236,-1.023437160083645,0.0538545603403413,-0.0538967579501912,0.3871676328562323,-0.0538545603403413,0.0538967579501912,-0.3871676328562323,0.3996547624151015,0.0773769646379622,0.2966806205416103,0.3734937865557851,0.2094437452500171,-0.6715364259907562
2026-07-21 18:04:58.021,Set_A,SubD1.mp4,0,0.6834062479839838,0.6565249529341525,0.0241725825077814,-0.9410715215133502,0.0653703948824375,-0.1486056729190402,-0.8819080325798303,-0.8785505418172558,0.0586119337484271,-0.0671052904844758,0.3374535284104416,-0.0586119337484271,0.0671052904844758,-0.3374535284104416,0.3512261488779289,0.1007806774526175,0.1374194327371118,0.3474847504167918,0.2384797595011465,-0.8019060774281335
2026-07-21 18:04:58.130,Set_A,SubD1.mp4,0,0.6832026094309291,0.6439620758646628,0.0347602219082843,-0.8656798277744251,0.0006185783764684,-0.1556224546867487,-0.8178215751976595,-1.0735656166215195,0.0604708920143247,-0.0516111241415064,0.3691646727130757,-0.0604708920143247,0.0516111241415064,-0.3691646727130757,0.3513580301856975,0.0970460949863029,0.2207111314253045,0.3393847402877329,0.2193727689084765,-0.833607997191683
2026-07-21 18:04:58.184,Set_A,SubD1.mp4,0,0.6138968106700589,0.5928413734688185,0.0790998790947855,-0.8903328269720417,-0.0975845781467508,-0.1032269330182109,-0.8254043382474407,-0.9298704647400854,0.0695191928017045,-0.0422248955258595,0.3009355527573483,-0.0695191928017045,0.0422248955258595,-0.3009355527573483,0.3963305547099507,0.0529913090362031,0.1655271757718737,0.3583364335202388,0.169467409753394,-0.5931196975177381
2026-07-21 18:04:58.293,Set_A,SubD1.mp4,0,0.5937754644340353,0.551266633907576,0.1173472714609579,-0.9087212376925536,0.0357023613318807,-0.0960366042939895,-0.8335183638815602,-1.017612248323438,0.0715799211077974,-0.0454499994693415,0.3572558115683886,-0.0715799211077974,0.0454499994693415,-0.3572558115683886,0.404505759978065,0.0629449000570588,0.0085276855464801,0.3149603741062852,0.15930886917555,-0.8677360560919202
2026-07-21 18:04:58.348,Set_A,SubD1.mp4,0,0.5809281549562633,0.5722411884164893,0.1353115575591623,-0.912333306734759,0.1126866335427929,-0.0981586410306326,-0.8890115490921903,-0.9808895886052668,0.0751985490316168,-0.0463498706396994,0.3756760492171769,-0.0751985490316168,0.0463498706396994,-0.3756760492171769,0.4413940285348602,0.0505704161608777,0.1065036989211977,0.3690563205705203,0.1780751570198523,-0.8262992297409962
2026-07-21 18:04:58.403,Set_A,SubD1.mp4,0,0.6005039264895858,0.5773917987635871,0.0994079569129619,-0.8808845071850736,-0.0044585522717258,-0.0830082455145384,-0.8037758094769786,-1.0733404396234063,0.063812452395758,-0.0534632943012409,0.386121125901892,-0.063812452395758,0.0534632943012409,-0.386121125901892,0.4018488215029842,0.0801251335576571,0.0779082334687452,0.3635922584292131,0.1875602175579215,-0.7296581274411813
2026-07-21 18:04:58.458,Set_A,SubD1.mp4,0,0.5753629546301616,0.5380255181630124,0.1296656866625725,-0.7354225659926221,-0.262464164103912,-0.0881153879046,-0.7567004966546664,-1.0686415186234963,0.0756712738571681,-0.0407475083475206,0.2902279692093797,-0.0756712738571681,0.0407475083475206,-0.2902279692093797,0.3757477728748443,0.1244789343120839,-0.0128086859359978,0.2565675346175003,0.1369844222656265,-0.8539594565925879
2026-07-21 18:04:58.513,Set_A,SubD1.mp4,0,0.5306433198289539,0.5053479863640656,0.153646792798027,-0.8719069424649598,-0.1412707642762578,-0.0507103583770094,-0.7458943094061404,-1.0301058617125778,0.0700346390670574,-0.057747120706212,0.3040708770269199,-0.0700346390670574,0.057747120706212,-0.3040708770269199,0.4221988931865593,0.0539457696936368,0.0135302386440304,0.2954581989256485,0.1697841479127272,-0.9177270229480902
2026-07-21 18:04:58.568,Set_A,SubD1.mp4,0,0.5331177774657619,0.4811559974455624,0.1604960478455213,-0.8458215066594171,-0.2002433580101605,-0.0701964628426398,-0.7254991449015428,-1.033773414536448,0.0712248509233346,-0.0449512264031816,0.2996307108509121,-0.0712248509233346,0.0449512264031816,-0.2996307108509121,0.4130917727900289,0.0401414756062961,-0.0577450470261492,0.2601205889338978,0.1631356120277864,-1.049187759947846
2026-07-21 18:04:58.623,Set_A,SubD1.mp4,0,0.5416988492853261,0.5462624525726504,0.1279752332575976,-0.860622299459868,-0.047953527771166,-0.0516057782424113,-0.7652655491572413,-1.114223915677084,0.0539149711547518,-0.0582132652239195,0.3793565788075335,-0.0539149711547518,0.0582132652239195,-0.3793565788075335,0.3870006579173498,0.0260786967960889,0.3166544516130997,0.3723487646813534,0.2003090771723001,-0.6502419459375489
2026-07-21 18:04:58.788,Set_A,SubD1.mp4,0,0.4260355001772291,0.4485477707381869,0.2189344104487497,-0.7609621051779687,-0.3130429127344311,-0.0031972967883314,-0.6708105055070618,-1.066625413016959,0.0804980058877263,-0.0466829944094233,0.2747980316855419,-0.0804980058877263,0.0466829944094233,-0.2747980316855419,0.4310135027675944,0.0328822814144772,-0.1789514393994652,0.3025572415200683,0.1495314824917711,-0.9294504245950294
2026-07-21 18:04:58.954,Set_A,SubD1.mp4,0,0.3983744326732619,0.4256406925315857,0.3481654859272253,-0.8826205839138804,0.0357702291303816,0.0807772324725754,-0.8161222867498384,-1.000280884178306,0.0836527167737049,-0.049064260129134,0.3875598475272797,-0.0836527167737049,0.049064260129134,-0.3875598475272797,0.4936570084504095,0.0228596364229981,0.0558365931263821,0.4208016096445171,0.105969063730508,-0.9553254265054812
2026-07-21 18:04:59.282,Set_A,SubD1.mp4,0,0.3925157345344178,0.4125051989993744,0.4148518970347809,-0.8883170719169895,0.027826994802867,0.2249482390603039,-0.7944461673294109,-0.899012202720031,0.0437772507697721,-0.0339221907956729,0.3441559975196767,-0.0437772507697721,0.0339221907956729,-0.3441559975196767,0.4188063842186256,-0.0768405588099112,0.4669751070622913,0.3206054098729642,0.0574167174955197,-0.5898409301561178
2026-07-21 18:04:59.611,Set_A,SubD1.mp4,0,0.4462341959128927,0.4437112699388953,0.455849738167478,-0.8210149336612304,0.1711474664486637,0.2493321757043892,-0.774411087977793,-1.1495820722476862,0.0673976665114879,-0.0690072931014694,0.4366309181608784,-0.0673976665114879,0.0690072931014694,-0.4366309181608784,0.408158666359342,0.1956578171085148,0.4721008192144295,0.3220909234992067,0.376356013811218,-0.8098609037848811
2026-07-21 18:04:59.666,Set_A,SubD1.mp4,0,0.5322754406110017,0.515750334605439,0.3626401462693375,-0.7015685004878894,-0.0457504794530033,0.1577210556487476,-0.7037877159668132,-1.2787109674794803,0.0720533611103531,-0.0256447480925617,0.4005343501239679,-0.0720533611103531,0.0256447480925617,-0.4005343501239679,0.2867808315524182,0.4152940267317125,0.0821276774525991,0.1997989374181369,0.5195589988466829,-0.9465470196191048
2026-07-21 18:04:59.720,Set_A,SubD1.mp4,0,0.515759495843175,0.4750213513189296,0.432617985851171,-0.8437461545391216,0.287847130454054,0.2473626789796174,-0.8520235767370465,-1.1014756168923248,0.0668843759215453,-0.047091545435616,0.4260672756713229,-0.0668843759215453,0.047091545435616,-0.4260672756713229,0.3528615937078651,0.2842657930863611,0.4073289398539914,0.2475959521301631,0.3729129874755481,-1.0369506780998632
2026-07-21 18:05:00.215,Set_A,SubD1.mp4,0,0.9242794694026828,0.9019451665784332,0.1174976883078512,-0.8379576844407843,-0.1563705348450189,0.0201878382604405,-0.7450040868132779,-1.0582383431572022,0.0346113410057782,-0.0285456033002629,0.2738905620015726,-0.0346113410057782,0.0285456033002629,-0.2738905620015726,0.0842041438291106,0.3525623442209051,0.6095497074655724,0.0133242712273632,0.4853244220574292,0.3140825552671376
2026-07-21 18:05:00.601,Set_A,SubD1.mp4,0,0.8979389952708278,0.8563383978078587,0.0873519405988579,-0.8366161483301164,-0.0506711959677694,-0.0001404218816329,-0.8198755668295211,-1.0666601553378838,0.0184420241512193,-0.0070123084071884,0.3451857432467522,-0.0184420241512193,0.0070123084071884,-0.3451857432467522,-0.0677375500912266,0.3807811080747613,0.9856840457044648,0.0984774337509734,0.4344514531669376,0.1338197637090304
2026-07-21 18:05:00.656,Set_A,SubD1.mp4,0,0.9254013106640988,0.9100239663968206,0.0687214149373085,-0.8369725585492994,-0.1146849162593382,-0.0040281755332781,-0.7936869663846816,-1.041500319123598,0.014966692869088,-0.0134412595688804,0.3266193154399943,-0.014966692869088,0.0134412595688804,-0.3266193154399943,-0.0706855904656813,0.4339052923212185,0.859976107887323,0.0648789311354529,0.4758740509656172,0.2303281019807114
2026-07-21 18:05:00.711,Set_A,SubD1.mp4,0,0.9162858915011522,0.9168361891407854,0.0718141010583465,-0.8959646219509111,0.0004915343128217,-0.064912110113113,-0.8744367321621768,-0.93088468125423,0.0313021653183274,-0.0044452448430791,0.3047379754372241,-0.0313021653183274,0.0044452448430791,-0.3047379754372241,-0.0342313506513245,0.4078347573829185,0.6792539677090395,0.0627239541750591,0.5005679179822997,0.1903232619769014
2026-07-21 18:05:00.765,Set_A,SubD1.mp4,0,0.903746540427527,0.898077547042041,0.045491577698307,-0.8974300380358015,0.0505600705369742,-0.0521841246692272,-0.8686558809042856,-0.9891205303564738,0.020229434650397,-0.0127724051162094,0.3578327553723839,-0.020229434650397,0.0127724051162094,-0.3578327553723839,-0.0398246114932126,0.4724946594455076,0.8277073105724974,0.0729115919780447,0.5437958755531144,0.0503907570694029
2026-07-21 18:05:00.819,Set_A,SubD1.mp4,0,0.9029171691478384,0.8450950623017887,0.0659260099757719,-0.8682799967571375,-0.0062660259191312,-0.0965943979179743,-0.8504033491646891,-1.0160778528379049,0.0452754026627506,-0.0179707637891485,0.3156847999500348,-0.0452754026627506,0.0179707637891485,-0.3156847999500348,-0.0297251692401331,0.4775154714551365,0.7453821271781641,0.0565415392086518,0.5696055373053404,-0.2865694526574889
2026-07-21 18:05:00.874,Set_A,SubD1.mp4,0,0.9463445885039972,0.908981408833058,0.0133308765446004,-0.8647633286885462,-0.0841534938152649,-0.0372574574307291,-0.803444364860319,-1.0188019041548773,0.0195402823232256,-0.0215759660589011,0.3282784305825044,-0.0195402823232256,0.0215759660589011,-0.3282784305825044,0.0317619374189646,0.4551675542745154,0.8310281155000249,0.0287312665449282,0.5368658561570206,-0.0515324290202986
2026-07-21 18:05:00.928,Set_A,SubD1.mp4,0,0.8538228357831146,0.9726681989601084,0.0027980929157339,-0.9008569062677882,0.0557998960530342,-0.1208641432873741,-0.8622715645031249,-0.9925167173531868,0.0344099214098571,-0.0082433030959545,0.3631631235179618,-0.0344099214098571,0.0082433030959545,-0.3631631235179618,-0.0025381154473146,0.4779282287475224,1.1630684848797137,0.0067120715986065,0.5273060519264515,0.0124927280077201
2026-07-21 18:05:00.983,Set_A,SubD1.mp4,0,0.8890585679026601,0.9559800272968922,0.0100434443941882,-0.8977447798976881,0.0009157811084665,-0.0981512232526642,-0.8114445664434894,-1.0357630150799568,0.0393766501214038,-0.0120794599139406,0.3680494243052788,-0.0393766501214038,0.0120794599139406,-0.3680494243052788,0.0195002096095317,0.4254016826844632,1.0910485079362096,0.0045862509334542,0.4846281848275438,0.2940828431734186
2026-07-21 18:05:01.202,Set_A,SubD1.mp4,0,0.9435762182252386,0.9768139078558992,0.0273222598395047,-0.7717228984084064,-0.1895971468835421,-0.0632352300252892,-0.7355630548652964,-1.124480215236444,0.0419233044470549,-0.0110916098292835,0.2815588462396707,-0.0419233044470549,0.0110916098292835,-0.2815588462396707,0.0928265267483554,0.3717333774945909,0.838133088009804,-0.044285756493513,0.4488538266108856,0.3378451340559754
2026-07-21 18:05:01.256,Set_A,SubD1.mp4,0,0.936472678927614,0.9536612445412292,0.0221106401344667,-0.7687966588202575,-0.134832806044936,-0.0381428830034293,-0.7307921846860408,-1.188411792515751,0.0331415018417678,-0.007991804452352,0.3268070033208538,-0.0331415018417678,0.007991804452352,-0.3268070033208538,0.1217688431682569,0.4023052419478959,0.7638769056676477,-0.0298862779259136,0.4981203721606366,0.2117022856562501
2026-07-21 18:05:01.420,Set_A,SubD1.mp4,0,0.9158544792713934,0.8419280260864659,-0.0285590028902364,-0.8921066826137944,0.1258957383123724,0.0227702151219975,-0.8686575446970676,-1.0744081661479583,-0.031798102084207,-0.0025054430626639,0.3764041667947064,0.031798102084207,0.0025054430626639,-0.3764041667947064,-0.0337979992087247,0.5310138184980135,0.8380621216512066,0.1703330931292141,0.5086242786480788,0.1890315740777529
2026-07-21 18:05:01.474,Set_A,SubD1.mp4,0,0.9515099624379726,0.86025267311429,0.0184991430218731,-0.8408510641012134,0.0230154985151846,-0.0124943393359416,-0.8125279094334775,-1.148316308168348,0.0070689091423298,-0.0013731309635416,0.3552671881345612,-0.0070689091423298,0.0013731309635416,-0.3552671881345612,-0.0404733429918907,0.5155634744463369,0.7802194505290785,0.1024585711657177,0.512906881223242,0.0792759897023221
2026-07-21 18:05:01.529,Set_A,SubD1.mp4,0,0.9515128460724648,0.7994277755964055,0.0415787425834205,-0.9063458272520648,0.1747031014886088,0.0114213135243625,-0.8718951680984579,-1.0885137801892653,-0.0068670752426869,0.0043849029501997,0.3853056175644564,0.0068670752426869,-0.0043849029501997,-0.3853056175644564,-0.0695782272139868,0.607314161148406,0.6532654611158526,0.1822099192138085,0.5086876599449109,-0.1552339490440105
2026-07-21 18:05:01.584,Set_A,SubD1.mp4,0,0.9136219996591268,0.8146101961256006,0.0237894131412331,-0.9074917792293036,0.1754880066603282,-0.0035927256574637,-0.8728980645199217,-1.086423843088609,-0.010187320043669,-0.005188107221107,0.3890926467319554,0.010187320043669,0.005188107221107,-0.3890926467319554,-0.0973525427091398,0.5980623975846805,0.7514005851529337,0.1855189820250039,0.5357498082157018,-0.0462228123877022
2026-07-21 18:05:01.639,Set_A,SubD1.mp4,0,0.9060628657706918,0.8226112188612095,0.0033020046651358,-0.9096465514472012,0.2035293659536065,0.0063081490331127,-0.8775143403733714,-1.1012841162573812,-0.018889300424152,-0.0031188853936948,0.3996251039861488,0.018889300424152,0.0031188853936948,-0.3996251039861488,-0.0860737830541872,0.5787725252212306,0.8580865699636225,0.1802074458076503,0.5244510465465296,0.0587249845971774
2026-07-21 18:05:01.693,Set_A,SubD1.mp4,0,0.9155653556805846,0.9439545858617268,-0.0140186539097273,-0.8806944059713705,0.1537356607777141,-0.029699986693248,-0.8768763367089473,-1.107168282905772,0.0024285257045718,-0.0041633718478618,0.366155042882672,-0.0024285257045718,0.0041633718478618,-0.366155042882672,0.1239711523384756,0.5310485159411528,0.789797828772708,-0.0833874190880256,0.5666800534899389,-0.0264924139997543
2026-07-21 18:05:01.748,Set_A,SubD1.mp4,0,0.912960724700834,0.9397546306400458,-0.0032663924098319,-0.8515977980256503,0.0943950314202182,-0.0341305877219886,-0.829988969662368,-1.176461299545042,0.020988754398811,-0.010126750151382,0.3894881075366605,-0.020988754398811,0.010126750151382,-0.3894881075366605,0.0831664103047343,0.4582151230597921,0.9144592575022248,-0.0672814381803619,0.5521782584093186,-0.0723965580086239
2026-07-21 18:05:01.802,Set_A,SubD1.mp4,0,0.9395048777633744,0.9266772662250942,-0.025191143146576,-0.8870079293961126,0.1797503877188523,-0.0277496146135637,-0.8837533101238942,-1.1079755267779878,0.0109987932352706,-0.0011037449108484,0.3924810128955757,-0.0109987932352706,0.0011037449108484,-0.3924810128955757,0.0766229535018644,0.5664517061550675,0.6780233533842127,-0.0071884530246752,0.6467132720059913,-0.172660851396293
2026-07-21 18:05:01.856,Set_A,SubD1.mp4,0,0.9472952028295027,0.9006631484466444,0.0052217964396026,-0.8562349762181892,0.1280774192488393,-0.0425503935915029,-0.8759310583270877,-1.1271807195148136,0.0230460509155576,-0.000234203021171,0.3887932656324463,-0.0230460509155576,0.000234203021171,-0.3887932656324463,0.0602041404286137,0.556230868709206,0.6880945599260501,0.018133013758747,0.6070467180865758,-0.1836490986382736
2026-07-21 18:05:01.910,Set_A,SubD1.mp4,0,0.9644816395306972,0.9306432930796328,-0.0183171326242332,-0.8785074903703419,0.1814291530804651,-0.0543958316503253,-0.8969320896005064,-1.0993219151716285,0.0212156220989811,0.0005522052651914,0.4014894000958353,-0.0212156220989811,-0.0005522052651914,-0.4014894000958353,0.0348958941694122,0.5754963623749105,0.7178845317860032,0.0174093380890647,0.6154430189752298,-0.1456993949309223
2026-07-21 18:05:01.964,Set_A,SubD1.mp4,0,0.9574629733741972,0.8883207276896526,0.0015613281719831,-0.8775652769598242,0.1705141899860417,-0.0416352806357945,-0.8866335830062486,-1.1117880400574955,0.0225640956366244,-0.001296343063607,0.3959031345589765,-0.0225640956366244,0.001296343063607,-0.3959031345589765,0.0626087242898725,0.5537971307589955,0.7214468127783324,0.0505040859260836,0.569079448796684,-0.1894726306995139
2026-07-21 18:05:02.073,Set_A,SubD1.mp4,0,0.9610809974516936,0.9134134760876574,-0.0028018476937887,-0.8922488806679251,0.1854305626453337,-0.0559993633646243,-0.9043298275107816,-1.062269979469756,0.0214081347539378,-0.0052640261742011,0.3725306646651641,-0.0214081347539378,0.0052640261742011,-0.3725306646651641,0.0782033332645589,0.5107063777682809,0.6698188626279591,0.0272495647255536,0.5444105041811212,-0.1015649893119784
2026-07-21 18:05:02.127,Set_A,SubD1.mp4,0,0.9459540721889912,0.963333646998468,-0.0123523607950354,-0.9252227305142342,0.2019419734218209,-0.0607331972749781,-0.9354405264159676,-0.9317301245393144,0.0171419316045456,-0.0073969887420405,0.336414874367534,-0.0171419316045456,0.0073969887420405,-0.336414874367534,0.1045254086715408,0.4808039319217975,0.6232213671841147,-0.002187533850399,0.5559731037930483,0.1257009683978827
2026-07-21 18:05:02.182,Set_A,SubD1.mp4,0,0.9100412563856984,0.8881598007294711,-0.0022056438463116,-0.9391768248034574,0.2547540905704764,-0.0527546532866164,-0.956793652420608,-0.8890058664716627,-0.0045434334479404,-0.0062236219831679,0.3458558390986995,0.0045434334479404,0.0062236219831679,-0.3458558390986995,-0.0655322182008263,0.5553612595415874,0.7296182115672144,0.1608479697577104,0.5158339532699552,-0.010401488691833
2026-07-21 18:05:02.237,Set_A,SubD1.mp4,0,0.9011583892384828,0.8800391684666216,-0.0024571345475472,-0.935512390408292,0.2726088492221843,-0.0554205197283624,-0.9659760181610052,-0.8898543507951959,-0.0031552771048969,-0.0054194679573953,0.3559193417197342,0.0031552771048969,0.0054194679573953,-0.3559193417197342,-0.0877084198910644,0.5140521144283192,0.7196170137719935,0.1659890176935828,0.4854245197878547,0.0035526788510228
2026-07-21 18:05:02.291,Set_A,SubD1.mp4,0,0.897646569502552,0.8591006917131401,0.0027698569511963,-0.9321749762001278,0.2104279992422785,-0.0497332104671707,-0.960657266604498,-0.8546178346368952,-0.0033743971226752,-0.0067389263215893,0.3369604471194133,0.0033743971226752,0.0067389263215893,-0.3369604471194133,-0.0983542020535664,0.5187214353493698,0.7286183412036028,0.1803455687355432,0.513808248045082,0.0036749677777395
2026-07-21 18:05:02.345,Set_A,SubD1.mp4,0,0.90761748424738,0.844339719165847,0.0032985623908385,-0.9113115012239436,0.1812655971513672,-0.0505866917649683,-0.9438281432575032,-0.927067670287093,-0.0108916588068646,-0.0036946951823954,0.3505071838475146,0.0108916588068646,0.0036946951823954,-0.3505071838475146,-0.1012940636760265,0.5093802957889733,0.7909353134817104,0.1781492528764051,0.5261174362750596,-0.074827595252543
2026-07-21 18:05:02.400,Set_A,SubD1.mp4,0,0.8807539349183658,0.8500199363288623,0.0043385001488013,-0.8843311558240464,0.1457727571632915,-0.0725441429317072,-0.9308681041076252,-0.98267157842909,0.009552986571125,-0.0024121990661561,0.3608773177788538,-0.009552986571125,0.0024121990661561,-0.3608773177788538,-0.1152867934667895,0.5033056108047376,0.863151951127603,0.1603363944073398,0.5302873579324299,-0.1344469362570209
2026-07-21 18:05:02.454,Set_A,SubD1.mp4,0,0.8706656964050018,0.8650806581044695,-0.0070514743635756,-0.9049711587425676,0.1658029168360676,-0.0601062397804074,-0.9383336343821334,-0.9389246931911636,-0.0081705396126408,0.0018431076141935,0.3523354118125086,0.0081705396126408,-0.0018431076141935,-0.3523354118125086,-0.1161241755930332,0.4836556447539155,0.8807232002228537,0.1631521819430676,0.5071757993795664,-0.0772131590231385
2026-07-21 18:05:02.508,Set_A,SubD1.mp4,0,0.8703866322888634,0.884012629208416,-0.0189898495540268,-0.928877400540033,0.2542498226162999,-0.0795442801823957,-0.9547110515428228,-0.9193705398227312,-0.0021545970291985,-0.0011671872763649,0.369636552218284,0.0021545970291985,0.0011671872763649,-0.369636552218284,-0.1255777302023909,0.5505997455485057,0.744960838981774,0.1451709233530461,0.6001305252636431,-0.2539128389503181
2026-07-21 18:05:02.562,Set_A,SubD1.mp4,0,0.8440516408369476,0.9369741116425296,-0.0584564270992429,-0.951540456151708,0.3088755403133269,-0.1012144670349836,-0.9717113458764552,-0.8338590748758867,-0.0087015305685752,-0.0045564775158489,0.346448038778211,0.0087015305685752,0.0045564775158489,-0.346448038778211,-0.1161852473067076,0.5226196263868489,0.6259507970240258,0.1181418461441679,0.5930226791033358,-0.090443155190461
2026-07-21 18:05:02.617,Set_A,SubD1.mp4,0,0.8686472204788585,0.9384239197402232,-0.054694186002221,-0.9260732527775888,0.213822072944189,-0.1068735221733633,-0.9377004627942336,-0.9211009520424516,0.0116424013116155,-0.0078457859673737,0.3370916201994837,-0.0116424013116155,0.0078457859673737,-0.3370916201994837,-0.075356763959466,0.5258230253307851,0.6687565818415211,0.0554023075018836,0.5475541727865458,-0.0997068669317981
2026-07-21 18:05:02.781,Set_A,SubD1.mp4,0,0.9192936914741046,0.90407068905712,-0.0247333542725514,-0.8808047344014843,0.1071990823539043,-0.0573082952786859,-0.8861202031826855,-1.040604370898002,0.0074320378425477,-0.0037800852830665,0.3465479617610031,-0.0074320378425477,0.0037800852830665,-0.3465479617610031,0.0172503352402482,0.5677792096793016,0.7533835064245941,0.0557170024091195,0.5907530331560937,-0.0700204655652855
2026-07-21 18:05:02.890,Set_A,SubD1.mp4,0,0.9229153942497464,0.9447726534427277,-0.03570029518704,-0.8544510905435931,0.0352236413209422,-0.0167460415810313,-0.8166447847023481,-1.132806420657249,-0.0131399734616768,-0.0185192669075666,0.3838512362005117,0.0131399734616768,0.0185192669075666,-0.3838512362005117,0.0547917635964007,0.4717025408920871,0.9783857484148994,0.0659976392034745,0.5398112377310393,0.1113924953984282
2026-07-21 18:05:03.106,Set_A,SubD1.mp4,0,0.933986549425769,0.948121062311831,-0.0393262359381759,-0.9134846377615312,0.1478646365952444,-0.0174029399074544,-0.8663735931742891,-1.0582966650179533,-0.004184735634298,-0.014549820817519,0.3651948240487119,0.004184735634298,0.014549820817519,-0.3651948240487119,0.0847353776553533,0.5229055176230296,0.7640974961571518,-0.0293014278488581,0.6255384701099705,-0.0130578949892244
2026-07-21 18:05:03.217,Set_A,SubD1.mp4,0,0.8989463731411331,0.9629284179712944,-0.0476446902713138,-0.9117179480370444,0.149226098566267,-0.0147611501171643,-0.8641795288230485,-1.066991680165056,-0.0087655242072913,-0.0169370333064617,0.3840218905921921,0.0087655242072913,0.0169370333064617,-0.3840218905921921,0.1057007693954865,0.4927763863900286,0.9112177346817566,-0.0557787705704225,0.5720004570633445,-0.0412478848540838
2026-07-21 18:05:03.271,Set_A,SubD1.mp4,0,0.9205027100713058,0.9370652539162424,-0.0654080826395161,-0.8465477970879246,0.0635213106464243,-0.0160024772059443,-0.8459192486788673,-1.126031366946635,-0.0092978558746622,-0.0065117426235929,0.3779754680571245,0.0092978558746622,0.0065117426235929,-0.3779754680571245,0.112916706301464,0.4801846900347309,0.8368040764944877,-0.0680501273048421,0.5538413683790803,-0.1246613466721682
2026-07-21 18:05:03.326,Set_A,SubD1.mp4,0,0.9340989782624476,0.9081810181541076,-0.0710203414373841,-0.8421377842643911,0.0761489650336991,-0.0154860179143014,-0.8678689376872671,-1.109780263259455,-0.0062898559539976,-0.0002837891078035,0.379872477751411,0.0062898559539976,0.0002837891078035,-0.379872477751411,0.1284971839675387,0.5411160852078418,0.8295391835260784,-0.0691588575880702,0.5992003593098778,-0.2834303653261866
2026-07-21 18:05:03.381,Set_A,SubD1.mp4,0,0.9369909766366462,0.9097814031455635,-0.0747839640553843,-0.8569407071897955,0.1522854707201195,-0.0224373561033361,-0.8747735129992544,-1.1481337897434665,-0.0123940881159248,-0.0073368432706832,0.40807209668735,0.0123940881159248,0.0073368432706832,-0.40807209668735,0.0938273708413488,0.5605346243093424,0.8354550594925421,-0.0710354180040869,0.6079323317521899,-0.3042729945161268
2026-07-21 18:05:03.435,Set_A,SubD1.mp4,0,0.975464931996204,0.8631681430208158,-0.06257902414622,-0.8426203764034902,0.1621410098922337,-0.0239993526756755,-0.8675301780788738,-1.1955282875720727,-0.0089389223923499,0.0007046128648082,0.4356351129173964,0.0089389223923499,-0.0007046128648082,-0.4356351129173964,0.0539397825749584,0.5610828613115375,0.6881528438620489,-0.0324889266627026,0.6449903803427177,-0.5771704415602227
2026-07-21 18:05:03.489,Set_A,SubD1.mp4,0,0.9534438190521568,0.8960803771621211,-0.0722360475057199,-0.8298683731800233,0.1290311582515277,-0.0024110817051996,-0.8404443818537691,-1.2265206144523566,-0.0131825388753822,-0.0079582533895436,0.430552733456879,0.0131825388753822,0.0079582533895436,-0.430552733456879,0.0663947126282589,0.5462967057627458,0.8178144503267175,0.0117140339562082,0.6262179730320749,-0.2998479958687535
2026-07-21 18:05:03.544,Set_A,SubD1.mp4,0,0.9112225859639084,0.9278282708464244,-0.0919663032479507,-0.9008964611135064,0.1957023144384731,0.0118426852920931,-0.8913805445770192,-1.0796272777236309,-0.0255713674327205,-0.0168300567447383,0.4175472073627314,0.0255713674327205,0.0168300567447383,-0.4175472073627314,0.0638381462731453,0.5450799973183631,0.9481592444127536,0.0274625722990616,0.6278558851427686,-0.234723127457065
2026-07-21 18:05:03.707,Set_A,SubD1.mp4,0,0.9391084564339812,0.8894267574225491,-0.0719770966213593,-0.8877162149158856,0.1714498503341104,-0.0023345641266458,-0.8861690663576474,-1.0922151765481205,-0.0172503475761162,-0.0100749206809335,0.4008807119772877,0.0172503475761162,0.0100749206809335,-0.4008807119772877,0.0358954186481835,0.5366857393513808,0.8335662076176742,0.0894605246738878,0.5632688752704109,-0.1158123529976954
2026-07-21 18:05:03.762,Set_A,SubD1.mp4,0,0.9371664266369312,0.8851388722335846,-0.0361163693736691,-0.8975062762283682,0.1866243732354355,-0.0086738159110147,-0.8888066637941006,-1.0850006416277207,0.0212144599822331,-0.013733114861861,0.3920987386535444,-0.0212144599822331,0.013733114861861,-0.3920987386535444,0.1599969280665924,0.5543466121485322,0.6515736420305219,0.0156636135814582,0.5619929843423167,-0.1305295794322618
2026-07-21 18:05:03.817,Set_A,SubD1.mp4,0,0.9611789148037964,0.8423999569938411,-0.0595722262673686,-0.9402615316134472,0.3505869860388578,-0.0141512872426578,-0.9548045506299224,-0.9856376828233768,-0.0304813862419051,-0.0015613863346788,0.4066783448971419,0.0304813862419051,0.0015613863346788,-0.4066783448971419,0.0025740526787815,0.5746067934435982,0.6062142469297117,0.2009587693524616,0.6212485467186316,-0.3073031414607831
2026-07-21 18:05:03.874,Set_A,SubD1.mp4,0,0.9467074800351754,0.8259690869181572,-0.0541493406145375,-0.9504180806797988,0.3258089614737869,0.0044224131169495,-0.9478534222846542,-0.9535768594382548,-0.0404192388374936,0.0034824092554174,0.3866693436639637,0.0404192388374936,-0.0034824092554174,-0.3866693436639637,-0.0433147251846947,0.5976620211825255,0.6444907618384889,0.2277735614573246,0.5795347263566262,-0.2215154264078381
2026-07-21 18:05:03.928,Set_A,SubD1.mp4,0,0.9298706404824898,0.8513072928750669,-0.0495448874583375,-0.923756814327835,0.1977346398380021,-0.0229104641073665,-0.9264577311330556,-0.95368196458652,-0.0231393374027481,0.0031284648361763,0.3628506960271387,0.0231393374027481,-0.0031284648361763,-0.3628506960271387,-0.0585352282926625,0.5614782905016649,0.7432480466880949,0.2115511542364417,0.528312854643131,-0.063307759678172
2026-07-21 18:05:03.983,Set_A,SubD1.mp4,0,0.9237681188976352,0.8999859733908842,-0.0619662447913145,-0.9324597872188364,0.1743873383629831,-0.0452825296534972,-0.9178222346950048,-0.926021650886376,-0.0186995302507592,-0.0012881808437277,0.3508806852295468,0.0186995302507592,0.0012881808437277,-0.3508806852295468,-0.0950369047369738,0.5161610605303711,0.7035815919579315,0.1715595401307236,0.5210050157260567,-0.0490978291738114
2026-07-21 18:05:04.038,Set_A,SubD1.mp4,0,0.8986366816855014,0.8591221153375602,-0.0662184539929233,-0.9476227060594185,0.3119976333263293,-0.0459563945196638,-0.9608761000158006,-0.899406443756205,-0.0086365568366118,-0.0004433596716746,0.3875333579952034,0.0086365568366118,0.0004433596716746,-0.3875333579952034,-0.1213969536024461,0.5737984755509536,0.79345768708918,0.1942911801601138,0.5819293485869602,-0.2783466389112025
2026-07-21 18:05:04.092,Set_A,SubD1.mp4,0,0.9026004279719428,0.8608522596430185,-0.0594863506300101,-0.9582160641716404,0.2771953222341177,-0.0223741738678567,-0.9454356058455218,-0.8849857250621017,-0.029597578842846,-0.0047804781677511,0.3737347920572617,0.029597578842846,0.0047804781677511,-0.3737347920572617,-0.1029964003700112,0.5784116509329033,0.7300760835636366,0.2150984041088475,0.5596988643486654,-0.0760101454415969
2026-07-21 18:05:04.147,Set_A,SubD1.mp4,0,0.8803498435247649,0.885937411896749,-0.0716769136154563,-0.9365640591198494,0.2942268594819236,-0.0659441859808552,-0.949140423550086,-0.9462844006425288,-0.0118798189317221,-0.0050058184978064,0.39809941149334,0.0118798189317221,0.0050058184978064,-0.39809941149334,-0.1462467365044343,0.5748393090135395,0.8951829883258845,0.1796925567974928,0.5796785820462875,-0.2188341047228169
2026-07-21 18:05:04.201,Set_A,SubD1.mp4,0,0.8848832910197466,0.8795820379139287,-0.0704004281556396,-0.9463117337015188,0.2848930724268164,-0.0450638799919511,-0.9507103955280908,-0.9077694925593794,-0.0186470578357583,-0.0079271552332496,0.3734285202182992,0.0186470578357583,0.0079271552332496,-0.3734285202182992,-0.1263050779343427,0.5738623294555778,0.7081259678524094,0.1795736181900335,0.606141021780926,-0.2968804801974212
2026-07-21 18:05:04.256,Set_A,SubD1.mp4,0,0.9663023911665276,0.882743110831923,-0.030530631927225,-0.8200399875536533,-0.0237346826944141,-0.0708125919611844,-0.8037870685923363,-1.1394141653470364,0.0417401253764862,-0.0185729272560977,0.3117726342305889,-0.0417401253764862,0.0185729272560977,-0.3117726342305889,0.1404711218353784,0.5202612496189221,0.4463031608316088,-0.1323326154377447,0.5208482926272007,-0.1547958218473941
2026-07-21 18:05:04.310,Set_A,SubD1.mp4,0,0.967226825002814,0.8994525044264073,-0.0781288028589442,-0.8454180566130172,0.0351725568887492,-0.0918265753799329,-0.8212643466305626,-1.1275483787220069,0.0345192664823224,-0.0117620467040269,0.3247784972271212,-0.0345192664823224,0.0117620467040269,-0.3247784972271212,0.1152861338917836,0.4837352809987564,0.6253504384987931,-0.1315434695596987,0.455770480379822,0.0136112832684803
2026-07-21 18:05:04.364,Set_A,SubD1.mp4,0,0.9717393447112128,0.9232943443670272,-0.0622735560751185,-0.8914494081770004,0.1277352085060619,-0.1030231034520565,-0.8579001565327199,-1.082959326082178,0.0433009936563603,-0.0181114575129681,0.3434650365827623,-0.0433009936563603,0.0181114575129681,-0.3434650365827623,0.115920293143661,0.4799524742015648,0.5838964050798829,-0.1226396054417223,0.4506542093470659,0.0038386962531596
2026-07-21 18:05:04.418,Set_A,SubD1.mp4,0,0.922928120458162,0.9505379320987852,-0.0933108993918927,-0.9213716010200188,0.2191966800423116,-0.0923986722600701,-0.8876496751831024,-1.0516352526957389,0.002697042325429,-0.0182147692905112,0.3900349498747002,-0.002697042325429,0.0182147692905112,-0.3900349498747002,-0.0154093801736432,0.528800521422541,0.6909375088822197,-0.0378817379335937,0.5535458715453294,-0.0750142368837668
2026-07-21 18:05:04.636,Set_A,SubD1.mp4,0,0.9536840374483898,0.8488333427595968,-0.0868906487542608,-0.8755408956738528,0.1544418364337658,-0.0351235264891336,-0.8236166031643486,-1.2022854961376273,-0.0127956962777084,-0.0114437460868843,0.4246996589301235,0.0127956962777084,0.0114437460868843,-0.4246996589301235,0.0465799677834704,0.5660705388267064,0.7618743557477071,0.075629820938136,0.6037846028591093,-0.3776252038760904
2026-07-21 18:05:05.182,Set_A,SubD1.mp4,0,0.9852024448419844,0.903936516566848,0.015971487561535,-0.877713187539669,0.2166631578631423,-0.0596649677442884,-0.8984185982212751,-1.1350567332975308,0.0328276515525704,6.156018103275991e-05,0.3987128937441782,-0.0328276515525704,-6.156018103275991e-05,-0.3987128937441782,0.0646467756289336,0.6514559576645932,0.5699384728534824,0.0351804560976801,0.6822079168222815,-0.2649318884293212
2026-07-21 18:05:05.237,Set_A,SubD1.mp4,0,0.9812899105478357,0.8996632582876012,0.0351261813911145,-0.8318964778677076,0.0908952877419525,-0.0734668602741267,-0.8526658684205005,-1.1682901521304725,0.0461499506030481,0.0048886935875875,0.3710378603533527,-0.0461499506030481,-0.0048886935875875,-0.3710378603533527,0.0857192499810509,0.5803076544050457,0.6218090978465062,0.0175969059385386,0.6168028407847402,-0.1749306282841593
2026-07-21 18:05:05.291,Set_A,SubD1.mp4,0,0.9930180918966324,0.8929966601188285,0.0780294993238699,-0.8256859729739253,-0.0363699975464365,-0.0955466407224931,-0.8283849187665985,-1.0877930844189558,0.0582456192917135,0.0018397327251437,0.3191701382929149,-0.0582456192917135,-0.0018397327251437,-0.3191701382929149,0.0761557067954244,0.5846566575491696,0.5858395436119925,0.0224563162242302,0.606560634500151,-0.1595917804377485
2026-07-21 18:05:05.347,Set_A,SubD1.mp4,0,0.9595313060230848,0.8698535454791367,0.0707758053519684,-0.853276810339028,0.0253363622612993,-0.0865150461295321,-0.8126316327296187,-1.1319082467822934,0.0616099363033391,0.0005368920696522,0.3448404752314269,-0.0616099363033391,-0.0005368920696522,-0.3448404752314269,0.0997679771131916,0.5681717390485289,0.4469483821380168,0.0071466520472999,0.6080691381468791,-0.2570548796427011
2026-07-21 18:05:05.402,Set_A,SubD1.mp4,0,0.975210767554198,0.9548005995867836,0.087226652266956,-0.8198288238490351,-0.126221575086412,-0.1021801808183193,-0.7879567810824457,-1.0632328547085996,0.0606388277045382,-0.005482445859137,0.2790188363790333,-0.0606388277045382,0.005482445859137,-0.2790188363790333,0.0558344315810773,0.5246051661445328,0.6557901131547956,-0.0140679881861906,0.5407672041063862,0.1493677318128698
2026-07-21 18:05:05.457,Set_A,SubD1.mp4,0,0.9626282570062248,0.9796814320303678,0.1293851284837557,-0.879040806932564,-0.1114895178024472,-0.1172584873823768,-0.8590364824563259,-0.8779245920050528,0.0696568462624477,-0.0016372253455308,0.2580760607922249,-0.0696568462624477,0.0016372253455308,-0.2580760607922249,0.0528998749592926,0.559187391844807,0.6661966507690062,-0.050036570559538,0.5587397809922692,0.1008674475691175
2026-07-21 18:05:05.511,Set_A,SubD1.mp4,0,0.9893692238009648,0.9642793281285672,0.1392332762144252,-0.8301858168586758,-0.2940750085123663,-0.1383712906919036,-0.8116605561881373,-0.8480019347335712,0.0759798475878109,-0.008628438765463,0.2102645374648616,-0.0759798475878109,0.008628438765463,-0.2102645374648616,0.0475468705188062,0.57882113248818,0.5463559239037251,-0.0486765964698092,0.5938680785416035,0.1100083231230406
2026-07-21 18:05:05.567,Set_A,SubD1.mp4,0,0.9839812844604257,0.9880744847970242,0.1516624438140937,-0.8261057861334414,-0.2748556721121314,-0.1247262419094617,-0.8196425389444213,-0.8612723539176655,0.0726521916717034,-0.0035270673955431,0.2086913277490584,-0.0726521916717034,0.0035270673955431,-0.2086913277490584,0.0366285682424877,0.565161774519455,0.6485952917646172,-0.0525326061619212,0.581520813665965,0.2907695662371231
2026-07-21 18:05:05.622,Set_A,SubD1.mp4,0,0.9872421642257648,0.9874405484680688,0.1954305394954119,-0.854689123723836,-0.3978580169203655,-0.1274755502727036,-0.8603845907643731,-0.6287403823143881,0.0825027358919591,0.0033488449817346,0.1325789264112785,-0.0825027358919591,-0.0033488449817346,-0.1325789264112785,0.0410168436448702,0.5967844477464506,0.5390459233908153,-0.0583352695436171,0.5997931850868117,0.2117822367890327
2026-07-21 18:05:05.677,Set_A,SubD1.mp4,0,0.9980092632890628,0.98524227542055,0.1910271261988351,-0.7972171093373231,-0.5780077206077796,-0.1165721341645277,-0.7989560471237365,-0.6247755968498202,0.0816639530792978,-0.0019805526779838,0.0145027754634357,-0.0816639530792978,0.0019805526779838,-0.0145027754634357,0.0421456595817546,0.4985129435132375,0.4477619556383477,-0.0607710025980981,0.5290623418139615,0.4074991921320015
2026-07-21 18:05:05.732,Set_A,SubD1.mp4,0,0.9800942046052188,0.9655624144655796,0.2061486837911626,-0.8029910619626096,-0.6137834099000219,-0.1151600386327153,-0.8132547404701095,-0.5607252416521267,0.086704205265225,0.0040970161987374,-0.0269335981237061,-0.086704205265225,-0.0040970161987374,0.0269335981237061,0.0345083504187093,0.5416973793937526,0.3229665761103362,-0.0581656987893905,0.5325945691159188,0.3273794294182948
2026-07-21 18:05:05.788,Set_A,SubD1.mp4,0,0.9603907379688844,0.9548978843425678,0.2068183653489721,-0.783523351648275,-0.6568635458514718,-0.1033683069287391,-0.7891729636497187,-0.5743652652396934,0.0828821822351323,0.010828999258581,-0.03086652080624,-0.0828821822351323,-0.010828999258581,0.03086652080624,0.0455448008550488,0.5419770449136847,0.293795159682922,-0.0616283311289261,0.5383498603174091,0.3485820665356814
2026-07-21 18:05:05.842,Set_A,SubD1.mp4,0,0.9636203244969076,0.9565392820590204,0.2019547389810456,-0.7861459952252162,-0.6844617012917378,-0.1088170015804992,-0.783031388617176,-0.5520688077978895,0.0828013721614688,0.0095404604445121,-0.0517502901872505,-0.0828013721614688,-0.0095404604445121,0.0517502901872505,0.037910955469273,0.53025838466332,0.2879964222448474,-0.0555863102992842,0.5237302174312574,0.3717053549094719
2026-07-21 18:05:05.897,Set_A,SubD1.mp4,0,0.9590552621360502,0.961805097970041,0.1881102375696328,-0.7398605071121426,-0.7711174354589354,-0.1055000461496716,-0.7352024364379612,-0.5769793225072204,0.0751254007764685,0.0099040151400002,-0.0794677131862561,-0.0751254007764685,-0.0099040151400002,0.0794677131862561,0.0325594760108693,0.4721625694402295,0.2962679777290647,-0.0483093439586903,0.4818859263881317,0.4359578666065589
2026-07-21 18:05:05.951,Set_A,SubD1.mp4,0,0.965732484966941,0.9705101494505838,0.1842622001776531,-0.7302817270556482,-0.7577243651773273,-0.1092942658667077,-0.7321696109456893,-0.6044855646070827,0.0744281237813661,0.0079197580208694,-0.050654261705896,-0.0744281237813661,-0.0079197580208694,0.050654261705896,0.0254416674024252,0.4635192914758961,0.3822333205781801,-0.054526121831555,0.4546036307681817,0.438775014114739
2026-07-21 18:05:06.005,Set_A,SubD1.mp4,0,0.9614733199516584,0.963568818101259,0.1829670660116087,-0.7220669575732738,-0.7688894408046771,-0.1123559908996442,-0.7341663535715853,-0.600197342267752,0.0757863804186331,0.0066892243479948,-0.0524467866088683,-0.0757863804186331,-0.0066892243479948,0.0524467866088683,0.0310150008393696,0.4601121000983974,0.3628424838883795,-0.0562939856160239,0.431062060629115,0.4238682223686357
2026-07-21 18:05:06.059,Set_A,SubD1.mp4,0,0.9263754396723648,0.937831638921464,0.1916313458766578,-0.7150963355175963,-0.8111841031820696,-0.1093991713091814,-0.7326015521196758,-0.5662804864159658,0.0797082923578927,0.0091081651552835,-0.0639701452355116,-0.0797082923578927,-0.0091081651552835,0.0639701452355116,0.052376827921947,0.4909491689719646,0.2618006077919346,-0.0558936489906578,0.5094099707534623,0.3664083159796154
2026-07-21 18:05:06.114,Set_A,SubD1.mp4,0,0.9549722009829796,0.955556928318531,0.1958282359058226,-0.7594120714017327,-0.7570027596774717,-0.1267633598569806,-0.7629054700554735,-0.538288460808503,0.0901162954221273,0.0044797251291474,-0.0580447849900101,-0.0901162954221273,-0.0044797251291474,0.0580447849900101,0.0556004478847145,0.5195045265183291,0.3170977794093193,-0.069909082246161,0.5288606802801296,0.3926039487437054
2026-07-21 18:05:06.168,Set_A,SubD1.mp4,0,0.9652862699244424,0.9781419384561552,0.1826312780724815,-0.7771879870846347,-0.7793536765009003,-0.1388332001149136,-0.7723764745236005,-0.4843439565142143,0.0928367459353676,-0.0004606641727402,-0.0640034846809179,-0.0928367459353676,0.0004606641727402,0.0640034846809179,0.0664748290562392,0.5140603311723074,0.3370715549908488,-0.0771047913735764,0.5427821002762906,0.4179048700752709
2026-07-21 18:05:06.223,Set_A,SubD1.mp4,0,0.978624847630471,0.9907221776544982,0.1789491106215811,-0.7778632163070158,-0.7780919486007579,-0.1502293454048178,-0.776602362341536,-0.4800065928031805,0.0971325747453557,0.0001764274026906,-0.0657361702464284,-0.0971325747453557,-0.0001764274026906,0.0657361702464284,0.0748269191627214,0.5029145605025984,0.3791463296169293,-0.0768602189679511,0.5434464896171115,0.4631109843115087
2026-07-21 18:05:06.277,Set_A,SubD1.mp4,0,0.9681511694617656,0.967038365931846,0.1760863145236186,-0.7757447129542626,-0.785199601421526,-0.1537281436801951,-0.7627085136622037,-0.4925569410034853,0.0963122478367044,-0.003838777415459,-0.0713291183265939,-0.0963122478367044,0.003838777415459,0.0713291183265939,0.081615687059072,0.5116536740696829,0.3413783427037357,-0.0717533985611426,0.5600535573454705,0.3889796715279434
2026-07-21 18:05:06.333,Set_A,SubD1.mp4,0,0.9823291410737488,0.974828504666302,0.1641444520527999,-0.8132333854832768,-0.8238019530522346,-0.1622744147616303,-0.8130464736027498,-0.3403330575421825,0.0948514265066584,-0.0057821748986622,-0.1539062810834653,-0.0948514265066584,0.0057821748986622,0.1539062810834653,0.0738343259947201,0.487764386169805,0.3158171189423567,-0.0749741669958701,0.5420371056411625,0.4682620124193919
2026-07-21 18:05:06.387,Set_A,SubD1.mp4,0,0.9548275203121503,0.9536754168394908,0.1701845967342835,-0.8109822238590533,-0.7842266270059207,-0.1409556393756492,-0.832015575959931,-0.3558189413121633,0.088785032213485,8.741425811838123e-06,-0.1358150420593254,-0.088785032213485,-8.741425811838123e-06,0.1358150420593254,0.0916877782220534,0.4897635682673497,0.2557965469379812,-0.0562488527027854,0.504869344709244,0.4107709886797867
2026-07-21 18:05:06.442,Set_A,SubD1.mp4,0,0.9352760534384414,0.9425666687893164,0.1627666472294699,-0.8113180325261726,-0.8834775498835431,-0.1213026952788771,-0.8245801362872376,-0.2663563172301241,0.0782713083126993,0.0007408186634626,-0.2154247012812086,-0.0782713083126993,-0.0007408186634626,0.2154247012812086,0.0807070751083413,0.4888684253393057,0.0294042570311641,-0.0602685863990812,0.480182740705945,0.342493130674193
2026-07-21 18:05:06.497,Set_A,SubD1.mp4,0,0.9281306363216952,0.94675874401644,0.1637720405658818,-0.82141513930166,-0.9048046068203796,-0.1314294244917941,-0.8229756724419053,-0.233146540390617,0.0772316857718008,-0.0016438596055273,-0.2472056412423393,-0.0772316857718008,0.0016438596055273,0.2472056412423393,0.0630554645183941,0.5479009185701302,-0.1021669964805093,-0.0549360357101761,0.5285131170690098,0.4410830052655333
2026-07-21 18:05:06.551,Set_A,SubD1.mp4,0,0.9243908498331506,0.9230053833455896,0.1845604881414929,-0.8756020629742066,-0.8635636761845524,-0.1308676342967976,-0.8742337970829733,-0.1034893421675756,0.075264702725835,0.0073616833967437,-0.2897523902823624,-0.075264702725835,-0.0073616833967437,0.2897523902823624,0.0609841488452285,0.6232032543066057,-0.1521799869268384,-0.0223755445644303,0.5685678787038766,0.5343028927724892
2026-07-21 18:05:06.605,Set_A,SubD1.mp4,0,0.9280195993178634,0.923171721049709,0.1957588555636383,-0.8850931637081253,-0.8671587511430058,-0.1317187101119418,-0.8780031228242242,-0.0748552318669941,0.0773140112221671,0.0083167882235939,-0.3034976699810539,-0.0773140112221671,-0.0083167882235939,0.3034976699810539,0.0453977516386618,0.6361270971577894,-0.1302217469158757,-0.0096450343999088,0.6009354337488326,0.5780087951186985
2026-07-21 18:05:06.660,Set_A,SubD1.mp4,0,0.9304346069086212,0.9186078811072348,0.1979005797214916,-0.9113102212182668,-0.8052716465653681,-0.1254500011143555,-0.9106450359801044,-0.0164521235829153,0.0760631348470278,0.0124146428003566,-0.3028293533529944,-0.0760631348470278,-0.0124146428003566,0.3028293533529944,0.0292715425507247,0.6820692744852899,-0.1987173693591342,-0.0056501736420541,0.6135840275630677,0.540057653452193
2026-07-21 18:05:06.715,Set_A,SubD1.mp4,0,0.9223804890623444,0.917579251898522,0.19798274975577,-0.893410636747933,-0.8450029506930303,-0.1304112210689775,-0.9097801555035674,-0.0175149072382333,0.0707879019011142,0.0152501235383358,-0.3028991468728932,-0.0707879019011142,-0.0152501235383358,0.3028991468728932,0.021947698400697,0.6750213289633479,-0.2197020273389341,-0.0048013160077501,0.595693968765112,0.6171646759972685
2026-07-21 18:05:06.770,Set_A,SubD1.mp4,0,0.9204279852380098,0.9250322369326666,0.1780862369497105,-0.8960362446880884,-0.8481557409263052,-0.1324866576364686,-0.9191475773132094,0.0096878699191832,0.0694915500896997,0.0028337351446204,-0.3047944890523711,-0.0694915500896997,-0.0028337351446204,0.3047944890523711,0.0171981215839168,0.6690784640858481,-0.2567011244477251,-0.0054022263029947,0.5902728476760484,0.4942061269550988
2026-07-21 18:05:06.824,Set_A,SubD1.mp4,0,0.906841128669693,0.9285467726954568,0.1855088582786702,-0.8868517413679403,-0.8080887500640311,-0.1245880722813644,-0.9252286079820298,-0.0360993008660689,0.0681223632512508,0.0058056075846239,-0.2809669216818879,-0.0681223632512508,-0.0058056075846239,0.2809669216818879,0.0077249804681887,0.7072424436007329,-0.2810197915561727,0.0156409416131153,0.6162218730203318,0.5480608075691048
2026-07-21 18:05:06.879,Set_A,SubD1.mp4,0,0.8964928981076175,0.9206930847881512,0.1917846538201424,-0.9155339580741064,-0.8242596515626319,-0.1209345851421438,-0.9462968291479174,0.0972339384543934,0.0722191985760089,0.0091834966540011,-0.3370456305353155,-0.0722191985760089,-0.0091834966540011,0.3370456305353155,0.0030701269130415,0.7274838775622426,-0.4481653213586913,0.0232695109766124,0.6413558147609593,0.6340478279973998
2026-07-21 18:05:06.933,Set_A,SubD1.mp4,0,0.9148810185782672,0.9257928763568052,0.1809589050551916,-0.9608725125038574,-0.7262425378245055,-0.1249167372634907,-0.9671079315854644,0.1973279108398201,0.0698565894602421,0.0051383158550711,-0.3490662463618576,-0.0698565894602421,-0.0051383158550711,0.3490662463618576,-0.0091132093294569,0.6948202809844948,-0.4607698896081867,0.0240630361959145,0.65734215663647,0.5660312210640742
2026-07-21 18:05:06.987,Set_A,SubD1.mp4,0,0.9230309232279952,0.9265975960760024,0.1624107302951354,-0.9370361147702724,-0.8635518017909467,-0.1046517423531635,-0.9389323699272072,0.1726059690849658,0.0536064418050026,0.0112482105951768,-0.3629081102735536,-0.0536064418050026,-0.0112482105951768,0.3629081102735536,-0.0079254423108915,0.652501931410142,-0.3117197968808408,0.0259634697583187,0.6083664596552647,0.6421096993355235
2026-07-21 18:05:07.040,Set_A,SubD1.mp4,0,0.9502657675799132,0.922304458848748,0.1515745798792759,-0.910785649408802,-0.8915546898855724,-0.098848068749989,-0.9373325977554252,0.1288759504921385,0.048607522403984,0.0101208692140775,-0.3391082646505335,-0.048607522403984,-0.0101208692140775,0.3391082646505335,-0.0017379912460094,0.6592872489063621,-0.1112351682027995,0.011015210203185,0.5848941170950878,0.7228473352397934
2026-07-21 18:05:07.095,Set_A,SubD1.mp4,0,0.9444763973432082,0.9268250286785334,0.1176457500833163,-0.9025743411950944,-0.9565306818275128,-0.0654546599609922,-0.9106145542302287,0.114139965106264,0.040025289035629,0.0123246177614679,-0.3360871101309119,-0.040025289035629,-0.0123246177614679,0.3360871101309119,0.0095232944980585,0.6358674128614339,-0.0825776126932348,-0.0009788939954065,0.556570659246483,0.65432683980995
2026-07-21 18:05:07.149,Set_A,SubD1.mp4,0,0.9561562533892072,0.9283694723457292,0.0693900326809467,-0.9415741277481838,-0.9003300853303395,-0.0393843278382118,-0.930684914210686,0.1976596522821395,0.0241465657859453,0.0101447996390357,-0.3396990087626646,-0.0241465657859453,-0.0101447996390357,0.3396990087626646,0.0180843611149793,0.6167483550574124,-0.0638115590265719,-0.0199073110572147,0.5393501122413561,0.6777264866827112
2026-07-21 18:05:07.204,Set_A,SubD1.mp4,0,0.94560186389895,0.9381566003583266,0.0718018501895807,-0.9216196394675412,-0.9408224838153464,-0.0562580699899456,-0.9219619135075372,0.1656028707848809,0.0459609373588952,0.0061133687525165,-0.3322645255877853,-0.0459609373588952,-0.0061133687525165,0.3322645255877853,0.0539917868368387,0.6156882010807375,-0.1015548021911852,-0.0394484043308521,0.5251503445519224,0.607943104572039
2026-07-21 18:05:07.259,Set_A,SubD1.mp4,0,0.9647469790329756,0.9189811359156596,0.0633648681437504,-0.9112795855479632,-0.9710547983236432,-0.0594776862495638,-0.9238990417555424,0.176004928375007,0.0560734590867562,0.0151892281485759,-0.330911658597597,-0.0560734590867562,-0.0151892281485759,0.330911658597597,0.0537422969677313,0.5840383640434271,-0.014618586948781,-0.0944722842385775,0.4746349305908542,0.7014714670023321
2026-07-21 18:05:07.314,Set_A,SubD1.mp4,0,0.9283985585983966,0.911902134480279,0.0511748444206981,-0.8808701241358861,-1.0375746893232316,-0.0631944076228735,-0.9072027360982492,0.1416667830100063,0.0564259224659787,0.0131778892415755,-0.3358704644974573,-0.0564259224659787,-0.0131778892415755,0.3358704644974573,0.0716234571095853,0.5747800921709852,-0.0712043064369947,-0.135566915571271,0.4620428918162607,0.7622525071507241
2026-07-21 18:05:07.368,Set_A,SubD1.mp4,0,0.8668051486775596,0.8835094536586007,0.0118804490672585,-0.8481929019265444,-1.0895007248049866,-0.0689119533284699,-0.8767124330570858,0.0788331271910561,0.0544880919582966,0.01001623932972,-0.3471656051172803,-0.0544880919582966,-0.01001623932972,0.3471656051172803,0.0658771256877555,0.5792193838838142,-0.2916672483973124,-0.1867167531718963,0.4600840853706991,0.6875614225419574
2026-07-21 18:05:07.423,Set_A,SubD1.mp4,0,0.8811167724073998,0.9043163277036724,-0.0050221353221639,-0.8587924901300137,-1.1075344727479637,-0.0454541172862164,-0.882641017874304,0.1252608422750738,0.0331566183835428,0.0130880692036512,-0.3481262465529322,-0.0331566183835428,-0.0130880692036512,0.3481262465529322,0.067389576622749,0.5902261450356329,-0.2144733583097078,-0.20363432784161,0.4679311817084726,0.582934188739853
2026-07-21 18:05:07.478,Set_A,SubD1.mp4,0,0.8645326927267558,0.8707190821007065,-0.0161679950299871,-0.8764759262152717,-1.0948774915756507,-0.0466228032782963,-0.8911510206859049,0.1613078411281687,0.036805310039812,0.0088912775154145,-0.3576308848331729,-0.036805310039812,-0.0088912775154145,0.3576308848331729,0.0815560105692408,0.5978806473745801,-0.3362302476186388,-0.2170540622087861,0.4596316397073584,0.4427917751156338
2026-07-21 18:05:07.535,Set_A,SubD1.mp4,0,0.899031443761356,0.8947668737087098,-0.0337591121620888,-0.797876508363552,-1.2007570204900595,-0.0306410358425639,-0.8548558684623166,0.0763334741657689,0.0220991770741937,0.0124103086056892,-0.3654598907439729,-0.0220991770741937,-0.0124103086056892,0.3654598907439729,0.0954194348094628,0.5913797021522373,-0.1235375534800733,-0.2008531137267699,0.448975768484158,0.539664589961676
2026-07-21 18:05:07.593,Set_A,SubD1.mp4,0,0.8989023675335924,0.9205745243635658,-0.0547868820359525,-0.8308382395557463,-1.196776395930596,-0.0246242332141664,-0.8860987896453989,0.1741224405123034,0.0105346996953079,0.0126437462025612,-0.3839476880196125,-0.0105346996953079,-0.0126437462025612,0.3839476880196125,0.0958256185158835,0.6509419628232929,-0.1448377156015262,-0.2099529775657729,0.469167742505797,0.4816111711117436
2026-07-21 18:05:07.648,Set_A,SubD1.mp4,0,0.8932640611896365,0.9101373457070429,-0.0508948572154707,-0.7719194566080884,-1.2300299878173089,-0.0251255304067518,-0.8520080493094976,0.0650920683597715,0.0262168686765719,0.021256054881768,-0.3521805813350322,-0.0262168686765719,-0.021256054881768,0.3521805813350322,0.1160001150664884,0.5927815790718988,-0.1119242574435708,-0.1937879582110717,0.4536542939363786,0.3725807888289751
2026-07-21 18:05:07.703,Set_A,SubD1.mp4,0,0.9282077117084012,0.948065423130266,-0.0704342541212905,-0.8348070515813619,-1.1787773714034986,-0.0092037383251953,-0.8900034090564714,0.1694772846932083,-0.0007898880322002,0.0171360963235622,-0.371258598640808,0.0007898880322002,-0.0171360963235622,0.371258598640808,0.1084744595220201,0.5994137841604278,-0.0150875665000137,-0.1950594555017044,0.515937429557469,0.4064908446520696
2026-07-21 18:05:07.759,Set_A,SubD1.mp4,0,0.9221194202458036,0.93169402172019,-0.0426159571818693,-0.8234149574907411,-1.1927067633099726,0.0029998712441859,-0.8383279679077502,0.0804833075138621,0.0278379158703242,0.0126135155192425,-0.3580161123923788,-0.0278379158703242,-0.0126135155192425,0.3580161123923788,0.1330122685820967,0.5476155589690878,0.0280917875045207,-0.1667895422506756,0.4778455676329964,0.5728010844975902
2026-07-21 18:05:07.814,Set_A,SubD1.mp4,0,0.9190538583965676,0.9432775291681128,-0.0285562886469584,-0.8054427718623637,-1.2084318945435053,0.0065458969308221,-0.8466236391103914,0.0814038929427894,0.0195584092603921,0.0182504076071317,-0.3704157235433021,-0.0195584092603921,-0.0182504076071317,0.3704157235433021,0.1347019082614188,0.5385035768800935,-0.0353919060768402,-0.1540655607147591,0.4805191899852882,0.3953853128067043
2026-07-21 18:05:07.868,Set_A,SubD1.mp4,0,0.9528876145466044,0.938513785714456,-0.0254729930960964,-0.878076532840533,-1.1043409092923455,0.0456957719351874,-0.9216913319785728,0.2323164417568856,-0.0080048696692953,0.0155309705137846,-0.3771556808565824,0.0080048696692953,-0.0155309705137846,0.3771556808565824,0.1027588341202088,0.5934919909319449,0.0708870389095724,0.01076236363193,0.6079752209740525,0.5723679526462565
2026-07-21 18:05:07.922,Set_A,SubD1.mp4,0,0.9179979147120038,0.9612967109891268,-0.0269329331610563,-0.8734887252300861,-1.11549224590745,0.0531239611560095,-0.9161454158303274,0.2230104975206696,-0.0130925803454149,0.0149247232592506,-0.3945413844665384,0.0130925803454149,-0.0149247232592506,0.3945413844665384,0.1152346249931227,0.5818548369952214,0.0947137095219284,-0.0984961327461064,0.5409097007688104,0.561753993478768
2026-07-21 18:05:07.976,Set_A,SubD1.mp4,0,0.9415561056654468,0.9692729272612292,-0.0118187570395839,-0.9093319000926452,-1.0270790472496698,0.0425005938054371,-0.9409644602006756,0.2684869276109514,-0.0149043601842645,0.0125152296216008,-0.3909548577714249,0.0149043601842645,-0.0125152296216008,0.3909548577714249,0.0740335047594252,0.5694713424342601,0.0588704882432417,-0.0402571867368569,0.559957373893012,0.5224370565294115
2026-07-21 18:05:08.031,Set_A,SubD1.mp4,0,0.9364077898154776,0.970952222417403,-0.0226897068780485,-0.8928048146862974,-1.1177483114578466,0.0485745602880859,-0.9076832651244252,0.2473618175234346,-0.0161635361345768,0.0102827066354748,-0.4036061658620408,0.0161635361345768,-0.0102827066354748,0.4036061658620408,0.0394334438133933,0.6198147411326933,-0.0406960646074546,-0.0598116754755207,0.5583041282641414,0.6127350903849789
2026-07-21 18:05:08.084,Set_A,SubD1.mp4,0,0.916511464401766,0.9408131106374674,0.0196717043619782,-0.9450766566652328,-1.045405180386397,-0.0153545180349078,-0.923181639709424,0.3315478417468883,0.0116578375859265,-0.0054169162341245,-0.4239788435441426,-0.0116578375859265,0.0054169162341245,0.4239788435441426,-0.0286380143003655,0.7062769711145106,-0.2706144981238502,-0.0320654752635308,0.6584089458836668,0.7198715751826219
2026-07-21 18:05:08.139,Set_A,SubD1.mp4,0,0.919053355759148,0.9275780828006844,-0.0033531670930588,-0.9753094971250114,-0.9638464483030686,-0.0146587974834071,-0.9481449468354686,0.4161251951635025,-0.0107011916797221,-0.0023612764739172,-0.4226793038379339,0.0107011916797221,0.0023612764739172,0.4226793038379339,-0.0591452119186529,0.7037175542630155,-0.2049151087420774,-0.0149132076422109,0.6659735240363901,0.6350965080961796
2026-07-21 18:05:08.193,Set_A,SubD1.mp4,0,0.9231746602840588,0.9506665307832634,-0.0131811980430931,-0.9609297703952938,-0.9637883358393582,-0.0074873830496949,-0.9473665346795226,0.3654756903157881,-0.0038029000140932,0.0035417293263581,-0.4078879969991853,0.0038029000140932,-0.0035417293263581,0.4078879969991853,-0.0512614849857443,0.6600928248746284,-0.2139630650909143,-0.044105832809589,0.6195396647535477,0.6568183300019729
2026-07-21 18:05:08.247,Set_A,SubD1.mp4,0,0.9459219419671918,0.943761226491102,0.0110443128445124,-0.9227197659010492,-1.0478659536574342,0.0024059054179848,-0.9085830197112524,0.2440318917781704,0.0011422820506258,0.0017568742105779,-0.3841892194601676,-0.0011422820506258,-0.0017568742105779,0.3841892194601676,-0.0485300894881269,0.660406231665026,-0.0346835028341765,-0.0285232559387041,0.6001671879025353,0.7321895981806364
2026-07-21 18:05:08.302,Set_A,SubD1.mp4,0,0.951323201293366,0.9413649905866246,0.0320550263562153,-0.8901787786979098,-1.0594526538777105,-0.0136447980476995,-0.8874496058836414,0.1431020715001943,0.0267824734196827,0.0034925980314955,-0.3523235741346633,-0.0267824734196827,-0.0034925980314955,0.3523235741346633,-0.0159736028396081,0.6427540820831453,0.0574992403455099,-0.0545938119436117,0.5589746748511406,0.7700975543871579
2026-07-21 18:05:08.356,Set_A,SubD1.mp4,0,0.9468020536876522,0.9455678256021636,0.0212934665951751,-0.9248645132569178,-0.9900486207722362,0.0066497220625597,-0.9296035657239052,0.2416053548870965,-7.681716614262716e-05,0.0050280613133766,-0.3601293624661735,7.681716614262716e-05,-0.0050280613133766,0.3601293624661735,-0.0499963266541483,0.5754805225242624,-0.0624968791381693,0.0045800661190284,0.5637614971451921,0.6340728750291359
2026-07-21 18:05:08.412,Set_A,SubD1.mp4,0,0.9372300718388984,0.928164184901512,0.0402787479940209,-0.9360318322312352,-0.993210222982436,-0.0123327815062551,-0.9129216436109184,0.231245612827684,-0.0022832177831266,0.0065722617380331,-0.3549955522898684,0.0022832177831266,-0.0065722617380331,0.3549955522898684,-0.114708551835429,0.5525894760883597,0.0708500472956207,0.0297511790834826,0.5725935597570684,0.7232399981975167
2026-07-21 18:05:08.466,Set_A,SubD1.mp4,0,0.922597525619481,0.921334792835725,0.0621033120626278,-0.984226363605442,-0.9042608204602852,-0.0173861122368877,-0.9495801657769548,0.395937420489604,0.0097950527453616,0.0037732704941277,-0.3753543232365889,-0.0097950527453616,-0.0037732704941277,0.3753543232365889,-0.1211731464060675,0.6172709797579682,-0.1102417670482696,0.0374142012377301,0.596457597453108,0.6045226889854348
2026-07-21 18:05:08.520,Set_A,SubD1.mp4,0,0.9335365124955436,0.9688136359369256,0.0483340756521732,-0.9602690254244576,-0.9586291314339948,-0.0058707578509446,-0.9382280073175322,0.331009913029099,0.024872613886939,0.0067866378876067,-0.3732115537827151,-0.024872613886939,-0.0067866378876067,0.3732115537827151,0.0635851374655619,0.6359935683497171,-0.1906788194398155,-0.0943285092034456,0.636920730966541,0.515562830682032
2026-07-21 18:05:08.574,Set_A,SubD1.mp4,0,0.9225682347738005,0.8864254953338521,0.0537162968424345,-0.9740523811600876,-0.9021174665750756,-0.0004690944707218,-0.9471753742594522,0.3489008297634355,0.0116251504423688,0.0070617249769302,-0.3612951367592165,-0.0116251504423688,-0.0070617249769302,0.3612951367592165,-0.1047413009034878,0.6025902993470188,-0.0833367736918025,0.0879642751270824,0.5842063025365568,0.6349731862629765
2026-07-21 18:05:08.629,Set_A,SubD1.mp4,0,0.9309628913228296,0.891792974655301,0.0446324785355614,-0.974778224533015,-0.869596588820618,0.0061288461958328,-0.9499996287836624,0.3286220022704201,0.0145493196341526,0.0085346725101041,-0.3443073749213902,-0.0145493196341526,-0.0085346725101041,0.3443073749213902,-0.0578603750071726,0.596787430763904,-0.1081697939209388,0.0924708275948463,0.5679048262068945,0.5632895447386477
2026-07-21 18:05:08.684,Set_A,SubD1.mp4,0,0.8902367284989459,0.8776824101479102,0.0474453480445583,-0.9769331038379429,-0.8725103026324261,-0.004778213699564,-0.95486508146017,0.3564334799347737,0.0013510833722721,0.012636295260824,-0.3511119526698095,-0.0013510833722721,-0.012636295260824,0.3511119526698095,-0.135935744873796,0.5809903973766478,-0.0702656479899511,0.1262120685397766,0.5551833303174707,0.59255387336272
2026-07-21 18:05:08.739,Set_A,SubD1.mp4,0,0.9418857764282764,0.8697886803794189,0.061928642405397,-0.9739899269327208,-0.8548833235038381,-0.0072107697606002,-0.9552208485811956,0.3303342428124104,0.0081103402951727,0.0088306904790271,-0.3381835573387146,-0.0081103402951727,-0.0088306904790271,0.3381835573387146,-0.0817819625837556,0.5889449968075469,0.0006989206537274,0.134647175824262,0.5626638602901587,0.5841153180682797
2026-07-21 18:05:08.793,Set_A,SubD1.mp4,0,0.9065261570796695,0.8673383204180065,0.0485138394534238,-0.9539159874244176,-0.9273796114506002,0.0162625371030195,-0.9480096855579732,0.3121700898315851,-0.0104869287057529,0.0130672284451107,-0.3586270552601148,0.0104869287057529,-0.0130672284451107,0.3586270552601148,-0.1185049180219583,0.6017497238880566,0.0045025250276237,0.1207840687201179,0.5395617950428648,0.659869675915574
2026-07-21 18:05:08.848,Set_A,SubD1.mp4,0,0.9351723918424129,0.8656030284778798,0.0536484972088172,-0.9331739568138312,-0.9559778407283468,0.0363966253544707,-0.9352291032891183,0.2481912338329522,-0.0118328506442285,0.0201559442309423,-0.3549884642774881,0.0118328506442285,-0.0201559442309423,0.3549884642774881,-0.087319697523027,0.5371460452445487,0.0212423725995056,0.1013328257899144,0.4980239948498171,0.6723085330962408
2026-07-21 18:05:08.902,Set_A,SubD1.mp4,0,0.9366976197310574,0.8823206186739998,0.0445680926967216,-0.9475183121014116,-0.9521409793198348,0.030429199820314,-0.9279527547200944,0.2615009257242476,-0.00482079146703,0.0078860081007121,-0.3713253998586509,0.00482079146703,-0.0078860081007121,0.3713253998586509,-0.0722578492811867,0.6259744024624689,-0.0323570718451243,0.0837073927206081,0.5664194238236233,0.6243542937028431
2026-07-21 18:05:08.956,Set_A,SubD1.mp4,0,0.93114842591042,0.8853387956475243,0.0512241837343696,-0.9422031003112148,-1.0126662537499864,0.0181103536423603,-0.9170439984024148,0.2789136061556447,0.0083413544523553,0.0089698284944728,-0.3956241825227805,-0.0083413544523553,-0.0089698284944728,0.3956241825227805,-0.0471578394723681,0.6329106693521154,-0.1786253602632406,0.0384311794212992,0.581376788401299,0.6523518254455595
2026-07-21 18:05:09.010,Set_A,SubD1.mp4,0,0.9362735361980082,0.9144284542917648,0.0514917827295025,-0.9520919741676692,-0.9723905520759808,0.0318503959668681,-0.9433256805160132,0.3395825278193735,0.0064402817197721,0.0108790083828191,-0.4070421083922305,-0.0064402817197721,-0.0108790083828191,0.4070421083922305,-0.0260973295697698,0.6777863267058348,-0.2371278219600011,0.0224115267046387,0.5940287887359135,0.5865372352482227
2026-07-21 18:05:09.065,Set_A,SubD1.mp4,0,0.9441435882984592,0.9451972065781624,0.0212600207658705,-0.9162690239550808,-1.0185482906337235,0.0204982341477371,-0.918124378182626,0.2227737658214373,-0.0038842386446082,0.0093154373434773,-0.3740328054970633,0.0038842386446082,-0.0093154373434773,0.3740328054970633,-0.0200273795454525,0.588586026837455,-0.0675086275626916,-0.0095865685200909,0.5315119007315202,0.7164176139225465
2026-07-21 18:05:09.120,Set_A,SubD1.mp4,0,0.9172522655868862,0.9728450296942226,-0.0092633328134564,-0.8729577195376521,-1.1041858614604696,0.0136693415014445,-0.8789273557857157,0.1393650128327677,-0.0025872344998198,0.0107554239357488,-0.3876360851135632,0.0025872344998198,-0.0107554239357488,0.3876360851135632,-0.0348021590417243,0.6160436645219918,-0.0649689904020922,-0.0526549514247209,0.5250343724949644,0.7110819284674252
2026-07-21 18:05:09.175,Set_A,SubD1.mp4,0,0.990272774775155,0.8896140380642226,-0.002083270365739,-0.9188069109856416,-0.9835995981369978,0.0483557027001208,-0.917883377748686,0.1933922549194895,-0.0139502677965917,0.0030303340665379,-0.3465518567306786,0.0139502677965917,-0.0030303340665379,0.3465518567306786,-0.0024569101514791,0.5604487376938462,0.1675152080757046,0.0111898596242045,0.5106996418577343,0.872742224920016
2026-07-21 18:05:09.230,Set_A,SubD1.mp4,0,0.9319891088875708,0.9319837963813284,-0.0030457583613583,-0.9114721739494476,-1.0268821873253633,0.0333891398384448,-0.9204502916361116,0.2249224880365143,0.0077160578881644,0.0068817828882563,-0.3673599986182805,-0.0077160578881644,-0.0068817828882563,0.3673599986182805,0.0333195774873464,0.615441623093441,-0.0713306899471148,-0.1025785988778972,0.4977181488957912,0.710423729303429
2026-07-21 18:05:09.284,Set_A,SubD1.mp4,0,0.9944330839141589,0.902561849462948,-0.0162725837675855,-0.903249791874173,-1.0154988893659629,0.0484211493650974,-0.9460649446560088,0.254577424967483,-0.0251082546607178,0.0090590335957791,-0.3518857936287617,0.0251082546607178,-0.0090590335957791,0.3518857936287617,-0.0092297666574096,0.5667311681404074,0.1753204945288716,-0.0102178255131574,0.5436947356872001,0.8282588775977375
2026-07-21 18:05:09.338,Set_A,SubD1.mp4,0,0.9634082388604496,0.914271184740386,-0.0189429992329115,-0.8422368200798013,-1.0922159145017447,0.0523454688054119,-0.9037683378594724,0.117356815207949,-0.0056850291621788,0.0199473999613633,-0.3371962387750307,0.0056850291621788,-0.0199473999613633,0.3371962387750307,0.069900029539713,0.5578307008455242,0.1740603562100265,-0.1233072805925422,0.4392009853504101,0.8408384257382193
2026-07-21 18:05:09.393,Set_A,SubD1.mp4,0,0.927065674665883,0.8977772363994068,-0.0081483024773304,-0.9023707001066444,-1.1063875877272913,0.0352729100450851,-0.9274018671099572,0.2994200493926551,0.0028900865027143,0.0219146585873856,-0.3928153603283922,-0.0028900865027143,-0.0219146585873856,0.3928153603283922,0.0925069817617143,0.643814514318617,-0.0959596854272307,-0.1565146285746737,0.5010362553824895,0.7942128648382205
2026-07-21 18:05:09.447,Set_A,SubD1.mp4,0,0.958286453710636,0.8543841695392124,-0.0184253150149977,-0.9096863760801104,-1.0041661383390772,0.0442331959935097,-0.9443212911282012,0.2545065334434991,-0.0045103993019561,0.0195879022209978,-0.3524047876428203,0.0045103993019561,-0.0195879022209978,0.3524047876428203,0.0895059516720069,0.5447190607526284,0.1681935613692718,-0.1415122917068923,0.4232703167011321,0.9195154289089652
2026-07-21 18:05:09.502,Set_A,SubD1.mp4,0,0.9669974691187176,0.8696663078155185,-0.014502244212367,-0.9336538206999724,-0.993791631922622,0.0357165973013349,-0.9628672974943566,0.3591597705526235,0.0030474602719624,0.0225640175001524,-0.3841851501406163,-0.0030474602719624,-0.0225640175001524,0.3841851501406163,0.1196689148167901,0.5915226524562309,0.1059411379370318,-0.1488618994881024,0.4535387071083195,0.812602704360555
2026-07-21 18:05:09.557,Set_A,SubD1.mp4,0,0.9365173829055328,0.8678761667715345,-0.0320772656029186,-0.8973041660358374,-1.052817167467696,0.0506037365672279,-0.9482825882780734,0.2824495265489901,-0.0051621630056583,0.0236028625503874,-0.3978028238163298,0.0051621630056583,-0.0236028625503874,0.3978028238163298,0.1195893313060429,0.5701956328383164,0.254632325770433,-0.132656786093842,0.452433808729862,0.9280364859669362
2026-07-21 18:05:09.611,Set_A,SubD1.mp4,0,0.922095008161678,0.9090683399162393,-0.019256356804578,-0.8778398752844707,-1.130554087661513,0.061251578326419,-0.931295763250066,0.2789293799682915,5.724648605779127e-05,0.0240496090854477,-0.4215457091887112,-5.724648605779127e-05,-0.0240496090854477,0.4215457091887112,0.1132584496421208,0.6203949814361451,-0.0859761054678596,-0.139348115321628,0.5265155482022953,0.8840459948607513
2026-07-21 18:05:09.667,Set_A,SubD1.mp4,0,0.9246077896535227,0.8994140921016224,-0.0251012166499415,-0.9021037888038214,-1.0347908785148294,0.0803881546634229,-0.9493707213096392,0.2804796079605483,-0.0074357893831756,0.0202546846028979,-0.3903591049220529,0.0074357893831756,-0.0202546846028979,0.3903591049220529,0.1204595011974018,0.5686106306882797,-0.0200550043137071,-0.1144007983697659,0.5086443868169406,0.8692750332210145
2026-07-21 18:05:09.722,Set_A,SubD1.mp4,0,0.929938286017298,0.8957227717379618,-0.0341121329758183,-0.9151680687125836,-1.063645146739528,0.0516018755755342,-0.94114074579999,0.3194598915330577,-0.0060861883879679,0.0175301899147511,-0.4142684384227471,0.0060861883879679,-0.0175301899147511,0.4142684384227471,0.0819009592683596,0.5901858648104629,-0.1289713097921029,-0.0970054428058231,0.5508963137208862,0.9181243629685022
2026-07-21 18:05:09.776,Set_A,SubD1.mp4,0,0.9211069253119152,0.904906114212772,-0.0487024506842365,-0.909024400741727,-1.0738417114753775,0.0453489565685212,-0.956094054253328,0.3518154633970444,-0.0231540961409056,0.0121491964325754,-0.4376066286443258,0.0231540961409056,-0.0121491964325754,0.4376066286443258,0.0033527363590734,0.6369633290613776,-0.2632763989323858,-0.0702641633400675,0.5960192118514273,0.8497689890395853
2026-07-21 18:05:09.831,Set_A,SubD1.mp4,0,0.9398425030460428,0.9211622301825598,-0.0535142575205972,-0.8817487757921334,-1.0893091103824275,0.0568404215476953,-0.9403428201126875,0.2647054766492948,-0.0232609715396159,0.0189490304056298,-0.4315252833168171,0.0232609715396159,-0.0189490304056298,0.4315252833168171,-0.0217247799824846,0.6653096733570714,-0.1899584523055752,-0.057658122990892,0.605842902822469,0.8453927633412661
2026-07-21 18:05:09.885,Set_A,SubD1.mp4,0,0.9269211328153412,0.9359838035594724,-0.0390086984853477,-0.8755228771742313,-1.13758688631101,0.057868366476132,-0.911405554383423,0.2395161243917837,-0.0297986634978714,0.0156613315365786,-0.4246027666002374,0.0297986634978714,-0.0156613315365786,0.4246027666002374,-0.0378457856333776,0.6616467024657661,-0.1887650552420777,-0.0478660441151668,0.6017782139342931,0.8094122924847212
2026-07-21 18:05:09.939,Set_A,SubD1.mp4,0,0.9316777357999948,0.9577046030559528,-0.044285875571329,-0.8894719559369403,-1.100022820752081,0.0466929237465008,-0.9184579329159588,0.2448130668838112,-0.0316773281312202,0.0113852136381505,-0.4117951510000072,0.0316773281312202,-0.0113852136381505,0.4117951510000072,-0.0654953645066657,0.6827867973965687,-0.1320640315092464,-0.0442617010046373,0.6301909984644559,0.7498023476326406
2026-07-21 18:05:09.994,Set_A,SubD1.mp4,0,0.8926665206067208,0.970438443192718,-0.0427814219111097,-0.9000747133712913,-1.118120222742953,0.0322691339606965,-0.916381652357704,0.2812356648709257,-0.0242188057736682,0.0131563203089483,-0.4369696889825099,0.0242188057736682,-0.0131563203089483,0.4369696889825099,-0.0812944188023979,0.6461995185615728,-0.2420504669025969,-0.0715498868770721,0.5962389974387714,0.6219270900871242
2026-07-21 18:05:10.048,Set_A,SubD1.mp4,0,0.8719156706805558,0.9698379101354762,-0.0327914261582266,-0.8963967248809405,-1.0737107059694255,0.0053814098862238,-0.8994636490210332,0.1938617368522069,-0.0176115515891418,0.0098752509539024,-0.4044470163790246,0.0176115515891418,-0.0098752509539024,0.4044470163790246,-0.108735227741262,0.6425595872795777,-0.2440448552192544,-0.0385227333100917,0.5890995770733206,0.6542914355418423
2026-07-21 18:05:10.102,Set_A,SubD1.mp4,0,0.899250534594866,0.9606490311576464,-0.0159305901382802,-0.953645621989912,-0.9810404029767632,-0.0031937307099469,-0.9496096725237484,0.3668307121888255,-0.0167271152600086,0.000929133135828,-0.4052100543436213,0.0167271152600086,-0.000929133135828,0.4052100543436213,-0.127122059146009,0.674109156119771,-0.2444634002150364,-0.0186425643525595,0.639256402191795,0.6116100431041203
2026-07-21 18:05:10.157,Set_A,SubD1.mp4,0,0.8779212352403846,0.9057585246258226,-0.0153923455367003,-0.9284687981150866,-1.013669438459788,0.0035318216177235,-0.9410179213490526,0.3031212460621308,-0.0184966248043447,0.017438112695681,-0.3801390640510648,0.0184966248043447,-0.017438112695681,0.3801390640510648,-0.1725043079845549,0.5490975329723747,0.0226079718477386,0.0087572297719547,0.5486072712760091,0.8173417532326378
2026-07-21 18:05:10.211,Set_A,SubD1.mp4,0,0.8910520409606107,0.9003843878360231,-0.0076209727545111,-0.9303482438885782,-0.9722226938647976,0.0240127428126509,-0.9452080296451296,0.2779461101586261,-0.021017432339243,0.0145055034349614,-0.3638638344086679,0.021017432339243,-0.0145055034349614,0.3638638344086679,-0.1683154051277015,0.5621698991523351,0.070956464645085,0.0508074142777701,0.5434295750172152,0.8299550043542222
2026-07-21 18:05:10.265,Set_A,SubD1.mp4,0,0.8840458188598603,0.894272156995674,0.002838305414498,-0.90318009794959,-0.9967705272485426,0.0252075335479047,-0.9261349502398486,0.1887978263578713,-0.0239713883896719,0.0133588136140397,-0.340437842658787,0.0239713883896719,-0.0133588136140397,0.340437842658787,-0.1584272481283316,0.5388903554991472,0.0932327785968508,0.0565805002094948,0.4902472206679586,0.867204792237985
2026-07-21 18:05:10.319,Set_A,SubD1.mp4,0,0.9001468750494979,0.8846340911209095,0.0329408947411163,-0.9366551872173028,-0.898060592357979,0.0439727849123389,-0.94415334968092,0.2223065443398174,-0.0073064733202741,0.0063328640197066,-0.3231617997612873,0.0073064733202741,-0.0063328640197066,0.3231617997612873,-0.1148607014109719,0.5247843733054482,0.0533728666849268,0.0930867140043678,0.4695601325910579,0.7488701880676747
2026-07-21 18:05:10.373,Set_A,SubD1.mp4,0,0.9567951118760978,0.9237268317073772,0.0256159615858049,-0.930752203984163,-0.9171160374178188,0.0426250377869026,-0.9399846239659532,0.2130656936527209,0.0013321730991276,0.006719383503016,-0.3303693039113969,-0.0013321730991276,-0.006719383503016,0.3303693039113969,-0.0198000139861632,0.5762880216918894,-0.0446223744542024,-0.0077514642566172,0.5561976288755944,0.6561134246759092
2026-07-21 18:05:10.427,Set_A,SubD1.mp4,0,0.9058134466067164,0.8659344880979015,0.04846415227005,-0.9169545890316042,-0.9371056536582786,0.0267808012402726,-0.929734565980258,0.172856112125669,0.0006334644017501,0.0109890272121746,-0.3374695975988525,-0.0006334644017501,-0.0109890272121746,0.3374695975988525,-0.1183463758105797,0.5620277073196146,-0.0082106732073001,0.1268147782675966,0.4924680540028318,0.7803074126432074
2026-07-21 18:05:10.482,Set_A,SubD1.mp4,0,0.9029473909970008,0.8700236359801485,0.0483206450017862,-0.889489284689671,-0.9858226243800826,0.0213527492630672,-0.9157250435592672,0.1277160766738265,-0.0069876118350193,0.0152569680594152,-0.3361537189932735,0.0069876118350193,-0.0152569680594152,0.3361537189932735,-0.1238216188355495,0.56230131022276,0.0418652955443742,0.1256700585991166,0.5074524059685973,0.7453560911822247
2026-07-21 18:05:10.536,Set_A,SubD1.mp4,0,0.9174563387697908,0.8442295424654033,0.0580106275740283,-0.9120643042365694,-0.9541366388308892,0.023436526519025,-0.932235917691506,0.1847712818734843,-0.00482462225756,0.0186491183755548,-0.3467852925362233,0.00482462225756,-0.0186491183755548,0.3467852925362233,-0.1208593245224728,0.5570926297740151,0.0136971345261155,0.1343592916749488,0.4997272292663385,0.8021358634640977
2026-07-21 18:05:10.591,Set_A,SubD1.mp4,0,0.9245353307039406,0.8421893383705081,0.0709488505881087,-0.8984216219240201,-0.9719701507127392,0.0232234285246914,-0.9192793114885892,0.1430582745053647,-0.0028972125744353,0.0209962361050526,-0.3473427257763123,0.0028972125744353,-0.0209962361050526,0.3473427257763123,-0.098928892252411,0.5452854173549879,-0.0337502306321498,0.1146639938267157,0.4480675370233002,0.8519285826944759
2026-07-21 18:05:10.646,Set_A,SubD1.mp4,0,0.9344429176987188,0.8661015520082739,0.0852009355848724,-0.9073451094698638,-0.9556708922915952,0.0551891199248445,-0.925896079433296,0.1685766313400186,-0.0033699032325384,0.0199805306295626,-0.3519031116143504,0.0033699032325384,-0.0199805306295626,0.3519031116143504,-0.0656639208084122,0.5572966862263363,-0.0894034034921343,0.0698128843116201,0.5027564950603366,0.7453443432503908
2026-07-21 18:05:10.704,Set_A,SubD1.mp4,0,0.8993470860880948,0.8708721729814223,0.0951056624905082,-0.945032925334588,-0.9087390307907413,0.0137845377664957,-0.9574661866351958,0.3015816761929613,0.0221546098137322,0.0228523828405792,-0.3878553029470993,-0.0221546098137322,-0.0228523828405792,0.3878553029470993,-0.0617108778482958,0.6200813337388392,-0.3032508293800524,0.0338105814754911,0.5632179335937881,0.5627905845061675
2026-07-21 18:05:10.758,Set_A,SubD1.mp4,0,0.9039529771528227,0.877372736347455,0.1018207359507718,-0.9392655708362672,-0.924834075843155,0.0210882956080285,-0.9487515836923788,0.2765404740184625,0.0148181977051628,0.02441987545731,-0.3879516816488966,-0.0148181977051628,-0.02441987545731,0.3879516816488966,-0.0469372456547543,0.6608598346602084,-0.3717599218760544,0.0438543950446556,0.5522886103572763,0.7057028290052039
2026-07-21 18:05:10.866,Set_A,SubD1.mp4,0,0.8877781569389482,0.943175840322114,0.0980015837199288,-0.914439988694186,-0.9549482303878546,0.0049398184318178,-0.9616404979399984,0.2695833090550842,0.0229027022308572,0.01906705262246,-0.4030279884749781,-0.0229027022308572,-0.01906705262246,0.4030279884749781,-0.0747504014756713,0.6888232977455042,-0.4544495232352164,-0.0116206829529259,0.5978082390149694,0.5212866019782302
2026-07-21 18:05:11.086,Set_A,SubD1.mp4,0,0.9224251348608667,0.956788603099054,0.0884039130995362,-0.853272391927775,-1.0425814255144032,-0.0345037534659203,-0.8778518573218377,0.0424296338090463,0.0392350922638824,0.014711146000264,-0.3221575090987913,-0.0392350922638824,-0.014711146000264,0.3221575090987913,0.0025864722025155,0.628083801862026,-0.0802569677167669,-0.0671873635635804,0.5044704953903301,0.689490694881295
2026-07-21 18:05:11.141,Set_A,SubD1.mp4,0,0.91230961712971,0.9873211019647576,0.0604816818092847,-0.8600561653924722,-1.030954159541263,-0.0621427108752108,-0.8830961404521366,0.0504352766985784,0.0409987179633133,0.0157272834440888,-0.3314141105220973,-0.0409987179633133,-0.0157272834440888,0.3314141105220973,-0.0117466131606711,0.5904781371033351,-0.1733861175445898,-0.0926599934122217,0.5536538513637169,0.4820890386171178
2026-07-21 18:05:11.196,Set_A,SubD1.mp4,0,0.825855120130403,0.9229094458955184,0.0505221829030224,-0.8401846619245955,-1.078499102418195,-0.0684260840529565,-0.8390542337992921,-0.0077035404673917,0.0528267877928494,0.0079050425790838,-0.3296646967724523,-0.0528267877928494,-0.0079050425790838,0.3296646967724523,-0.0118791322536958,0.5796572322851493,-0.5222133186564234,-0.1737555219935243,0.5518838828747854,0.2677825142882981
2026-07-21 18:05:11.250,Set_A,SubD1.mp4,0,0.8337160762730288,0.924057472191869,0.0449497113394688,-0.7011635730044338,-1.1514231379993285,-0.0756201013729746,-0.7142496747478554,-0.261256820541356,0.055078638200735,0.0037621584796635,-0.2748842043589641,-0.055078638200735,-0.0037621584796635,0.2748842043589641,0.0081250716085518,0.4742019080237235,-0.3034053547562144,-0.1354875692853956,0.4575423020935792,0.3941762987235293
2026-07-21 18:05:11.306,Set_A,SubD1.mp4,0,0.85797811584516,0.961141115754663,0.090908557326152,-0.8907989719980243,-1.0026519486348069,-0.1174522607966219,-0.8793734931974492,0.0721763308619103,0.0735345403539947,-0.0027894085886199,-0.3431699371067252,-0.0735345403539947,0.0027894085886199,0.3431699371067252,0.0121734503594177,0.593198602253829,-0.4491177209342957,-0.1305267366840796,0.5960259554723125,0.5642314446265579
2026-07-21 18:05:11.362,Set_A,SubD1.mp4,0,0.9195847880307108,0.9747258160005456,0.1018310412958116,-0.8927757799895062,-0.9568914951721004,-0.134359375095884,-0.8936791826626943,0.0582700098316283,0.0760580327241528,-0.0093303226138663,-0.3391236531249667,-0.0760580327241528,0.0093303226138663,0.3391236531249667,0.0264022823337983,0.5849578062783262,-0.1848421073299077,-0.0932135327366892,0.592033882054171,0.3557792524441749
2026-07-21 18:05:11.416,Set_A,SubD1.mp4,0,0.9237779767290076,0.9398456739298984,0.1163958862421495,-0.8084913176367291,-0.9950295859137828,-0.1310788860627927,-0.8282338202019582,-0.1542811782763023,0.0821352087114297,-0.0032188108361943,-0.2591106076929282,-0.0821352087114297,0.0032188108361943,0.2591106076929282,0.0676882215418024,0.5807004139655684,-0.003022866416542,-0.1620774788482145,0.5639503095994827,0.3210675655129456
2026-07-21 18:05:11.472,Set_A,SubD1.mp4,0,0.8923883338231464,0.8790511057216744,0.1144372099383244,-0.7545125718113209,-1.0186145441318226,-0.1376587648773573,-0.7779938309580752,-0.2662531085301234,0.0776629215162643,-0.010166941462286,-0.2248273386662247,-0.0776629215162643,0.010166941462286,0.2248273386662247,0.071293515799229,0.5730393840656495,0.0076508209614974,-0.1673755860605683,0.5494296752609085,0.167620276905409
2026-07-21 18:05:11.526,Set_A,SubD1.mp4,0,0.8692643963851195,0.8723178770030857,0.119951409068678,-0.783376264104528,-0.9668041197881826,-0.1407448888967479,-0.8262348988678637,-0.2200907935176689,0.0833110096973146,-0.0037120773601725,-0.2418988760868568,-0.0833110096973146,0.0037120773601725,0.2418988760868568,0.0841970762553936,0.5983778848285026,-0.1940666423220002,-0.1804906867458383,0.5776585662125218,0.1450405208998393
2026-07-21 18:05:11.581,Set_A,SubD1.mp4,0,0.8992858114513974,0.8866388935554941,0.1462597474064513,-0.8731054333035227,-0.8234493178930963,-0.1573408953560579,-0.9028012520092108,-0.0963510154519497,0.0887210596374905,-0.0042593692731259,-0.2397649999094839,-0.0887210596374905,0.0042593692731259,0.2397649999094839,0.1082587786611968,0.6511727791351579,-0.1513328313729001,-0.1759960320782649,0.6033723566496288,0.0880205333912505
2026-07-21 18:05:11.637,Set_A,SubD1.mp4,0,0.909691131633282,0.9426273000133952,0.1577219874095983,-0.8935955265408166,-0.8083700686648168,-0.1571279696576964,-0.901325072602648,-0.0738202112144031,0.094459877677299,0.0036900280827291,-0.2118067201411825,-0.094459877677299,-0.0036900280827291,0.2118067201411825,0.1240243228387206,0.6565447163771058,-0.1317326114159683,-0.1544310945424822,0.6420653795603023,0.1756244676210965
2026-07-21 18:05:11.692,Set_A,SubD1.mp4,0,0.9059210024419144,0.953172069825196,0.1747739440417422,-0.8629558099247823,-0.7670695736306711,-0.1614277880928349,-0.8804499684337851,-0.2129090853754043,0.0962027134205454,-0.0007370812846882,-0.144596216220388,-0.0962027134205454,0.0007370812846882,0.144596216220388,0.1363559927090618,0.6706985347875872,-0.0427418380757173,-0.1309606721080037,0.6552956605621478,0.1970549735829972
2026-07-21 18:05:11.748,Set_A,SubD1.mp4,0,0.940591748021527,0.9870719922218956,0.1805983323844167,-0.9355638041874944,-0.5330818497526948,-0.1697883651689159,-0.9432778991353608,-0.152364718889728,0.1016531098274626,0.0032992787513345,-0.1182707359272602,-0.1016531098274626,-0.0032992787513345,0.1182707359272602,0.134560345085478,0.5729020370572938,0.0118250694611839,-0.1207640444713162,0.5742436883137738,0.2419360512686028
2026-07-21 18:05:11.803,Set_A,SubD1.mp4,0,0.9111853038793996,0.944205893452685,0.191176244586292,-0.8806032484022298,-0.626053330005392,-0.1542428774885675,-0.8918338964561389,-0.299744970879384,0.0997131468903191,0.0036206385998614,-0.0970359609584444,-0.0997131468903191,-0.0036206385998614,0.0970359609584444,0.1350521686891496,0.5924408045679056,-0.0551615678588087,-0.1021507366647937,0.5879535899945413,0.1035746428096305
2026-07-21 18:05:11.857,Set_A,SubD1.mp4,0,0.9661773612402385,0.9869515874614712,0.1709009570629873,-0.9079626267199205,-0.486269019659215,-0.1650659086078435,-0.9113381891817824,-0.3444598732227676,0.0986792389770225,-0.0010815720349843,-0.0511846376543617,-0.0986792389770225,0.0010815720349843,0.0511846376543617,0.1185274611494495,0.5451765890339271,0.1824909466725946,-0.0981753817222816,0.5548187953674504,0.2183554999862386
2026-07-21 18:05:11.912,Set_A,SubD1.mp4,0,0.9729270857992256,0.9779140342861776,0.1645864892988297,-0.8652937546287607,-0.5207877228075375,-0.1659252839579583,-0.8699284991717723,-0.4736980425728723,0.0937808117087863,-0.0016567096639168,-0.0164824722524275,-0.0937808117087863,0.0016567096639168,0.0164824722524275,0.1018824468103718,0.4963991586276632,0.2838446329418114,-0.0830175407894109,0.5258792062333435,0.2152518177576557
2026-07-21 18:05:11.966,Set_A,SubD1.mp4,0,0.9749474901538676,0.975233696385978,0.1570509148416098,-0.8524135927186774,-0.5131308984464811,-0.171343313730878,-0.8517069263471406,-0.5336589485776657,0.0923382994928097,-0.0105413451252118,0.0161859165279526,-0.0923382994928097,0.0105413451252118,-0.0161859165279526,0.0983366667582512,0.4642652150126514,0.3111613423190015,-0.0926615922052941,0.485499252028477,0.2969802541119909
2026-07-21 18:05:12.021,Set_A,SubD1.mp4,0,0.9011450879874928,0.9014252952690784,0.171399298868149,-0.7804399996269428,-0.6261842603397626,-0.1611515543808333,-0.7831132762719175,-0.6208907723502776,0.0917946546293041,-0.005518239203545,0.0202270658463564,-0.0917946546293041,0.005518239203545,-0.0202270658463564,0.0918855349943385,0.4089141668071936,0.073939457626537,-0.0800999318774434,0.4454791260675385,-0.0631295547688528
2026-07-21 18:05:12.076,Set_A,SubD1.mp4,0,0.9829605837752912,0.9806963065604885,0.165575541957728,-0.8427214234691344,-0.5580762984790703,-0.173488595424129,-0.8209921997539785,-0.5518761164859408,0.0942434984606385,-0.0184393619922438,0.0264597413472124,-0.0942434984606385,0.0184393619922438,-0.0264597413472124,0.0813530145615668,0.4247031170685188,0.3658473279030047,-0.0856383336586571,0.4791739014267904,0.2210947938769988
2026-07-21 18:05:12.131,Set_A,SubD1.mp4,0,0.9574355150255328,0.9555495753541272,0.1496495903063306,-0.7915733090266356,-0.5900933040547486,-0.1617785943630443,-0.7765051731934248,-0.6512699630266582,0.0866604392498406,-0.0110584420754596,0.0323092550360099,-0.0866604392498406,0.0110584420754596,-0.0323092550360099,0.0643082486267288,0.425151376599335,0.333544113145461,-0.0918016520101175,0.4717074218603811,0.2268074755036142
2026-07-21 18:05:12.186,Set_A,SubD1.mp4,0,0.8665154463102291,0.8696543616999974,0.1710394629920267,-0.8709250007913371,-0.4790223515589609,-0.167163691871975,-0.8440769045982408,-0.5499351028133481,0.0972848675480121,-0.0049122464485311,0.0229542152816401,-0.0972848675480121,0.0049122464485311,-0.0229542152816401,0.0657120413603077,0.5076243090193011,-0.1699297568780108,-0.0969315150415323,0.5049356349635374,-0.2125035800590294
2026-07-21 18:05:12.241,Set_A,SubD1.mp4,0,0.9468272491817,0.9709298591222716,0.1606482507029924,-0.8509422134848728,-0.500462222640352,-0.1659512329921916,-0.8280011183912845,-0.5863317627715235,0.0899890280299494,-0.0142522910063864,0.0308575321193595,-0.0899890280299494,0.0142522910063864,-0.0308575321193595,0.0551381161027804,0.4768367421767724,0.2631295321025249,-0.0716971431184484,0.5300877872545463,0.2277468673145735
2026-07-21 18:05:12.296,Set_A,SubD1.mp4,0,0.9234827158927328,0.977018737367172,0.1606287424763474,-0.8763289578876344,-0.4690317947868749,-0.1696466129174625,-0.8398724014065263,-0.5578915579369699,0.0903302747688602,-0.0143096299680863,0.0193575101771979,-0.0903302747688602,0.0143096299680863,-0.0193575101771979,0.047011783407554,0.4917693842975145,0.1310330445957536,-0.0654711517455007,0.5578706583066204,0.2724860997887762
2026-07-21 18:05:12.351,Set_A,SubD1.mp4,0,0.9412241125325644,0.95611339713202,0.1871784624088209,-0.8994412340755751,-0.3584328669180975,-0.1562513274744261,-0.8824927093475998,-0.5491765940292211,0.0931112328247194,-0.0084573724786019,0.0304624448795723,-0.0931112328247194,0.0084573724786019,-0.0304624448795723,0.0297094546261157,0.4633237745972146,0.4330845586167773,-0.0493724252196402,0.4744585229331818,0.4609436568383285
2026-07-21 18:05:12.406,Set_A,SubD1.mp4,0,0.8802848720951614,0.9086803500661994,0.1715515390316607,-0.946190161008904,-0.2027661060783749,-0.1424893499887652,-0.9130228755138718,-0.5337678537576903,0.0809925108122365,-0.0116637050747911,0.0990116751801929,-0.0809925108122365,0.0116637050747911,-0.0990116751801929,0.0268724025014198,0.3894492113916752,0.7790249658566519,-0.036128248160687,0.4650543514784731,0.5985834297172884
2026-07-21 18:05:12.461,Set_A,SubD1.mp4,0,0.8857541978347884,0.9094777231822212,0.174289742737344,-0.9372012801493104,-0.2098265855594998,-0.1555717762886966,-0.9207454505721456,-0.5302298876460803,0.077842038642874,-0.0105570330315782,0.1070140986229222,-0.077842038642874,0.0105570330315782,-0.1070140986229222,0.0027186600161785,0.4237599387358297,0.7896414758086675,-0.0405831701879351,0.4777658504791816,0.5698905299100798
2026-07-21 18:05:12.516,Set_A,SubD1.mp4,0,0.883365739806825,0.915101541765959,0.1630771856201178,-0.9521608098716836,-0.1925548485672766,-0.1527569084292562,-0.930741617583401,-0.4816646561657539,0.0741951849603273,-0.0101002273477034,0.0916804148299956,-0.0741951849603273,0.0101002273477034,-0.0916804148299956,0.0122152599919865,0.4400343968023087,0.7548739262027782,-0.0397353190685142,0.4898218828819026,0.5167356005475836
2026-07-21 18:05:12.570,Set_A,SubD1.mp4,0,0.9021464164595728,0.916868913317906,0.1663294265429176,-0.934634548875607,-0.128023884467872,-0.1513724084229788,-0.9298697395968456,-0.595440037145911,0.0748904384029564,-0.0089239833634412,0.1330754664451188,-0.0748904384029564,0.0089239833634412,-0.1330754664451188,0.0199865730029802,0.4262817057744134,0.6732672271330459,-0.0424377341638515,0.4774370088831224,0.5071205155754672
2026-07-21 18:05:12.679,Set_A,SubD1.mp4,0,0.8966442520702612,0.9292982101635482,0.1473132036232913,-0.9723134914047844,0.0199404946099125,-0.1497642494930188,-0.9487422964924576,-0.5763024740447513,0.072742269752574,-0.0235686024989131,0.2239454302095712,-0.072742269752574,0.0235686024989131,-0.2239454302095712,0.048227922435178,0.4707028832658532,0.8461201330256454,-0.0398169181273702,0.5488489172598915,0.3433407109952749
2026-07-21 18:05:12.736,Set_A,SubD1.mp4,0,0.9104807536881544,0.9716494407572456,0.1454308713476154,-0.8972587052018915,-0.1611798536623883,-0.1451776796772821,-0.8904964334222712,-0.7354424192133635,0.0651715516846506,-0.0175239802765725,0.221983327617931,-0.0651715516846506,0.0175239802765725,-0.221983327617931,0.0230162797862212,0.4652833357609922,0.8736101644163964,-0.0544766631218334,0.5368226933714518,0.2486523124137899
2026-07-21 18:05:12.791,Set_A,SubD1.mp4,0,0.9270235878278068,0.9925125747970488,0.126408025408871,-0.8658443824818656,-0.2179053764148239,-0.1482394441174617,-0.8542672536664646,-0.8022609572505665,0.0639719519585471,-0.0130642560475241,0.2243092656999824,-0.0639719519585471,0.0130642560475241,-0.2243092656999824,0.0213561228544891,0.4599132557468517,0.8677861822657307,-0.05683533913821,0.5373924914592798,0.1394202238586663
2026-07-21 18:05:12.846,Set_A,SubD1.mp4,0,0.92258512312159,0.981134172181498,0.1207373817551026,-0.8639113860007293,-0.1786080689619783,-0.1424502566420983,-0.8594377451534042,-0.8360821907796014,0.0566721959957846,-0.0138151555736709,0.2425168403319568,-0.0566721959957846,0.0138151555736709,-0.2425168403319568,0.0181633094661795,0.4620802119152691,0.8617290314744044,-0.0540912909601776,0.5232248124337009,0.0660825778702094
2026-07-21 18:05:12.900,Set_A,SubD1.mp4,0,0.9341362104188634,0.9338095921801508,0.1307214220202006,-0.7957262885285752,-0.2490046064586567,-0.1023525158046663,-0.7858727265277371,-0.9748171782522694,0.0506960051872749,-0.0086053756002086,0.2681832895535111,-0.0506960051872749,0.0086053756002086,-0.2681832895535111,0.0285334918802651,0.4166376403021566,0.9647677498972312,-0.0265239248088724,0.5114502789916625,-0.031054431698709
2026-07-21 18:05:12.955,Set_A,SubD1.mp4,0,0.9555661285538792,0.9519072085426494,0.1202158314851412,-0.8159643793815644,-0.193202297538597,-0.0956467361503437,-0.8154510667913256,-0.9634653304094408,0.0530285106894389,-0.0150021573248337,0.2774903698757158,-0.0530285106894389,0.0150021573248337,-0.2774903698757158,0.0291954369684068,0.4270635407014759,0.8163109586417108,-0.0288399232340335,0.4881074498703101,0.0046388929145023
2026-07-21 18:05:13.010,Set_A,SubD1.mp4,0,0.9265713891734664,0.9736005022187376,0.118565569556518,-0.83086070338948,-0.1555330137598939,-0.1041811089760592,-0.8457263200113482,-0.9348105285504,0.0452525753332878,-0.0080928942552425,0.2658527622591801,-0.0452525753332878,0.0080928942552425,-0.2658527622591801,0.0398114523112626,0.3975279638258955,0.8334535612003615,-0.0296906357027425,0.4700817840325395,0.2445900257055114
2026-07-21 18:05:13.119,Set_A,SubD1.mp4,0,0.9477729088458096,0.8841549069418904,0.121211669076102,-0.7018496747697864,-0.3111799682770705,-0.0763946994235419,-0.7258024608257577,-1.088748893830088,0.0465530701087996,-0.0032009330358624,0.2683793848002305,-0.0465530701087996,0.0032009330358624,-0.2683793848002305,0.0825726020477512,0.3653262452244981,0.7676810527223407,0.0031177665469407,0.4224819961126437,-0.0670688065246908
2026-07-21 18:05:13.174,Set_A,SubD1.mp4,0,0.8359788021099778,0.7702905266071708,0.1529587107517285,-0.6720460885858673,-0.3297909694585641,-0.0443423062800045,-0.6855181104334358,-1.1348666431665548,0.0560290417591143,-0.0162964565856573,0.271586574783127,-0.0560290417591143,0.0162964565856573,-0.271586574783127,0.1098034613331288,0.3652675982915863,0.3207217687340896,0.0315071750300818,0.3913008961502748,-0.3139687251791961
2026-07-21 18:05:13.228,Set_A,SubD1.mp4,0,0.8258079952600391,0.7586451168985733,0.158900113622345,-0.7397760634533137,-0.240199806682202,-0.04735443762723,-0.743134442377721,-1.097161024904673,0.0608715535490205,-0.0094968956524791,0.2898646828232309,-0.0608715535490205,0.0094968956524791,-0.2898646828232309,0.1374730094365182,0.3560652548241372,0.2392456265050923,0.0384378038708314,0.3984979444290261,-0.442677323005667
2026-07-21 18:05:13.283,Set_A,SubD1.mp4,0,0.6655732716314142,0.6148931214678874,0.21959149162927,-0.7551945610008334,-0.1890113025462869,-0.0254194140308946,-0.7785588787613481,-1.079806095781308,0.0576355074576596,-0.012797924671912,0.3083580743476449,-0.0576355074576596,0.012797924671912,-0.3083580743476449,0.1887092424244264,0.3876655578393301,-0.2933895654078789,0.1345468889696349,0.4064956650829575,-0.9135436737710404
2026-07-21 18:05:13.501,Set_A,SubD1.mp4,0,0.7610191947361858,0.7373817515011003,0.1646754584366647,-0.8228773211551543,-0.0958294945051202,-0.0931140285243531,-0.9312538382867164,-0.8622429647713292,0.0724917118858202,0.0021987352164704,0.3270792007250548,-0.0724917118858202,-0.0021987352164704,-0.3270792007250548,0.2085940082095061,0.3382652750240627,0.2247753723959209,0.141668616743399,0.3993081212811808,-0.7043557214725908
2026-07-21 18:05:13.556,Set_A,SubD1.mp4,0,0.7477571816601399,0.7003449000315117,0.2179262434429202,-0.8955083757047886,0.2002227897659429,-0.0355220453627809,-1.0265602287048357,-0.7221241103865949,0.0720230414008362,0.0232792926594054,0.3953594009539288,-0.0720230414008362,-0.0232792926594054,-0.3953594009539288,0.2541310267942041,0.4557912703164934,-0.0658113392151289,0.1848131337431048,0.3899510474562112,-0.9587922307307576
2026-07-21 18:05:13.610,Set_A,SubD1.mp4,0,0.6657763525845003,0.6670715575122893,0.2517854125339743,-0.8873976433610589,0.1729792713751877,-0.0925496297701396,-1.0307243129992367,-0.7165343523156038,0.0959113946158543,-0.0136621221385156,0.3729045924708165,-0.0959113946158543,0.0136621221385156,-0.3729045924708165,0.3224515028441436,0.3702804173604078,-0.3765423119750628,0.232446356903663,0.4428635655874678,-1.3155236400799757
2026-07-21 18:05:13.665,Set_A,SubD1.mp4,0,0.6572405532412161,0.683952777182901,0.2252151816143048,-0.894546883507318,0.199202002680868,-0.1157114067467681,-1.061115038286143,-0.6034239354564996,0.1061822503841254,0.0188567317341609,0.3671930986771919,-0.1061822503841254,-0.0188567317341609,-0.3671930986771919,0.3125749947939095,0.3254564816806729,-0.4197951913902544,0.2278596708998903,0.4145612906923904,-1.232447167469359
2026-07-21 18:05:13.720,Set_A,SubD1.mp4,0,0.6357646617942246,0.6251497817029419,0.1897084532332922,-0.8654919943605582,0.1027675630937975,-0.0903914674647425,-1.0002359882142238,-0.816346732755639,0.0872008480781642,-0.00112981859735,0.3621972605230444,-0.0872008480781642,0.00112981859735,-0.3621972605230444,0.2972111789237265,0.2705866925395219,-0.1843597174646608,0.2385442301053917,0.3509788278803943,-1.0923852375646972
2026-07-21 18:05:13.775,Set_A,SubD1.mp4,0,0.6253664087189317,0.6292095121534023,0.2360467951327699,-0.8497816934760275,0.0347218324257349,-0.0713668858250253,-0.998967338797422,-0.7797101163190968,0.0739837839107773,-0.0116489170704709,0.3721887556719958,-0.0739837839107773,0.0116489170704709,-0.3721887556719958,0.3665507545237429,0.3677081647760294,-0.0985855359308775,0.2745067086132923,0.4318440685015873,-1.1434196298067991
2026-07-21 18:05:13.830,Set_A,SubD1.mp4,0,0.6176809287912142,0.5913286862661352,0.2445679212300573,-0.8897261520714513,0.1137920626584978,0.0088325338863942,-0.9046036622398966,-0.960059589401772,0.0886534941090445,-0.0337563145230206,0.3956869222093243,-0.0886534941090445,0.0337563145230206,-0.3956869222093243,0.37932279563174,0.4232493598743455,-0.0997947144064025,0.2812518973865699,0.5172053429829173,-1.067443027334421
2026-07-21 18:05:13.886,Set_A,SubD1.mp4,0,0.6297356865298197,0.6137252616078887,0.213732354243625,-0.8284343621442282,-0.0692844330690673,-0.0447026800262742,-0.8786542370344003,-0.9589555602147596,0.0833578813307643,-0.0327777224172219,0.3537801217565675,-0.0833578813307643,0.0327777224172219,-0.3537801217565675,0.3453440232549978,0.3541979196494867,-0.16334695254302,0.2537239306764387,0.4620712124722614,-1.1165583150365783
2026-07-21 18:05:13.940,Set_A,SubD1.mp4,0,0.587922866369035,0.5851827138836646,0.2219218398685257,-0.8171611889725552,-0.0292043519321358,-0.0523980927684245,-0.9022252432733828,-0.9782538336903368,0.0897786670086989,-0.0485070523242408,0.357925674494443,-0.0897786670086989,0.0485070523242408,-0.357925674494443,0.3806454542122373,0.3343377242909535,-0.0111229795634692,0.2762246349849388,0.466833531956593,-1.0617677971014876
2026-07-21 18:05:13.996,Set_A,SubD1.mp4,0,0.5646454264129407,0.5771140218459755,0.2268831409558423,-0.860090040959444,0.0224775940411337,-0.0729990982063423,-0.946636103130806,-0.8663142735282531,0.0891775130024923,-0.0448623548149259,0.3486100889948367,-0.0891775130024923,0.0448623548149259,-0.3486100889948367,0.4074154480330466,0.2684891128582524,0.0075599726512018,0.3101238975222432,0.3663828795872154,-0.9457995373821269
2026-07-21 18:05:14.050,Set_A,SubD1.mp4,0,0.5366788894781664,0.5541466082412926,0.221436277055291,-0.8446002066445651,-0.0826098025264281,-0.0785682716858435,-0.9048940631591692,-0.8759612866295371,0.0879934087500801,-0.0443437907201077,0.3425800769023449,-0.0879934087500801,0.0443437907201077,-0.3425800769023449,0.4102326916803614,0.2301228615063455,-0.1110269324612346,0.3254811773974504,0.3315608341121851,-1.0352287536071656
2026-07-21 18:05:14.105,Set_A,SubD1.mp4,0,0.5482485420076781,0.5734217746288403,0.2173536928828016,-0.9004662967818248,0.0680962264721099,-0.0522417212031328,-0.924463290159669,-0.8695761323422451,0.0838771186540876,-0.0419570460457879,0.3712874775038233,-0.0838771186540876,0.0419570460457879,-0.3712874775038233,0.4358842708216555,0.2382042467303887,0.0191973421146425,0.360149730142429,0.3643066742600409,-0.8515311948240677
2026-07-21 18:05:14.161,Set_A,SubD1.mp4,0,0.532974696632907,0.5630891578869156,0.2251229395217204,-0.8568120064866293,-0.0705930204428062,-0.0793892868745072,-0.9011934048912472,-0.8718392986402167,0.0939306035709883,-0.0511834135832005,0.3265033431895546,-0.0939306035709883,0.0511834135832005,-0.3265033431895546,0.4533446533161651,0.2219730387310711,0.0627885363446006,0.3337288928298593,0.3609579910121685,-0.9446763840516452
2026-07-21 18:05:14.216,Set_A,SubD1.mp4,0,0.5293852610195127,0.5655009466419604,0.2141170984961984,-0.8830396768789188,-0.0203486273982593,-0.071733361244522,-0.906685506177111,-0.8609065232257279,0.0862536640063506,-0.0559160425610917,0.33825454448194,-0.0862536640063506,0.0559160425610917,-0.33825454448194,0.4549411161936734,0.2281442785714945,0.0939583613789829,0.3376958091102406,0.3496138596466144,-0.8978678680430676
2026-07-21 18:05:14.270,Set_A,SubD1.mp4,0,0.5282707798302324,0.549402129581594,0.2417055945873717,-0.8957406856190872,0.0504361538743206,-0.0793016384185696,-0.9437868507335432,-0.8183966984475065,0.096517480822254,-0.046882396094963,0.3599688430404443,-0.096517480822254,0.046882396094963,-0.3599688430404443,0.498782297010577,0.2365240290689355,0.1161298031852722,0.3417707226665306,0.3158296055256057,-1.086373312754285
2026-07-21 18:05:14.324,Set_A,SubD1.mp4,0,0.5582311245393308,0.554466637116416,0.20088846847093,-0.8926516311582949,0.0499025060294212,-0.1306071944489416,-0.9586793962057732,-0.8033173782219937,0.0921426177512809,-0.0335186845002318,0.3507995578042299,-0.0921426177512809,0.0335186845002318,-0.3507995578042299,0.4412099539300961,0.2143353343327722,0.0270936604405238,0.3765085967184559,0.2912140492151657,-0.8894181082377008
2026-07-21 18:05:14.378,Set_A,SubD1.mp4,0,0.634864274763281,0.584383759625056,0.2019148508781521,-0.9236375349121304,0.2195847148858055,-0.1091355938830251,-1.034244721512551,-0.6171888892210735,0.0891692444239635,-0.0301024211012906,0.3689888520061982,-0.0891692444239635,0.0301024211012906,-0.3689888520061982,0.437111758933756,0.2653076631605215,0.130561582640818,0.4022927191642959,0.2533447351847396,-0.8983009752215948
2026-07-21 18:05:14.433,Set_A,SubD1.mp4,0,0.624322988925922,0.5642696285585542,0.187359923520578,-0.900411810460273,0.0795357649764083,-0.1194639518679476,-0.9517409061866924,-0.8311476669914112,0.0931117623493579,-0.0240592276372151,0.3554204211368873,-0.0931117623493579,0.0240592276372151,-0.3554204211368873,0.4218788549669817,0.2611869587690054,0.0119689418715609,0.3628400247022362,0.2652646614399567,-0.9814414522420908
2026-07-21 18:05:14.487,Set_A,SubD1.mp4,0,0.5915256977570604,0.534893146504439,0.1989360759017398,-0.8959263747546476,0.0943127090738258,-0.0875203530282393,-0.9250549724134676,-0.9138329772566036,0.0785295345260309,-0.0268459978886984,0.389092419101006,-0.0785295345260309,0.0268459978886984,-0.389092419101006,0.4371146249463535,0.2365429509863368,0.0965445878565683,0.3670475606438588,0.2331711455070929,-0.9522883213193408
2026-07-21 18:05:14.541,Set_A,SubD1.mp4,0,0.5737404933527106,0.5841833111050134,0.2181076341194754,-0.9455305596963902,0.3000727896752605,-0.0963428976059494,-1.0067415045056365,-0.7169746201799369,0.0856814783949076,-0.0334246443041629,0.4120498243235948,-0.0856814783949076,0.0334246443041629,-0.4120498243235948,0.4842804332381748,0.2293781935464488,0.1709817578977965,0.3992056437907241,0.2532625009475716,-0.866389078913756
2026-07-21 18:05:14.596,Set_A,SubD1.mp4,0,0.5618484739547837,0.5883346348449425,0.1890036050667504,-0.9125872966889914,0.0558263686057303,-0.0887203578943345,-0.8948239761686982,-0.9062425967455172,0.0796832897269139,-0.0409649342008281,0.3814958963430745,-0.0796832897269139,0.0409649342008281,-0.3814958963430745,0.4520014885004,0.1591788112924442,0.1635017576396897,0.3837557781313983,0.2449352551527013,-0.6568588886065314
2026-07-21 18:05:14.651,Set_A,SubD1.mp4,0,0.5919828934647829,0.5827867237243408,0.158447276079617,-0.9752196493989732,0.2366067725645797,-0.1248360362989041,-0.9611541033550174,-0.7359332931959519,0.0849432770458584,-0.0432181349999242,0.3835920510610799,-0.0849432770458584,0.0432181349999242,-0.3835920510610799,0.4554184801225352,0.1868095670973049,0.084844879727561,0.4040140209754066,0.2412920342135119,-0.6921250732279675
2026-07-21 18:05:14.706,Set_A,SubD1.mp4,0,0.5857029614470104,0.5796441265894053,0.1747914496753145,-0.9232473269434492,0.1221321683859014,-0.1120653940533558,-0.9342759524818266,-0.8608287964676059,0.0838924410516984,-0.0375880686861787,0.3785073395061163,-0.0838924410516984,0.0375880686861787,-0.3785073395061163,0.4550168586464919,0.2092154196548182,0.1614868987365037,0.3848618371001693,0.2678486187196096,-0.7580571633313192
2026-07-21 18:05:14.761,Set_A,SubD1.mp4,0,0.5864420163585509,0.5857580869429173,0.1697240455832955,-0.9490556913720634,0.2149772373977867,-0.1320406634417214,-0.994358140996192,-0.6858515718757915,0.0911921512757599,-0.0453458133368861,0.3777327632851562,-0.0911921512757599,0.0453458133368861,-0.3777327632851562,0.4724672799420691,0.2091415026023901,0.1890002684213639,0.3902976753424719,0.2990913150831628,-0.9584525526694844
2026-07-21 18:05:14.816,Set_A,SubD1.mp4,0,0.621549209846287,0.5876875250691248,0.1391217031051078,-0.9547083089713014,0.1734194573615149,-0.1327262865898623,-0.9578051387050864,-0.7584420305196563,0.0842158985613629,-0.0393188644847622,0.3643167104563093,-0.0842158985613629,0.0393188644847622,-0.3643167104563093,0.4198293843931472,0.1791550231232187,0.1088492486088965,0.3521433179217086,0.2313815061550906,-0.8420881466402405
2026-07-21 18:05:14.871,Set_A,SubD1.mp4,0,0.6351002789641437,0.5729348502160785,0.1265698337572602,-0.8702690216660157,-0.0195637624709085,-0.1247579170017873,-0.8376547106852268,-1.0211058495717766,0.0785426503283469,-0.0357145176096891,0.3623544963369141,-0.0785426503283469,0.0357145176096891,-0.3623544963369141,0.4015032066514786,0.2201184830063464,0.2205723914566089,0.3361531612010534,0.2616098612957852,-0.882490071842654
2026-07-21 18:05:14.925,Set_A,SubD1.mp4,0,0.6062925922436987,0.5907523386278645,0.189559350615996,-0.9502648106577352,0.2144537350741787,-0.1205922578635994,-1.0158735010245243,-0.5743755035913346,0.0872060884092695,-0.0231250602652312,0.3524076499924147,-0.0872060884092695,0.0231250602652312,-0.3524076499924147,0.488883179532563,0.2208492665571232,0.0608763324294196,0.3696644836996327,0.1795260834698994,-0.8648354766532409
2026-07-21 18:05:14.981,Set_A,SubD1.mp4,0,0.5685500486318362,0.5650527236295507,0.1544117321992867,-0.9233080670220192,0.0121170941261672,-0.0951267438203368,-0.8606223231150012,-0.9143796131850532,0.0784634534940244,-0.0467441141388844,0.3636898872372461,-0.0784634534940244,0.0467441141388844,-0.3636898872372461,0.4454363276483465,0.1688191592673875,0.2254462044581937,0.3877407375806581,0.2522682568349927,-0.6458206609091385
2026-07-21 18:05:15.036,Set_A,SubD1.mp4,0,0.5720453141537584,0.5518919820287265,0.1649977341192147,-0.8988192325137966,-0.0138684485075337,-0.0971665506943853,-0.8389841536293565,-0.9737743622619156,0.0743481816318358,-0.0474344065912692,0.3758088630916933,-0.0743481816318358,0.0474344065912692,-0.3758088630916933,0.4619542440327712,0.2008726504546512,0.1454694903646871,0.3541625386677461,0.2305197795979992,-0.8812678390497749
2026-07-21 18:05:15.090,Set_A,SubD1.mp4,0,0.5617965189458374,0.5541593556125229,0.1540057542675789,-0.8592296331184502,-0.0682062064417254,-0.1000504886199453,-0.8274654987098825,-1.0051755344014364,0.0734182990817563,-0.0380074680632843,0.350400463750712,-0.0734182990817563,0.0380074680632843,-0.350400463750712,0.4309164598715982,0.1819920183383388,0.1237460753593664,0.3716885078847703,0.2286347552843398,-0.6541672201109089
2026-07-21 18:05:15.144,Set_A,SubD1.mp4,0,0.6133840639364313,0.552628621421198,0.1314459426118369,-0.8844590153323552,-0.012484160746513,-0.0809802289375331,-0.8030684136941292,-1.059758530078007,0.0721270463507759,-0.0399447349578387,0.3825795627058151,-0.0721270463507759,0.0399447349578387,-0.3825795627058151,0.4077552726602702,0.216436197829693,0.1059270873478833,0.3652823461712475,0.2387849731832762,-0.7241721138775669
2026-07-21 18:05:15.198,Set_A,SubD1.mp4,0,0.6210217520375995,0.551586698815699,0.125241126759321,-0.8689186371118354,-0.0230047405583823,-0.0738799193844503,-0.788066902137168,-1.0958164914070665,0.0626134967357731,-0.0455153437107125,0.3717956556452211,-0.0626134967357731,0.0455153437107125,-0.3717956556452211,0.4078885976057547,0.2096376115836444,0.1788523722057451,0.3744816100233732,0.2505732103211531,-0.6932170551895881
2026-07-21 18:05:15.252,Set_A,SubD1.mp4,0,0.5809393897897942,0.5679307852518058,0.1395179973715474,-0.8689059845384061,-0.0857544699022087,-0.0863443936820708,-0.777653772100768,-1.0482708982827444,0.0734968251735569,-0.0444532681625931,0.355209400576948,-0.0734968251735569,0.0444532681625931,-0.355209400576948,0.4263287794424967,0.1748579312886554,0.1346360472994399,0.3601904167434228,0.2483001733068511,-0.6159382983163862
2026-07-21 18:05:15.307,Set_A,SubD1.mp4,0,0.562030792531462,0.5462348314985795,0.1573547696557994,-0.8924196499936166,-0.0628370641040134,-0.095873751662832,-0.8025993746194551,-0.9969414932495028,0.0714059636677193,-0.0578530887950925,0.358442444123776,-0.0714059636677193,0.0578530887950925,-0.358442444123776,0.4562246346592759,0.1882751041999051,0.1767357534494246,0.3593506704686773,0.2473956557533322,-0.8153854540377278
2026-07-21 18:05:15.361,Set_A,SubD1.mp4,0,0.5196403897797585,0.5333224678617143,0.1482209946778532,-0.880844729076546,-0.0839310914439567,-0.0734559594799585,-0.7778550193716458,-1.0310242143911084,0.0666742206495318,-0.0500876912795851,0.3632796740969692,-0.0666742206495318,0.0500876912795851,-0.3632796740969692,0.4557692363799001,0.1255169227236965,0.0514674600472552,0.3746848429537779,0.215169692123161,-0.7547744113131468
2026-07-21 18:05:15.415,Set_A,SubD1.mp4,0,0.5565385428942876,0.5307163417061762,0.1471842878521067,-0.8718628997921583,-0.0831787225439713,-0.0768296364477996,-0.7625804661384863,-1.0673190421609775,0.0731254783373331,-0.0452323928212476,0.3552307025141785,-0.0731254783373331,0.0452323928212476,-0.3552307025141785,0.4375001221086481,0.1668312489422671,-0.0223881111263917,0.3233195875791936,0.2449875409016894,-0.8430294038269589
2026-07-21 18:05:15.470,Set_A,SubD1.mp4,0,0.5562064365091816,0.5772953379221996,0.1485435551398631,-0.8660636738240524,-0.0782351397712191,-0.0808019677705871,-0.7964441713687852,-1.0314849790033125,0.0637365323861327,-0.0588625406134513,0.3588638754895306,-0.0637365323861327,0.0588625406134513,-0.3588638754895306,0.4322782173202309,0.1373544840930849,0.2279043056535953,0.3566314567472624,0.245935723100279,-0.6995610811807695
2026-07-21 18:05:15.524,Set_A,SubD1.mp4,0,0.5624760709755527,0.5451352452222312,0.1535194202876967,-0.873181482993935,-0.0669556495031159,-0.096041716761326,-0.7878267730239571,-1.0455855349200656,0.079659982161437,-0.0463046814617738,0.3590758064442955,-0.079659982161437,0.0463046814617738,-0.3590758064442955,0.4399576083414917,0.1971659731706481,-0.0334299037800464,0.3220610479113699,0.2597557911161619,-0.7887889493143218
2026-07-21 18:05:15.579,Set_A,SubD1.mp4,0,0.5487832533902661,0.5431651578334814,0.1578694990841455,-0.8360633138500009,-0.1420091094368098,-0.0768829181732272,-0.7914129938887271,-1.0176296452887623,0.0663357295386742,-0.0522204053169376,0.3354825058759053,-0.0663357295386742,0.0522204053169376,-0.3354825058759053,0.433609825623488,0.1195622007055497,0.1129964030823318,0.3319126619013274,0.1935103185258394,-0.8722803247108574
2026-07-21 18:05:15.634,Set_A,SubD1.mp4,0,0.5266049574874492,0.50765388419689,0.1725004151681861,-0.8019547296875681,-0.1481111095416245,-0.0744305061608788,-0.7638960073785245,-1.0922492260773733,0.0732115858704142,-0.0524369989629154,0.3392271459987322,-0.0732115858704142,0.0524369989629154,-0.3392271459987322,0.4330107890162875,0.1354407110792064,0.0159198600052291,0.2778526106210264,0.2174854252000404,-0.987301973942506
2026-07-21 18:05:15.688,Set_A,SubD1.mp4,0,0.5292768818680144,0.5076162737389261,0.170524214434346,-0.8087538802552459,-0.243680802505486,-0.0745152232520643,-0.7592462589057472,-0.9941228318417666,0.0714002698664471,-0.0476841935587935,0.2927151561842387,-0.0714002698664471,0.0476841935587935,-0.2927151561842387,0.4296991326084071,0.1355934215842827,-0.1043974015581153,0.2821081567851696,0.2128402859537454,-1.0528707568894704
2026-07-21 18:05:15.743,Set_A,SubD1.mp4,0,0.5208815816684348,0.5047188390042661,0.1634926736703623,-0.8416474637632161,-0.1531391450676391,-0.0603025699466034,-0.7609353120830332,-1.0389515599772454,0.0672519709982381,-0.0434031397716525,0.3343049756476298,-0.0672519709982381,0.0434031397716525,-0.3343049756476298,0.4044618319634433,0.1041969856825523,-0.1167352352480931,0.3036229351507647,0.1418707664767046,-0.8796331659846671
2026-07-21 18:05:15.797,Set_A,SubD1.mp4,0,0.5209600780561371,0.5172381180557912,0.177215948821574,-0.818274200629719,-0.1111889154602993,-0.0849544040471001,-0.8191421663484539,-1.0335186666355949,0.0779595310040918,-0.0322356776359671,0.3318978616418224,-0.0779595310040918,0.0322356776359671,-0.3318978616418224,0.4188034580085643,0.1490618636338981,-0.0526739304677265,0.296954069432824,0.265891126160739,-0.9407559360733756
2026-07-21 18:05:15.851,Set_A,SubD1.mp4,0,0.5123922930576715,0.5343461241271602,0.1964728534620078,-0.8097868232600071,-0.0977223053459428,-0.0654177085927102,-0.8159384371173242,-1.0597931056850924,0.0768681949581795,-0.0554298054396045,0.3429624407025918,-0.0768681949581795,0.0554298054396045,-0.3429624407025918,0.4258158360112978,0.1150225416972618,-0.0099721011557556,0.3153220255724624,0.2961394371566612,-0.8218433450324797
2026-07-21 18:05:15.904,Set_A,SubD1.mp4,0,0.4816239646793759,0.5214354081142488,0.2309834066492011,-0.7782278157617157,-0.1727766381925147,-0.0415748136559926,-0.8018090662051196,-1.038672013845554,0.0820566455865741,-0.0437782337803351,0.3345751017207291,-0.0820566455865741,0.0437782337803351,-0.3345751017207291,0.4347454584999336,0.1616755636975553,-0.120289524569381,0.3096389103448998,0.2526345308903751,-0.9635712707677097
2026-07-21 18:05:15.958,Set_A,SubD1.mp4,0,0.5147753956787675,0.5315084084245116,0.2147166995687168,-0.8094614917023457,-0.027747012598596,-0.0275679065229927,-0.8394397272097223,-1.0885415251602693,0.0765572597995047,-0.0552908089254994,0.3710850843681252,-0.0765572597995047,0.0552908089254994,-0.3710850843681252,0.4350440822527373,0.1357043681805256,0.0429267149777647,0.3251138220061632,0.3096805833411877,-0.7913968132060891
2026-07-21 18:05:16.012,Set_A,SubD1.mp4,0,0.5392939789770624,0.5350365390063169,0.2147593844432697,-0.8032696971266874,-0.0703730369525806,-0.0715143846578537,-0.8359506368178653,-1.0664812047245067,0.0901610768611432,-0.0502022827661012,0.3563045654573106,-0.0901610768611432,0.0502022827661012,-0.3563045654573106,0.432840657517415,0.203780125581785,0.0119763554707686,0.326963579957182,0.328041243086265,-0.9244533862781656
2026-07-21 18:05:16.066,Set_A,SubD1.mp4,0,0.5373818235671507,0.5434480641505491,0.1970612060709166,-0.8398717722909109,0.0237590784724405,-0.0687238652432432,-0.8781050055556766,-1.0396750778194033,0.0898095948703323,-0.0588967748558791,0.3730778386436778,-0.0898095948703323,0.0588967748558791,-0.3730778386436778,0.4094707792697899,0.1496739954746816,0.0001824141748721,0.3361247166590074,0.3206084829570196,-0.8776567652655308
