timestamp,subject_id,input_source,label,left_angle,right_angle,x11,y11,z11,x12,y12,z12,x23,y23,z23,x24,y24,z24,x25,y25,z25,x26,y26,z26
2026-07-21 18:05:31.410,Set_A,SubE1.mp4,0,0.6302461083403462,0.6083735803819837,0.0663896908026212,-0.8625375237005292,-0.0733987306919295,-0.1128090809696835,-0.7138049058863914,-1.1566377666936245,0.063544939079719,-0.0602561552694085,0.3682185663064732,-0.063544939079719,0.0602561552694085,-0.3682185663064732,0.347727552585,0.1881464621767989,-0.0058812557416327,0.2511650220869702,0.2618097045396836,-0.7772481859822535
2026-07-21 18:05:31.574,Set_A,SubE1.mp4,0,0.594768329051451,0.5847822573190407,0.1004884391086288,-0.8557602797835152,-0.0714105121633194,-0.099432223990165,-0.7977431607916481,-1.0537229272187485,0.0724020293651349,-0.0593941807854548,0.3491679718449738,-0.0724020293651349,0.0593941807854548,-0.3491679718449738,0.3759254491664696,0.1544065142749534,0.0208834940331959,0.2896787530317478,0.243763071799766,-0.962950813884361
2026-07-21 18:05:31.738,Set_A,SubE1.mp4,0,0.6095855035210607,0.5806007528623064,0.0903630156086931,-0.8143102110252978,-0.0684823957837932,-0.094951180841485,-0.7507682888547661,-1.176711660559621,0.0594053244663519,-0.0552268768960534,0.3819262103151761,-0.0594053244663519,0.0552268768960534,-0.3819262103151761,0.3575344292086789,0.1393929362132541,0.1757034050558327,0.2745818291791638,0.2167038379963884,-0.7608884015271166
2026-07-21 18:05:31.792,Set_A,SubE1.mp4,0,0.6360058612632115,0.603090021933718,0.0816903591544098,-0.8277904129454987,-0.0444017341783615,-0.1136225183334199,-0.7802681729627996,-1.1443488374289754,0.0627900636303072,-0.0544502872826186,0.3860445458964558,-0.0627900636303072,0.0544502872826186,-0.3860445458964558,0.3652342795933539,0.1672969228756355,0.118311306983258,0.2997157206756066,0.2444221328375052,-0.8203369882437795
2026-07-21 18:05:31.847,Set_A,SubE1.mp4,0,0.6200497882101701,0.6092391363393234,0.0551204350678333,-0.8155276429639233,-0.0376018302308661,-0.0864851136930843,-0.7402384306562724,-1.2188249209596418,0.0535104803089623,-0.0599918821759326,0.3948884842901352,-0.0535104803089623,0.0599918821759326,-0.3948884842901352,0.3478405693774644,0.1300534333854072,0.3059374488915954,0.301245534738464,0.2562955978707854,-0.5568362254177546
2026-07-21 18:05:31.902,Set_A,SubE1.mp4,0,0.6110453894603107,0.6078348228588178,0.0708878693020495,-0.7510989919060719,-0.2238514834277479,-0.1039750629998819,-0.6675338805772694,-1.1855405879004777,0.0635083467558888,-0.0622620138604645,0.3278505779389275,-0.0635083467558888,0.0622620138604645,-0.3278505779389275,0.3280395678332047,0.1399847494471928,0.0969607106855749,0.2799205224568815,0.3005905798972998,-0.6792000810395744
2026-07-21 18:05:31.956,Set_A,SubE1.mp4,0,0.5624994156047985,0.5546848669690896,0.0790644280652953,-0.7497038189080294,-0.2343454946169508,-0.0821975036384748,-0.6733621868108934,-1.1709563687578342,0.059112644552661,-0.058379584099695,0.3302791620151195,-0.059112644552661,0.058379584099695,-0.3302791620151195,0.3489297137042654,0.1191457484710764,0.0233690658784835,0.2942919071610163,0.2315520257476852,-0.8525965333062805
2026-07-21 18:05:32.011,Set_A,SubE1.mp4,0,0.5646938234318978,0.5454527691079379,0.0990553199904755,-0.799982530376346,-0.1567319800009382,-0.0887786552721515,-0.7208925672872905,-1.1420494979501803,0.0713572193207021,-0.0611318803816964,0.3383396068758671,-0.0713572193207021,0.0611318803816964,-0.3383396068758671,0.3645350827070917,0.1209504519435861,-0.0638877928105532,0.2766748154753632,0.2355946084051517,-0.9567538748368744
2026-07-21 18:05:32.065,Set_A,SubE1.mp4,0,0.5770256749195717,0.5530871290447014,0.1251645910500377,-0.8655671358723942,-0.0199437830130592,-0.085248945414388,-0.8014230696950646,-1.0843887736815494,0.0719605105471957,-0.0505421984432307,0.3816165763314885,-0.0719605105471957,0.0505421984432307,-0.3816165763314885,0.3992315683755901,0.1287218243585177,0.1428665936760972,0.3341779675628076,0.21331154194576,-0.9323604489093148
2026-07-21 18:05:32.120,Set_A,SubE1.mp4,0,0.606153897155506,0.5875125523888659,0.0926666102043484,-0.7798324238947398,-0.151065877320845,-0.0764916698165263,-0.7289165754492551,-1.1617230730751982,0.0643681872458391,-0.0588381712386387,0.3414252862140396,-0.0643681872458391,0.0588381712386387,-0.3414252862140396,0.3462452803545788,0.1538939808622414,0.0265919616981232,0.267931414148293,0.2910206110147417,-0.8544797230613471
2026-07-21 18:05:32.174,Set_A,SubE1.mp4,0,0.5577675916921508,0.5377167685399771,0.1241357503354518,-0.8278578933455235,-0.0910949246805083,-0.0549475657547347,-0.7521233250939807,-1.1331894967236211,0.0668575134461427,-0.0555948103079895,0.3642243071482382,-0.0668575134461427,0.0555948103079895,-0.3642243071482382,0.3847844572417295,0.1238755376348867,-0.0265949397307019,0.2958157244871883,0.2234324785780021,-0.9348990341556928
2026-07-21 18:05:32.230,Set_A,SubE1.mp4,0,0.5362184193466064,0.5344906373386227,0.1380643405509723,-0.8812289640332606,-0.0562131876147834,-0.0567814603795027,-0.7896765026607946,-1.039901776594242,0.0783853299735096,-0.0624097393752512,0.3578852433644328,-0.0783853299735096,0.0624097393752512,-0.3578852433644328,0.3907252168923589,0.1140179425709426,-0.1048881705797049,0.3165917398816419,0.2140685292247827,-0.9430040546110257
2026-07-21 18:05:32.285,Set_A,SubE1.mp4,0,0.5346508846606499,0.5383292773595624,0.1470062514578944,-0.8692916953328633,-0.0527051542038705,-0.0311940515218599,-0.7663368527225773,-1.092417890334151,0.0649114325317138,-0.0669707768426806,0.3582115190152104,-0.0649114325317138,0.0669707768426806,-0.3582115190152104,0.3758712986751505,0.1007357749171668,-0.0244628978757144,0.3205389572911354,0.2305687632935479,-0.8584355084189923
2026-07-21 18:05:32.339,Set_A,SubE1.mp4,0,0.5187566678855207,0.4716691742160829,0.1627320618528684,-0.8222420804851697,-0.1454122815678192,-0.0183375489116464,-0.7228235393345118,-1.116301812466043,0.0664446247676526,-0.0514715407167103,0.3243122311421251,-0.0664446247676526,0.0514715407167103,-0.3243122311421251,0.3725985027901335,0.0957956868291503,-0.1639438363990993,0.2627105968872186,0.128858013822089,-0.9702102119512522
2026-07-21 18:05:32.394,Set_A,SubE1.mp4,0,0.5670865010236732,0.5269288196368478,0.1626006973092865,-0.8972423666512935,7.604839279682469e-05,-0.0400589453222528,-0.8008344631981447,-1.049608610511967,0.074400915571328,-0.0466442696491511,0.362600922498111,-0.074400915571328,0.0466442696491511,-0.362600922498111,0.3684249122718296,0.1767717970302501,-0.0693270867390686,0.2626231020847178,0.1881869593631374,-0.9514470799486168
2026-07-21 18:05:36.112,Set_A,SubE1.mp4,0,0.8877174340646768,0.859687566567915,-0.0137958888047157,-0.9347842696233384,0.1878748345975739,0.024086576867225,-0.9171319679586136,-0.943057164051533,-0.0201696101938018,-0.0076905073145023,0.3547774506440834,0.0201696101938018,0.0076905073145023,-0.3547774506440834,0.0055465562978477,0.5206501652694074,0.9618564630741328,0.1087304273665872,0.5158304277434258,0.3650549033730893
2026-07-21 18:05:36.383,Set_A,SubE1.mp4,0,0.896171347211643,0.9856368289478756,-0.014279832405564,-0.880063337196187,0.0995267546838644,-0.0195431667611032,-0.8841202553423767,-1.0410745530165348,0.0207414873493079,-0.0086618086486181,0.3540555184875322,-0.0207414873493079,0.0086618086486181,-0.3540555184875322,0.0713376015753648,0.4869096158252386,0.9580169797404088,-0.0442187886692379,0.5406051723383383,0.1581809002305029
2026-07-21 18:05:36.438,Set_A,SubE1.mp4,0,0.8959676583242987,0.9901432965514688,-0.037367920230081,-0.8730615278438474,0.0924370776316808,-0.0378800690531853,-0.8750953336342346,-1.0610883708099472,0.0312354282872384,-0.0137125271686384,0.343614086834668,-0.0312354282872384,0.0137125271686384,-0.343614086834668,0.0746334771652133,0.4752742740149696,0.9496984736256914,-0.0422639100987124,0.5365400354352763,0.1212785695225711
2026-07-21 18:05:36.493,Set_A,SubE1.mp4,0,0.8952123007278879,0.9799090065650382,-0.023221112857728,-0.878688902678735,0.0877063816675541,-0.0287331420096748,-0.8907606318867313,-1.018485141646115,0.0252717131092432,-0.0122340398187627,0.3364644258922006,-0.0252717131092432,0.0122340398187627,-0.3364644258922006,0.0686463662554236,0.4631048305874944,0.9388299439122042,-0.0218078348535184,0.532505516628065,0.2163804554458985
2026-07-21 18:05:36.548,Set_A,SubE1.mp4,0,0.9195497161904128,0.975655291768892,-0.034412037402307,-0.9047641361984364,0.199145643433678,-0.0501465012123872,-0.9227535104900032,-1.0072478056568064,0.0318388455378553,-0.0118643141669685,0.3619702519570188,-0.0318388455378553,0.0118643141669685,-0.3619702519570188,0.0719702767768678,0.5114220557572163,0.8008361116958829,-0.0052595005524749,0.5780266230556604,0.0621549961550493
2026-07-21 18:05:37.852,Set_A,SubE1.mp4,0,0.8926824688889812,0.9405499556308315,-0.0755430510763953,-0.9723842356359372,0.3190487566237843,0.0451707348303364,-0.96669216760674,-0.807986610336596,-0.0245475616826878,-0.008047806871339,0.3539393718604494,0.0245475616826878,0.008047806871339,-0.3539393718604494,0.0724507176827368,0.5785313491087939,0.8102146844613088,0.0208308644310009,0.6228136370207258,0.029375206312461
2026-07-21 18:05:37.907,Set_A,SubE1.mp4,0,0.8514251525270672,0.9385628437979352,-0.0846979353233972,-0.971698044851636,0.3256909347217669,0.071087708105118,-0.9705018587909836,-0.8028432123079328,-0.040986037708226,-0.0053396931007798,0.3655753609870615,0.040986037708226,0.0053396931007798,-0.3655753609870615,0.1005568442012067,0.5531440244957478,0.9852290432602092,0.0364712685858064,0.6008007437573807,0.0079925475828304
2026-07-21 18:05:38.777,Set_A,SubE1.mp4,0,0.8813928179253806,0.8500033408254501,-0.1100940625704648,-1.0024578074561188,0.4074084651436326,0.0625217614580855,-0.9752415353236752,-0.7014189849133243,-0.0638221963649474,-0.0053387381329163,0.377504266092787,0.0638221963649474,0.0053387381329163,-0.377504266092787,-0.0278834949791615,0.5812701372442735,0.8823848630733964,0.1545125319795436,0.6304577596470746,0.2466389037936794
2026-07-21 18:05:38.831,Set_A,SubE1.mp4,0,0.8883511842038633,0.8401326842794229,-0.1145932909556449,-0.9903850294733963,0.4686830913636958,0.075214339669563,-1.000112572716927,-0.6593886074616301,-0.0696479904854539,-0.0062986186613459,0.3884161857029172,0.0696479904854539,0.0062986186613459,-0.3884161857029172,-0.032444217759306,0.6231125595995004,0.8071190094554247,0.1687769062968198,0.6707206939205888,0.0862859090706123
2026-07-21 18:05:38.886,Set_A,SubE1.mp4,0,0.8879701010246915,0.8291044492926892,-0.1264684600568144,-0.9903600334955536,0.4887179571005494,0.1026148775774116,-1.004943244609085,-0.6236098952873198,-0.084814951609162,0.0010428819096628,0.3907600832360905,0.084814951609162,-0.0010428819096628,-0.3907600832360905,-0.0425082970209144,0.6153433650068514,0.8079844281723018,0.1806612585959649,0.6604885552628591,0.1230936641101817
2026-07-21 18:05:38.940,Set_A,SubE1.mp4,0,0.8994653999902373,0.8258132203613896,-0.116786196714277,-1.0045844539408968,0.5480273203883225,0.1170847968671039,-0.9952914838260594,-0.5703016190010035,-0.0828205303451593,-0.0046876991515842,0.3737746100773408,0.0828205303451593,0.0046876991515842,-0.3737746100773408,-0.0513883185879824,0.5992923249923526,0.665428647559514,0.1886660012974706,0.6397787075540545,0.0560753927096459
2026-07-21 18:05:38.995,Set_A,SubE1.mp4,0,0.8910464306676914,0.8298836061692195,-0.1282759376120193,-0.986574462987116,0.488962838506906,0.1112572648947582,-1.0032835461193128,-0.6894010294135857,-0.0877308440102205,-0.005308386972696,0.3891440979977798,0.0877308440102205,0.005308386972696,-0.3891440979977798,-0.059024567561696,0.6155830761951069,0.7670359650536072,0.1712213453232111,0.6353506497525017,0.1556499317913025
2026-07-21 18:05:39.049,Set_A,SubE1.mp4,0,0.8639945519986894,0.8250562644953632,-0.1167698007898153,-0.988967838417409,0.4488908157989367,0.1081723962881725,-0.9866323954383688,-0.760226327144544,-0.0890908389644927,-0.0103422846896696,0.3904897717889666,0.0890908389644927,0.0103422846896696,-0.3904897717889666,-0.0663289287669304,0.5772336440167427,0.9305079313625176,0.1678947707309847,0.6324127159805139,0.2778599766219037
2026-07-21 18:05:39.105,Set_A,SubE1.mp4,0,0.8723344994967882,0.8357399162899813,-0.1256594735987885,-0.9967586073386302,0.3987456298718554,0.1011633401454193,-0.9890324037419576,-0.6354606478943122,-0.0854377950867606,-0.0095054685295032,0.3349455475930839,0.0854377950867606,0.0095054685295032,-0.3349455475930839,-0.0746716753757768,0.5643293310752572,0.7649885670828883,0.1616467414367933,0.6079350561990422,0.3440833342546726
2026-07-21 18:05:39.160,Set_A,SubE1.mp4,0,0.8620869992426847,0.8529515761088707,-0.1353246154880689,-0.9853887297331364,0.4070203554501067,0.0976775904253361,-0.995748459373884,-0.6784575294721268,-0.0873606397190906,-0.0092482586940926,0.3550124030074679,0.0873606397190906,0.0092482586940926,-0.3550124030074679,-0.0979838797828678,0.5876077329077011,0.8099973080307543,0.1545724012876488,0.6366241876679936,0.361101588775214
2026-07-21 18:05:39.216,Set_A,SubE1.mp4,0,0.8475926130954993,0.8843011964918844,-0.1512779110344852,-0.998515883048561,0.4052800662968978,0.0960742523675634,-0.9871898740575216,-0.6374980721998531,-0.0928646871790479,-0.0097682759719858,0.3400444825019369,0.0928646871790479,0.0097682759719858,-0.3400444825019369,-0.1114967110397181,0.5559252340598473,0.7720276087209592,0.1406200060113459,0.6471331880720161,0.2589471146263518
2026-07-21 18:05:39.271,Set_A,SubE1.mp4,0,0.8453259968750226,0.887180591828025,-0.1512533089078687,-0.9953398227705674,0.42395912132582,0.1164892257008539,-0.995152210476046,-0.6156174738715398,-0.091058260436495,-0.0091474846807769,0.3549410505754291,0.091058260436495,0.0091474846807769,-0.3549410505754291,-0.1068374835027342,0.5850887307919772,0.7728211154881042,0.1463179973036712,0.6607040058082164,0.1659898044126127
2026-07-21 18:05:39.326,Set_A,SubE1.mp4,0,0.8432961446400543,0.8983687369239991,-0.1534910641234857,-0.9841525950291616,0.3812294630485329,0.1094886322807562,-1.0054956474536416,-0.5796322280923151,-0.0908481067010476,-0.0095357040996572,0.326482065709242,0.0908481067010476,0.0095357040996572,-0.326482065709242,-0.1062570126337118,0.5505049511894947,0.7260045581797911,0.1202719550645698,0.6423563156656519,0.1778944749105622
2026-07-21 18:05:39.380,Set_A,SubE1.mp4,0,0.8490212667576996,0.9046594427841405,-0.161914699446026,-0.9793707131247564,0.3430455146050577,0.1216053843986893,-1.0135777406946034,-0.5059308102564377,-0.0916226222666721,-0.0108668843142748,0.3055003848478433,0.0916226222666721,0.0108668843142748,-0.3055003848478433,-0.0881194572332984,0.565805209161142,0.6381919842345632,0.1084074689413524,0.6505979240079651,0.1377739124845337
2026-07-21 18:05:39.435,Set_A,SubE1.mp4,0,0.8505052666963787,0.9023922269960558,-0.1509322775709359,-0.9842481517512608,0.4143513908645412,0.1261710038788418,-1.0126019656921572,-0.5237885316868112,-0.0886987832078868,-0.0106565790796525,0.3320526857862685,0.0886987832078868,0.0106565790796525,-0.3320526857862685,-0.0801016809289614,0.5691298607322841,0.6599448835842157,0.1082383665553072,0.6445124886275404,0.1328338465683045
2026-07-21 18:05:39.490,Set_A,SubE1.mp4,0,0.8609808807879754,0.9074561881815838,-0.1572078045701356,-0.9694405616124496,0.2886569567344331,0.1282918364930403,-1.0114092477728045,-0.56324373618415,-0.087521618081001,-0.0109006701377689,0.324190082693801,0.087521618081001,0.0109006701377689,-0.324190082693801,-0.0501936760555361,0.5401601869096242,0.8058758643220376,0.0961148049698061,0.6392805874010486,0.2459572870050364
2026-07-21 18:05:39.544,Set_A,SubE1.mp4,0,0.8493840101492471,0.8907530749640326,-0.1503544117458818,-0.9752643911538952,0.3066735395710712,0.1361574334933365,-1.0106143185586087,-0.543494560848951,-0.0886115764330206,-0.0138009011755012,0.3441758929100112,0.0886115764330206,0.0138009011755012,-0.3441758929100112,-0.0436032390179309,0.520242702515348,0.9243524582810896,0.0915824441820434,0.6291397594364307,0.30278752810753
2026-07-21 18:05:39.654,Set_A,SubE1.mp4,0,0.8864175393378768,0.9020552188331664,-0.165231576818445,-0.9692790050754728,0.3074305608157833,0.1577535578099144,-1.0255006668916502,-0.4516461617001688,-0.0933585389273463,-0.0007932274179546,0.2942357728401306,0.0933585389273463,0.0007932274179546,-0.2942357728401306,-0.0274057848145163,0.6089207644669562,0.7345528338339864,0.0873007246431599,0.7153095098270281,0.1335208722772893
2026-07-21 18:05:39.708,Set_A,SubE1.mp4,0,0.8975300947982284,0.8875983113876572,-0.1613550679956653,-0.9560661882828144,0.1544157521380854,0.1560544347660301,-1.0170594336488543,-0.4811376267717413,-0.0854322762390664,-0.004818879864849,0.2681069860113841,0.0854322762390664,0.004818879864849,-0.2681069860113841,0.006043168056557,0.585374955692482,0.8282653262830667,0.0843329939104765,0.665795650720785,0.306022971105947
2026-07-21 18:05:39.762,Set_A,SubE1.mp4,0,0.90993908942631,0.8954842858292462,-0.1728714665422435,-0.9760169451966744,0.106231761924359,0.1677240984647935,-1.0145762365647462,-0.2999126575408853,-0.0913998163756339,-0.0026186667877345,0.1512281857882334,0.0913998163756339,0.0026186667877345,-0.1512281857882334,-0.0115025624243577,0.6359201362839183,0.5495860889337688,0.0738675926564111,0.7007951249935999,0.3020584752397305
2026-07-21 18:05:39.817,Set_A,SubE1.mp4,0,0.8921110875472135,0.8778574131416271,-0.1622775878460745,-0.9781659315571852,0.2069479113596772,0.1864152683117642,-1.0207224022712875,-0.2690993495262128,-0.0942124363161338,-0.0068448069236302,0.2001117445520251,0.0942124363161338,0.0068448069236302,-0.2001117445520251,-0.0092630199148204,0.6619709218907343,0.7384469778265609,0.0708622042966479,0.7255776716276425,0.2411967576383148
2026-07-21 18:05:39.980,Set_A,SubE1.mp4,0,0.8948753581632201,0.8864005175238402,-0.1902304799004785,-0.9582321238812496,-0.0764345740273859,0.1853553777563724,-1.0053850402537057,-0.3032809327585256,-0.0972020649868997,-0.0018148355096518,0.0952440646166666,0.0972020649868997,0.0018148355096518,-0.0952440646166666,-0.0213808578430631,0.6746137887046998,0.7833154078843463,0.0613658813507116,0.7140989174013065,0.3833308440186548
2026-07-21 18:05:40.035,Set_A,SubE1.mp4,0,0.899956661770495,0.8877063995179413,-0.1977115430249076,-0.961599249235961,-0.103521285570153,0.1791055153077005,-0.99991706383728,-0.2864884185144312,-0.0974445653380057,-0.0035050556610564,0.103364231483808,0.0974445653380057,0.0035050556610564,-0.103364231483808,-0.0157176060150029,0.6508177839542826,0.7521346492460865,0.0629147036262061,0.6786827509618906,0.3456747788233745
2026-07-21 18:05:40.089,Set_A,SubE1.mp4,0,0.9032653166308832,0.8876173653436008,-0.1966353165363288,-0.9533149530949449,-0.1124863032673024,0.1759892610715586,-1.005838840067063,-0.2891231527128343,-0.0975967357324978,0.0011873052238882,0.0755123120259638,0.0975967357324978,-0.0011873052238882,-0.0755123120259638,-0.0176502856795999,0.7062249122173404,0.6305444550683618,0.0608218859988225,0.7113616905580353,0.4137238463778038
2026-07-21 18:05:40.144,Set_A,SubE1.mp4,0,0.9041566360801389,0.9133584836660366,-0.2002566096946071,-0.9212605779124264,-0.2378386378074898,0.1518513234970768,-0.9786002005078436,-0.3852070674890488,-0.095585713311994,-0.0018471264510824,0.0697996987470874,0.095585713311994,0.0018471264510824,-0.0697996987470874,-0.015898126339729,0.6636303604036439,0.7448358140719045,0.0509255584727807,0.6901702325818937,0.5045663294592454
2026-07-21 18:05:40.198,Set_A,SubE1.mp4,0,0.8910607966229673,0.8935666000591869,-0.2134721691093511,-0.9530327211681894,-0.0073540128955671,0.1616059554550414,-1.033574388360862,-0.2178172291621013,-0.0926886795500629,0.0035586410232747,0.1193090357022104,0.0926886795500629,-0.0035586410232747,-0.1193090357022104,-0.0164873855779022,0.7279131193612578,0.6459884439069941,0.0781650504965706,0.7348975990999166,0.1497851230563556
2026-07-21 18:05:40.251,Set_A,SubE1.mp4,0,0.895962581615708,0.8999765810707941,-0.2088041158569704,-0.9400187967939686,-0.0253227201907057,0.1584139438443742,-1.0273794076053209,-0.3307743675409877,-0.0989578311029813,1.0453785259901134e-06,0.1676642566770765,0.0989578311029813,-1.0453785259901134e-06,-0.1676642566770765,-0.0248810542970906,0.670642313005553,0.7043950440332325,0.0964422322180387,0.7115207948858704,0.0823536919577331
2026-07-21 18:05:40.307,Set_A,SubE1.mp4,0,0.9229742822888468,0.910244286960751,-0.1962460857978431,-0.87091185868409,-0.2916660385791808,0.147985753989374,-0.9510643404416302,-0.5317862491662171,-0.0947648087413411,0.0081634119065492,0.1192039288069058,0.0947648087413411,-0.0081634119065492,-0.1192039288069058,-0.0442472292495301,0.6364297690581068,0.655924519987838,0.1152372376692955,0.6545481215118569,0.2410119505832479
2026-07-21 18:05:40.361,Set_A,SubE1.mp4,0,0.8964275865875482,0.9108750896877024,-0.2147532682644096,-0.8690020120918589,-0.389645945588785,0.1408515496836412,-0.9669950588154184,-0.4000712769730045,-0.0973144647070042,0.0167873073792169,-0.0228464390678065,0.0973144647070042,-0.0167873073792169,0.0228464390678065,-0.0770785646987237,0.5624064617503366,0.5289874983349806,0.1147536892214554,0.5851978769287356,0.6463540518279248
2026-07-21 18:05:40.415,Set_A,SubE1.mp4,0,0.8945067103938761,0.895436125603717,-0.2243585968758511,-0.9041495018080492,-0.2870035830095137,0.1469987774917132,-1.011559711067768,-0.2822711046831416,-0.1037581437740236,0.0169436542463767,-0.0245942288631232,0.1037581437740236,-0.0169436542463767,0.0245942288631232,-0.0846963807294719,0.6078218244567932,0.5411870662325206,0.0901860322787323,0.6183969640200448,0.6429287501616979
2026-07-21 18:05:40.469,Set_A,SubE1.mp4,0,0.9301862888761048,0.8975539362226981,-0.213421130435279,-0.8604448673584523,-0.426560379354327,0.1416139677346417,-0.9482895010018584,-0.4239240215003346,-0.0950445990784189,0.0131440686841021,-0.0068706681154908,0.0950445990784189,-0.0131440686841021,0.0068706681154908,-0.0546007424682303,0.5830185135432308,0.5768097321874228,0.1289056301480244,0.612969047588019,0.4656608733969418
2026-07-21 18:05:40.524,Set_A,SubE1.mp4,0,0.9324988589209832,0.8645883505594256,-0.2054573472733231,-0.7710169134274992,-0.5843708179876391,0.1491504205810901,-0.874561936930666,-0.5509264018012472,-0.0978366636690695,0.0075162722911025,-0.0459898089696342,0.0978366636690695,-0.0075162722911025,0.0459898089696342,-0.0305290493147195,0.6488635914995237,0.3461741623614067,0.1355195777908439,0.6416676913528556,0.4845386634553774
2026-07-21 18:05:40.579,Set_A,SubE1.mp4,0,0.8860960662176698,0.8363475942943938,-0.235970390677776,-0.9064518768725596,-0.3016170418056825,0.2007409401493576,-0.9980519376064104,-0.3079927567134348,-0.1031052559458337,-0.005268933544426,-0.0562572855167842,0.1031052559458337,0.005268933544426,0.0562572855167842,-0.0499317718066794,0.7676669460363893,0.5440312232290345,0.1675624578659733,0.7635281774133762,0.6503156738080025
2026-07-21 18:05:40.633,Set_A,SubE1.mp4,0,0.8925581901598294,0.8384241064162035,-0.2287503028193503,-0.9395802161401284,-0.2607154093122818,0.1795349551754601,-1.02857701792652,-0.0913285532086093,-0.115222127275704,0.0032987362287525,-0.0921845233962432,0.115222127275704,-0.0032987362287525,0.0921845233962432,-0.0529572111714206,0.74584509655834,0.4061937149215909,0.1631272809093513,0.7667395758119726,0.6118479542982328
2026-07-21 18:05:40.687,Set_A,SubE1.mp4,0,0.9049097689045618,0.8622425013356785,-0.1944344331827382,-0.8104439742251061,-0.5823284382307413,0.1432574473034565,-0.8808375061841649,-0.4839491382665495,-0.1005381741244352,0.0133545176468183,-0.0707948863465951,0.1005381741244352,-0.0133545176468183,0.0707948863465951,-0.0672251819916596,0.6752379316615429,0.3981640838908887,0.1375757204487158,0.6368443470443693,0.5864095346778037
2026-07-21 18:05:40.742,Set_A,SubE1.mp4,0,0.8951164098565679,0.8635943890481792,-0.214120803521296,-0.8891865879956606,-0.4828831139842292,0.1682971315230969,-0.9529289557284412,-0.2946196285541221,-0.1080111214024002,0.00879645063334,-0.1083451774534268,0.1080111214024002,-0.00879645063334,0.1083451774534268,-0.0751406401902962,0.7508400938252247,0.3893368742868811,0.1421821896752323,0.681177939137248,0.6894686857519944
2026-07-21 18:05:40.796,Set_A,SubE1.mp4,0,0.9006281282245377,0.8582976509685398,-0.2329898493743079,-0.9478758431233464,-0.2773830908463873,0.1696878025871873,-1.0280513399430131,-0.0254446127938217,-0.1167276970355268,0.0180572108022036,-0.1384147161066723,0.1167276970355268,-0.0180572108022036,0.1384147161066723,-0.089307762272529,0.8112389373965738,0.2431722368498525,0.1525542768890636,0.76313928507545,0.6546786073213458
2026-07-21 18:05:40.850,Set_A,SubE1.mp4,0,0.907489653320667,0.878904570789408,-0.2191634507605707,-0.9640533845955204,-0.3273194181095645,0.1527895802987216,-1.006619531647281,-0.0074084810966518,-0.1109476417152428,0.0142792873935187,-0.177976429178935,0.1109476417152428,-0.0142792873935187,0.177976429178935,-0.0913889731942469,0.739642544972637,0.1447270022074513,0.130191646587085,0.6959297162523383,0.6572530603372024
2026-07-21 18:05:40.904,Set_A,SubE1.mp4,0,0.9005492931735173,0.8672795125839533,-0.2217977542517179,-0.9405114647555344,-0.3453110764226463,0.1614390524248868,-1.0193462589073832,-0.0487885684802462,-0.1164256535338373,0.0116251408118775,-0.1339282283953419,0.1164256535338373,-0.0116251408118775,0.1339282283953419,-0.0989754479742433,0.7728502301253475,0.3498383336288171,0.1362108377045739,0.7537282591235683,0.6551937150839493
2026-07-21 18:05:40.959,Set_A,SubE1.mp4,0,0.8966101320263044,0.8930048735144653,-0.2337858603684815,-0.9685816564071842,-0.2493429695841123,0.155513674314706,-1.0236834241894284,0.0920111116349461,-0.1166541549352722,0.0116202417977764,-0.1471533139082531,0.1166541549352722,-0.0116202417977764,0.1471533139082531,-0.1254169299987705,0.7622494181971368,0.2886682562717115,0.10477347295281,0.7654830250919522,0.6812346443069189
2026-07-21 18:05:41.013,Set_A,SubE1.mp4,0,0.9153833582351026,0.8900151372015286,-0.2246800931279168,-0.9531967004518124,-0.3506541065082494,0.1467073926475079,-1.0192869393073918,0.0293621071337321,-0.113672479961207,0.0111983831285997,-0.1317073101869719,0.113672479961207,-0.0111983831285997,0.1317073101869719,-0.1126976227407841,0.8005750681527157,0.3065670222651764,0.1104135808120593,0.7936580728539678,0.5891977330798602
2026-07-21 18:05:41.067,Set_A,SubE1.mp4,0,0.9015291945920464,0.8893619214204718,-0.2151240599869038,-0.9819175206472316,-0.227363036002265,0.1603889540786759,-1.0173153435549882,0.2188764068124899,-0.1183100273633783,0.0058300136289522,-0.1434174673691138,0.1183100273633783,-0.0058300136289522,0.1434174673691138,-0.1245215166872644,0.8024958673509828,0.2171071468693651,0.1043579325425322,0.8033873544744021,0.5498764921636965
2026-07-21 18:05:41.121,Set_A,SubE1.mp4,0,0.9010708384152526,0.8669202605001064,-0.2243075826103379,-0.979389855280417,-0.3021956655117481,0.1600889807729621,-1.0193171395133789,0.2698487933228433,-0.11771398913232,0.0030214134581603,-0.1766639463694345,0.11771398913232,-0.0030214134581603,0.1766639463694345,-0.1194594244946912,0.7440370802421742,0.3800212385457076,0.1043120536783652,0.7617620754171722,0.7969918880575477
2026-07-21 18:05:41.176,Set_A,SubE1.mp4,0,0.8919232161216015,0.8808175002277385,-0.2253814016005375,-0.9705259172324794,-0.2779986890363191,0.1535526101119763,-1.027335271598396,0.3362335143264601,-0.1197965834545772,0.0091883724871918,-0.1885303131251073,0.1197965834545772,-0.0091883724871918,0.1885303131251073,-0.1183669810679034,0.7710933584316708,0.2549150154451637,0.1040141641398915,0.7681643261239693,0.6722902195169747
2026-07-21 18:05:41.230,Set_A,SubE1.mp4,0,0.8865615850452252,0.8579526957467638,-0.2127632791045289,-0.966259527007919,-0.5648998304776099,0.1210101300265939,-1.0107406312895688,0.2767128534540287,-0.114216083881451,0.0032156772497406,-0.2381356659860696,0.114216083881451,-0.0032156772497406,0.2381356659860696,-0.1292510241171552,0.6458120968769397,0.505608236792595,0.0806377168785405,0.6391512843975502,0.9548688377560134
2026-07-21 18:05:41.284,Set_A,SubE1.mp4,0,0.8827945016112093,0.8752076648841063,-0.2038165073264948,-0.9830383198760708,-0.3950411520710473,0.1166169122665407,-1.010407627095458,0.5313110574946741,-0.1089418977298153,-0.0023804153579145,-0.2737068573057865,0.1089418977298153,0.0023804153579145,0.2737068573057865,-0.1317111075221006,0.6601863107690481,0.3092544751722262,0.0676285312319832,0.6938858306761428,0.7127039315996472
2026-07-21 18:05:41.338,Set_A,SubE1.mp4,0,0.8808551172944712,0.8935957709969443,-0.2045963861856307,-0.9803752594354892,-0.5109218580351865,0.0959875848403875,-1.0157550849493922,0.4503596875304476,-0.1054896894457116,0.0010472881619324,-0.2861053655441955,0.1054896894457116,-0.0010472881619324,0.2861053655441955,-0.1398260188953932,0.6666982903364602,0.373948862888917,0.0821201065760608,0.7047959345862492,0.7402120220345132
2026-07-21 18:05:41.392,Set_A,SubE1.mp4,0,0.8799803847589694,0.9005351982156452,-0.1979174785508497,-0.9665224763055492,-0.6105505482618305,0.0870904036585687,-1.020689995432769,0.4138173491354371,-0.1023480070393052,-0.0002958124947919,-0.2771355332397836,0.1023480070393052,0.0002958124947919,0.2771355332397836,-0.1562206040027936,0.6396358694290039,0.3862454099223144,0.0699176981670796,0.6831855229135898,0.7288942709537248
2026-07-21 18:05:41.447,Set_A,SubE1.mp4,0,0.8743514834511719,0.8892036508590275,-0.1920352640378437,-0.9646937836680832,-0.6543527624512481,0.0874916486874856,-1.0199149521815738,0.4298559961522598,-0.1029936812570634,0.0046993732545031,-0.2918164489380434,0.1029936812570634,-0.0046993732545031,0.2918164489380434,-0.1504427489988229,0.6180524816725683,0.348838434509134,0.0824820643112709,0.6469476495114117,0.7554685785521519
2026-07-21 18:05:41.501,Set_A,SubE1.mp4,0,0.8768621391237759,0.8635731779708172,-0.185101304322126,-0.967151781531174,-0.5935628516890714,0.0745773632869353,-1.0250653856000385,0.4562485500095438,-0.0991772477292999,0.0006754630424918,-0.2682170062521203,0.0991772477292999,-0.0006754630424918,0.2682170062521203,-0.158750102105156,0.624017460785305,0.3508019488452472,0.0860561632294018,0.6532944630664375,0.8185306419190976
2026-07-21 18:05:41.555,Set_A,SubE1.mp4,0,0.8609515416272054,0.8737212724103013,-0.1728553708910468,-0.9603154639888836,-0.6956191392082599,0.0560953722653602,-1.0061035002807972,0.3498394988569431,-0.0916451636839822,0.0016408036110065,-0.268648489734237,0.0916451636839822,-0.0016408036110065,0.268648489734237,-0.1579453354493106,0.5682401932957484,0.3906544886807314,0.0792615741402717,0.6014769731066325,0.826906944366903
2026-07-21 18:05:41.609,Set_A,SubE1.mp4,0,0.8541792865645325,0.8617041657954922,-0.1623124948230366,-0.9537443227237264,-0.7215836535175286,0.0414769431527478,-1.004443840585029,0.3331278818651802,-0.0842055788260318,0.0063930765424437,-0.2694085634578175,0.0842055788260318,-0.0063930765424437,0.2694085634578175,-0.1638605551303086,0.5602851463377273,0.3984544798573476,0.0735354700265122,0.6238498486937133,0.89581173462187
2026-07-21 18:05:41.664,Set_A,SubE1.mp4,0,0.8595562003280748,0.8637673902658918,-0.1546280711122581,-0.9493963479430878,-0.8604919132555935,0.0240734514235046,-0.9764520422759848,0.3369811978270257,-0.0737832756761479,0.0030981191499708,-0.3384413196799784,0.0737832756761479,-0.0030981191499708,0.3384413196799784,-0.152963351887798,0.5855934689339688,0.4331609141570728,0.0749667294677755,0.6346526535105416,1.0419342066938049
2026-07-21 18:05:41.718,Set_A,SubE1.mp4,0,0.8547759156055712,0.8611169160635381,-0.1563257701713719,-0.9426489839585976,-0.7912042588264739,0.0033009544154006,-0.9989813391229913,0.3366109303966161,-0.0748590446600134,0.0089408598222461,-0.3159806868029299,0.0748590446600134,-0.0089408598222461,0.3159806868029299,-0.1443644333764429,0.5719809411239216,0.3341330500773617,0.0663891389584283,0.6274449278642908,1.0137481451253487
2026-07-21 18:05:41.772,Set_A,SubE1.mp4,0,0.8680776963907304,0.8917033670565563,-0.115569243566274,-0.9252210807078632,-0.9804521426469752,-0.0084441735012929,-0.9488024055269588,0.2929518550633915,-0.0463165923161154,0.003260600633884,-0.3432615425345009,0.0463165923161154,-0.003260600633884,0.3432615425345009,-0.1238145179058663,0.6044806237572903,0.3045845650466944,0.0495822390175267,0.6358326823155991,0.9176607443310963
2026-07-21 18:05:41.827,Set_A,SubE1.mp4,0,0.8847228852192635,0.880939599583167,-0.1166918674931406,-0.9388266797738688,-0.8903359702288162,0.0050908753588044,-0.9849538633129616,0.3549728779305418,-0.0653558440089105,0.0143594286640496,-0.3402023859728787,0.0653558440089105,-0.0143594286640496,0.3402023859728787,-0.1062707244223498,0.5906898090371685,0.3217550514948316,0.089337070390857,0.6197658068560002,0.9420006982450092
2026-07-21 18:05:41.881,Set_A,SubE1.mp4,0,0.8854915418928613,0.9125255920850376,-0.0809565211018735,-0.9308199048783774,-0.9531691983639254,-0.0151149695287584,-0.9711101640395338,0.3420781399823467,-0.0305092676298184,0.0064536449775117,-0.353045556097627,0.0305092676298184,-0.0064536449775117,0.353045556097627,-0.1219224303088959,0.6481924321944937,0.2581734833210504,0.0835158210223648,0.6273202141900721,0.7865338510576362
2026-07-21 18:05:41.936,Set_A,SubE1.mp4,0,0.8972840844060794,0.9060583001605476,-0.0781263640892894,-0.9317911223651972,-0.9447383604897632,-0.018397017245798,-0.9687316682516312,0.3293552609479705,-0.0267163528486738,0.0074762671765806,-0.3480224609034988,0.0267163528486738,-0.0074762671765806,0.3480224609034988,-0.1126201696819319,0.6539046341922721,0.2469980402170013,0.070747213037287,0.6194711075735057,0.7908991982391447
2026-07-21 18:05:41.991,Set_A,SubE1.mp4,0,0.8688695852428051,0.8330224593028469,-0.098953774426077,-0.9350677567571508,-0.8177069423510738,0.0216899241803865,-1.0027832296401509,0.3290722608514723,-0.0559732397990652,0.0329611566436381,-0.3537618270350904,0.0559732397990652,-0.0329611566436381,0.3537618270350904,-0.0779129819187238,0.5484471441252762,0.4905327794411596,0.0702829693481981,0.5445172018394944,1.103719304477238
2026-07-21 18:05:42.045,Set_A,SubE1.mp4,0,0.896006660718116,0.8455183303495579,-0.0797834978843362,-0.9382904482359854,-0.7862876494244346,0.0348602185512821,-1.001932547132376,0.3030520679346318,-0.0484395851618272,0.0290592782608804,-0.3523950172594803,0.0484395851618272,-0.0290592782608804,0.3523950172594803,-0.0348655531265854,0.5841140418831531,0.4995125761490397,0.0504741101121198,0.551409402106354,1.0833675320720293
2026-07-21 18:05:42.100,Set_A,SubE1.mp4,0,0.8979975769590791,0.8286762397916821,-0.0328071805864847,-0.9759933402472082,-0.8919387938909188,-0.0018321267564559,-0.9711740586595023,0.4365936072229616,-0.014863104280705,0.0116110312259087,-0.392743537341,0.014863104280705,-0.0116110312259087,0.392743537341,-0.0393105577026852,0.5313851997841007,0.492851866105821,0.0413814569073592,0.4444616472219302,1.117328378014769
2026-07-21 18:05:42.154,Set_A,SubE1.mp4,0,0.8396061609785626,0.7919900519634919,-0.0955682922491343,-0.9427024013136048,-0.793977168532376,0.0356777618157601,-1.0065675415983146,0.3504010036806441,-0.0406902070022307,0.0408124031469625,-0.3993280350030448,0.0406902070022307,-0.0408124031469625,0.3993280350030448,-0.0540545091125919,0.4828932827995069,0.7540148697296631,0.0201264999592919,0.4005548953880862,1.4106080311768416
2026-07-21 18:05:42.208,Set_A,SubE1.mp4,0,0.8990326218563074,0.8452397946324499,-0.075719421368492,-0.9792862292790054,-0.8246618095525029,-0.0094613089221248,-0.9796032419518156,0.4303316399126531,-0.0327765233480444,0.0084866592085047,-0.3761918963789671,0.0327765233480444,-0.0084866592085047,0.3761918963789671,-0.0503559437146234,0.5439066912485051,0.4054419617206325,0.010273140598479,0.4928179637066414,1.0039628119219377
2026-07-21 18:05:42.263,Set_A,SubE1.mp4,0,0.9060492461114512,0.8484234516400685,-0.0410773727772491,-0.9433287553499692,-0.9385768554450512,0.0060420821111759,-0.9499239295777334,0.2948635656785683,-0.0293869622205694,0.0123541210965855,-0.3773104816444737,0.0293869622205694,-0.0123541210965855,0.3773104816444737,-0.0525465464872936,0.5024328721535589,0.5155851830465564,-0.0159038942549624,0.4291188148857237,1.1008436994953126
2026-07-21 18:05:42.534,Set_A,SubE1.mp4,0,0.9686162479514356,0.8881870076660267,0.0133364970733432,-0.8731240672914081,-1.0892976537437198,-0.0664107462106335,-0.852728989466891,0.080033391740676,0.0535886404277196,-0.0140269722134754,-0.3327367514238871,-0.0535886404277196,0.0140269722134754,0.3327367514238871,0.0410983999934698,0.5288934157361115,0.1699261613640674,-0.0927631974734927,0.4800139446059351,0.9612505079983988
2026-07-21 18:05:42.589,Set_A,SubE1.mp4,0,0.9705426458629736,0.8850949430730596,0.0160172829347303,-0.8592830632683692,-1.0844112485966229,-0.063069304920066,-0.8605542852944059,0.0646340171800473,0.0467527424007804,-0.0042082491168407,-0.324295416290886,-0.0467527424007804,0.0042082491168407,0.324295416290886,0.0475140241008679,0.5181631614523581,0.1721632667965945,-0.0943922461998314,0.4701302205478931,0.9467353105027222
2026-07-21 18:05:42.643,Set_A,SubE1.mp4,0,0.9508695052741328,0.8887584115432736,0.0064495919070815,-0.8501966749495492,-1.113417436083149,-0.0653835371196344,-0.8432722617770491,0.0510193231124189,0.0448807243437331,0.0003647039542663,-0.3179142117884256,-0.0448807243437331,-0.0003647039542663,0.3179142117884256,0.0456524997445982,0.5221677014781728,0.1305569424508625,-0.0997786888002286,0.4772211357612204,0.8868024507359782
2026-07-21 18:05:42.698,Set_A,SubE1.mp4,0,0.9888848829999446,0.870998315483373,0.0176651228953327,-0.8699514860928832,-1.109312755345021,-0.0606839271515577,-0.8390940905333938,0.0713760523161124,0.0444826461500644,-0.0001153980299541,-0.3297315984549042,-0.0444826461500644,0.0001153980299541,0.3297315984549042,0.0594614233888785,0.5026770187519739,0.2328841312555976,-0.1003974155677579,0.4658584584020627,1.0199171912305136
2026-07-21 18:05:42.753,Set_A,SubE1.mp4,0,0.987601114581637,0.8442803439375216,0.0178185829213982,-0.8994174572035196,-1.0813199695400395,-0.0746178924055449,-0.8556061390314641,0.1238932020530698,0.0447504064134471,-0.0062916465160383,-0.3403653238160601,-0.0447504064134471,0.0062916465160383,0.3403653238160601,0.0859471854648513,0.4787371715319207,0.2498885999100867,-0.1123583599138677,0.4351600136669991,1.0383595530306844
2026-07-21 18:05:42.807,Set_A,SubE1.mp4,0,0.9837829268203396,0.8543210329010261,0.0223023519763301,-0.8970286499560994,-1.0716307472103157,-0.0962080344464719,-0.8660470623326687,0.1303008460406588,0.0488837112343053,-0.0106839414427257,-0.331581606716825,-0.0488837112343053,0.0106839414427257,0.331581606716825,0.0727574763642883,0.5337088905875653,0.158166457826848,-0.1191322020943166,0.4889230338472585,0.9987918102777068
2026-07-21 18:05:42.862,Set_A,SubE1.mp4,0,0.9470216390551236,0.8885028078517776,0.0292027644583767,-0.8971715071689415,-1.075683583185801,-0.0925190334620823,-0.8493998925653222,0.1033259351417563,0.0508441260222226,-0.0079726951399283,-0.3310304465983684,-0.0508441260222226,0.0079726951399283,0.3310304465983684,0.091510494530624,0.5647369370627634,0.0413480883233736,-0.1109955154080869,0.5409761820922296,0.9000568714805727
2026-07-21 18:05:42.916,Set_A,SubE1.mp4,0,0.9263968201003152,0.9285868473708678,0.0426392321423814,-0.9058998799054826,-1.04579648221594,-0.0840865007931212,-0.8566293073832661,0.1014591548394051,0.0526366378485174,-0.009173975972588,-0.3196954475349043,-0.0526366378485174,0.009173975972588,0.3196954475349043,0.1133762777283174,0.5722374950385783,0.0034933425941983,-0.0768217687809476,0.5608240787518478,0.7711189507544233
2026-07-21 18:05:42.971,Set_A,SubE1.mp4,0,0.936656835706283,0.91037089679661,0.0299273622044945,-0.8571553082461285,-1.1282763483706293,-0.0787962887806221,-0.8240450977964251,0.0460670235458754,0.045236138801421,-0.0096924634845286,-0.3375801891502366,-0.045236138801421,0.0096924634845286,0.3375801891502366,0.0807608570788074,0.5378174008367708,0.0474880670444383,-0.0904537074416934,0.4721525372583948,0.8828990887946595
2026-07-21 18:05:43.025,Set_A,SubE1.mp4,0,0.9117537590084788,0.939666489601762,0.0528554237320001,-0.8833681630674464,-1.0914149437842111,-0.0858897584932545,-0.8395269845011729,0.0762592694113654,0.0618574660479017,-0.0180496419378166,-0.3373274326177503,-0.0618574660479017,0.0180496419378166,0.3373274326177503,0.0916832648285032,0.5824753766033846,-0.0698761302704842,-0.0837001604729889,0.5468699013840028,0.7796686630371534
2026-07-21 18:05:43.079,Set_A,SubE1.mp4,0,0.9517280550897346,0.9007153302261393,0.0589533525693844,-0.9178038594409348,-1.058819261797201,-0.0934777191199764,-0.8633773830300912,0.1498630199551349,0.0643317597934572,-0.0174520801113638,-0.3546507200852539,-0.0643317597934572,0.0174520801113638,0.3546507200852539,0.0905367219183438,0.5603394912189533,0.0810373292512982,-0.0746234471811076,0.5372089348324306,0.9182109207362874
2026-07-21 18:05:43.133,Set_A,SubE1.mp4,0,0.9388774505746564,0.9286038615025708,0.0699480105489871,-0.9081796974078664,-1.0694821515254154,-0.0942612845646376,-0.8632922055561194,0.1414217215340303,0.0681338226759484,-0.0155191369045636,-0.356600684125368,-0.0681338226759484,0.0155191369045636,0.356600684125368,0.0806380812280387,0.5802273004506908,0.029982588987868,-0.0647417810181724,0.5415955800099114,0.8078586717566811
2026-07-21 18:05:43.188,Set_A,SubE1.mp4,0,0.967068142036802,0.9435759460432842,0.060149993969055,-0.9133219459132964,-1.047773425516222,-0.1050086850146341,-0.8513191846152656,0.1075450605513287,0.0658241315555945,-0.007740508170259,-0.3497290556295654,-0.0658241315555945,0.007740508170259,0.3497290556295654,0.0634403674138393,0.5844476144450705,0.0995899202572652,-0.0632548698505092,0.5368939891027993,0.7310258968732335
2026-07-21 18:05:43.241,Set_A,SubE1.mp4,0,0.9477082487424144,0.9408106544404292,0.0769270152012956,-0.9324738184703224,-0.9784967967495702,-0.1100825316215686,-0.8787732476483165,0.1309799667057489,0.0746866696023515,-0.0106115656073156,-0.3290203026493625,-0.0746866696023515,0.0106115656073156,0.3290203026493625,0.0606964979396999,0.6067332050025158,0.100715951533531,-0.0476115504094042,0.5646764581618041,0.669354263815736
2026-07-21 18:05:43.296,Set_A,SubE1.mp4,0,0.9961242927422264,0.9318615172887336,0.0763844522979352,-0.9465008057638096,-0.9419766333540828,-0.1222781209878357,-0.8749920562915678,0.1173206295224905,0.0712787795307684,-0.0117983931803428,-0.3212335897934512,-0.0712787795307684,0.0117983931803428,0.3212335897934512,0.0356474663437354,0.6129691509237656,0.1447726138097353,-0.0410502721776118,0.5775690829274193,0.7499711532065899
2026-07-21 18:05:43.403,Set_A,SubE1.mp4,0,0.9234110278042648,0.890618623081921,0.0684137920300814,-0.9840745573477032,-0.8728954712166118,-0.1352851295052009,-0.9232810320312582,0.2749633012431907,0.0644354665976343,0.0074522827965172,-0.3545214835517543,-0.0644354665976343,-0.0074522827965172,0.3545214835517543,-0.039671265046391,0.5643533142011792,0.1590306943805851,-0.0728754615214518,0.4624147615914969,0.7880672618650751
2026-07-21 18:05:43.457,Set_A,SubE1.mp4,0,0.9435398522559776,0.9260001890991556,0.0663410794587674,-0.992506524340466,-0.8718978415348004,-0.1386191308334323,-0.91989019883269,0.2909377254458757,0.0621391755739506,-0.0070457110411335,-0.3457474832025294,-0.0621391755739506,0.0070457110411335,0.3457474832025294,-0.0585633831951495,0.5883202416319941,0.0100040471445901,-0.0504626307864137,0.5531388621891059,0.6855530622305529
2026-07-21 18:05:43.565,Set_A,SubE1.mp4,0,0.909485924025372,0.92478258210247,0.0900833765921396,-1.0059009428766257,-0.8326519766676374,-0.1346661049203021,-0.9421116632834308,0.3818091364490937,0.0524541311756693,-0.0010823064916323,-0.3899260931393408,-0.0524541311756693,0.0010823064916323,0.3899260931393408,-0.0488289630237936,0.6412372985495497,-0.2145488226281059,0.0128431271695069,0.6172003817206407,0.7770670624967793
2026-07-21 18:05:43.619,Set_A,SubE1.mp4,0,0.8913203770206459,0.932721348578972,0.090143468874016,-0.9714002048638471,-0.9015217380247196,-0.1356331541335556,-0.9418911400920577,0.3207920953752214,0.0516092713871465,-0.0002673605589731,-0.3920487401982824,-0.0516092713871465,0.0002673605589731,0.3920487401982824,-0.0688611113531591,0.6534703385239957,-0.2367086563504514,0.0248192863514432,0.6164292469280068,0.7993565558629534
2026-07-21 18:05:43.675,Set_A,SubE1.mp4,0,0.8697878931450361,0.9112222833290076,0.0588111276981975,-1.0084450512979772,-0.8618440190282346,-0.1434284089435016,-0.9380730989615932,0.4102833847555898,0.051110181156536,-0.0089428423052905,-0.3954715584648351,-0.051110181156536,0.0089428423052905,0.3954715584648351,-0.0794430214115063,0.6576124800906654,-0.2148123549324883,0.0125283747547339,0.6141153906406468,0.8298465941761407
2026-07-21 18:05:43.729,Set_A,SubE1.mp4,0,0.8911713406026663,0.903668746486058,0.0759944642344461,-1.0046636216330218,-0.8710759459978644,-0.1338953904771941,-0.9249621484138504,0.3483983490882146,0.0463375008736939,-0.0089288703754607,-0.3673833143141253,-0.0463375008736939,0.0089288703754607,0.3673833143141253,-0.0757702562720441,0.6453286850557267,-0.0503937274106929,0.0397801980210167,0.587002521444924,0.8760966386887362
2026-07-21 18:05:43.783,Set_A,SubE1.mp4,0,0.9118864463160412,0.91386955918829,0.0929642316442234,-1.0086598545606245,-0.7780621954654107,-0.1222298348432768,-0.9478453369106412,0.3642615668827781,0.048615170315807,-0.0013508321424372,-0.3541913498498996,-0.048615170315807,0.0013508321424372,0.3541913498498996,-0.1027371768848942,0.6919076888228294,-0.1380849086299536,0.0558097505341835,0.6160868319549493,0.7238301408921294
2026-07-21 18:05:43.837,Set_A,SubE1.mp4,0,0.9267701221505866,0.8955202285619979,0.1176746108917384,-1.0138912300702314,-0.7606575583839534,-0.096360780148001,-0.9530865660124136,0.3993487287978381,0.0457209352714308,0.0002410313593543,-0.3498779259199907,-0.0457209352714308,-0.0002410313593543,0.3498779259199907,-0.03836959282785,0.6438006897051806,-0.0964112468014703,0.07707963960037,0.5667107885994455,0.7477011821806664
2026-07-21 18:05:43.891,Set_A,SubE1.mp4,0,0.9388489803452148,0.8825418614925905,0.1210432320175614,-0.9929760861125512,-0.8305403203784647,-0.0915754742364791,-0.9487605343103644,0.3522197707885995,0.0480933844775274,0.0070850458325707,-0.355664438915763,-0.0480933844775274,-0.0070850458325707,0.355664438915763,-0.0176385501768161,0.6194244061432026,0.0611426558605853,0.0481050552321933,0.5098993112305427,0.8149718422558169
2026-07-21 18:05:43.946,Set_A,SubE1.mp4,0,0.8969340705366614,0.9248353370709026,0.108750224042124,-0.9897457336980824,-0.8488372077609952,-0.1009948554849549,-0.9422199818264988,0.3316831414556684,0.0495064916625249,0.0044733103533817,-0.3663708583682215,-0.0495064916625249,-0.0044733103533817,0.3663708583682215,-0.0324724918184962,0.6404497678480838,-0.3106903797152691,0.0552195195571385,0.5930524266169604,0.4553407764283819
2026-07-21 18:05:44.001,Set_A,SubE1.mp4,0,0.9056513761701354,0.9199581969076972,0.0968675035058194,-0.99155938921736,-0.8688424447909909,-0.107931764052924,-0.9324249885106544,0.3228005998769857,0.0442111333138743,-0.0033469122016588,-0.361002300324902,-0.0442111333138743,0.0033469122016588,0.361002300324902,-0.0337745158342069,0.6425856298642388,-0.1932144014832201,0.0375244059346408,0.5795046184207682,0.6061612349398824
2026-07-21 18:05:44.057,Set_A,SubE1.mp4,0,0.9103042365911636,0.926786834226393,0.1065883738475759,-0.953928836620552,-0.9402083212860516,-0.087924971767135,-0.9211334117063348,0.2446558485551266,0.04051109256375,0.0062855591706831,-0.3587541295466048,-0.04051109256375,-0.0062855591706831,0.3587541295466048,-0.0184435350626041,0.6411218468074947,-0.193727596670436,0.0438953583427235,0.5749619802721314,0.6073805964642243
2026-07-21 18:05:44.112,Set_A,SubE1.mp4,0,0.9311848093791608,0.9346352174912624,0.0876344400231271,-0.9820676805023172,-0.8653390922563026,-0.1076485622736236,-0.9123550647053372,0.2244320027726274,0.0458389478858684,0.0035402691938985,-0.3354854678614279,-0.0458389478858684,-0.0035402691938985,0.3354854678614279,-0.004848810854875,0.6431029973192262,-0.0845646318134124,0.0158184060569422,0.5596480209702491,0.6136890914695082
2026-07-21 18:05:44.166,Set_A,SubE1.mp4,0,0.936231446889116,0.9347953507423932,0.0883036921152973,-0.9366406640279038,-0.945600840614126,-0.1068835487926544,-0.8998905237058975,0.1538887809567517,0.0590660558093353,0.001095507425121,-0.3189022431698048,-0.0590660558093353,-0.001095507425121,0.3189022431698048,-0.0073482096193412,0.6541003971662729,0.0029660805965375,-0.027625986509731,0.5873279403501894,0.6700481074810045
2026-07-21 18:05:44.222,Set_A,SubE1.mp4,0,0.9633811601459866,0.903148955651307,0.0880990492980907,-0.9414545923959928,-0.8859350998843375,-0.1140188964375672,-0.9041490021064283,0.1158211255376775,0.0658522213290891,-0.0038706391057096,-0.2888450052806833,-0.0658522213290891,0.0038706391057096,0.2888450052806833,0.0069368294937693,0.6189308464739289,0.2335829373858066,-0.0590448102960244,0.5086646745445403,0.8091257570214466
2026-07-21 18:05:44.277,Set_A,SubE1.mp4,0,0.9604912870370516,0.9361948151568484,0.0787837943400768,-0.948472410438262,-0.9260537751964956,-0.1104923638243552,-0.8819975821080435,0.1208369267582693,0.0681617237367024,-0.005040266229057,-0.3042671352101382,-0.0681617237367024,0.005040266229057,0.3042671352101382,0.0320440699264588,0.6179626139101805,0.0526939160283893,-0.0701690087924748,0.548033948404648,0.7177853157910482
2026-07-21 18:05:44.331,Set_A,SubE1.mp4,0,0.9128784350752844,0.971518268459444,0.0834753558757646,-0.972966678515976,-0.8806691746614007,-0.1071372527036414,-0.8876083622858728,0.1473884424832628,0.0754988379453514,-0.0150683636401098,-0.3109977905545961,-0.0754988379453514,0.0150683636401098,0.3109977905545961,0.0681861433262984,0.645566893714373,-0.2455890935374028,-0.1112495530119642,0.5762760803135292,0.3402261490367587
2026-07-21 18:05:44.386,Set_A,SubE1.mp4,0,0.913987395489838,0.9564934347278766,0.0762504602703848,-0.9344101071953448,-0.9345340781706444,-0.1199308775609205,-0.8572905045946204,0.0468962359980673,0.0810849853356493,-0.0185654120455715,-0.2838298726646945,-0.0810849853356493,0.0185654120455715,0.2838298726646945,0.0601217282160155,0.6313512783267988,-0.1104140078045714,-0.1202943217311111,0.5932065252033704,0.4767913420875301
2026-07-21 18:05:44.440,Set_A,SubE1.mp4,0,0.9108097561572532,0.9500313869823216,0.080867876114033,-0.9010957933867336,-1.0202745171826224,-0.0950402372002922,-0.8481711469928067,0.0508085221748336,0.073779276941672,-0.0123507301701432,-0.3078809826394472,-0.073779276941672,0.0123507301701432,0.3078809826394472,0.0626874432864724,0.5833104862536225,-0.1063365961898721,-0.0984460702629751,0.5498874489049083,0.6279793307215749
2026-07-21 18:05:44.494,Set_A,SubE1.mp4,0,0.931702021519026,0.914333998753332,0.0624127629844114,-0.9167012092018996,-0.9715561220690312,-0.1042710030965676,-0.862132024030784,0.0583199992170767,0.0715400749633773,-0.0096712366744527,-0.2874695554491139,-0.0715400749633773,0.0096712366744527,0.2874695554491139,0.0681040044200816,0.5392366396863025,-0.0142240881759327,-0.129876996947687,0.5357007298082993,0.7102206481520555
2026-07-21 18:05:44.549,Set_A,SubE1.mp4,0,0.9150455556063032,0.8868088103700427,0.0177739479538215,-0.8994531706631556,-1.059008203979789,-0.0960690867580973,-0.8383898274512348,0.0722095491649348,0.0447748109089014,-0.0058867265752052,-0.3238040896696449,-0.0447748109089014,0.0058867265752052,0.3238040896696449,0.0933592989938143,0.5359625126942796,-0.0540142180122722,-0.1411750723038989,0.5322685518325733,0.822080681962176
2026-07-21 18:05:44.603,Set_A,SubE1.mp4,0,0.9513686805365208,0.8914044290232415,0.0251742299180383,-0.9299276139819485,-1.0146939237580128,-0.1076912061527569,-0.859491219838451,0.1252158825439982,0.0479435123415641,-0.0090585213197614,-0.3222423501409978,-0.0479435123415641,0.0090585213197614,0.3222423501409978,0.1207818299027514,0.5548132622976323,0.017021310928907,-0.0902297833683898,0.5730581225841936,0.8075172431082661
2026-07-21 18:05:44.657,Set_A,SubE1.mp4,0,0.9432357546055224,0.9117117351772188,0.0436346810119124,-0.950745059501798,-0.940637202592478,-0.1271797231897647,-0.8613777732316298,0.0984786278491715,0.064247038886593,-0.0155617061133514,-0.29501449027872,-0.064247038886593,0.0155617061133514,0.29501449027872,0.1048581790350604,0.6394214224382013,-0.0125263881968219,-0.0991397384861832,0.6116478808380217,0.671127823417029
2026-07-21 18:05:44.712,Set_A,SubE1.mp4,0,0.9673281511923716,0.8909524828812345,0.0420492338769113,-0.9001304857730602,-1.0155832824701794,-0.0881668695238478,-0.8439962120277121,0.0378843381622143,0.0537277324540376,-0.0121173249152881,-0.2950840652745402,-0.0537277324540376,0.0121173249152881,0.2950840652745402,0.0905427102405601,0.5488090359952053,0.1268412707835887,-0.0984154888390664,0.5338778115394078,0.84084851569292
2026-07-21 18:05:44.767,Set_A,SubE1.mp4,0,0.9536912959547132,0.9189379462951848,0.0349645261877805,-0.8853140414256072,-1.061254205718852,-0.0739467026615425,-0.8352808514278438,0.0424148638184765,0.0488972986315745,-0.0065915090678873,-0.3162943115032685,-0.0488972986315745,0.0065915090678873,0.3162943115032685,0.089832874340782,0.5310056261354185,0.1347598070037358,-0.0930834921899472,0.5275713553666814,0.7671093754501906
2026-07-21 18:05:44.821,Set_A,SubE1.mp4,0,0.9766538581704144,0.9359624494259936,0.0284884546206751,-0.9110766863714724,-0.996492749299402,-0.0595492616362533,-0.8834218092090065,0.1139904118368102,0.0344532086426383,-0.0023244675469487,-0.3247772580872371,-0.0344532086426383,0.0023244675469487,0.3247772580872371,0.0978456801446873,0.547427227088491,0.197744604311623,-0.0359930390785663,0.5464607547037703,0.743837585237665
2026-07-21 18:05:44.876,Set_A,SubE1.mp4,0,0.9262840015498056,0.9232069076806544,0.0436661655168255,-0.9228211906955612,-1.0100296312892398,-0.0739219886813581,-0.8606803966959701,0.1054818586776852,0.0509660303671313,-0.0080598598911311,-0.3221166477793765,-0.0509660303671313,0.0080598598911311,0.3221166477793765,0.1028252749830164,0.5396909648559258,0.0318011525274269,-0.0833987453757577,0.5225199675062516,0.7591332362815308
2026-07-21 18:05:44.930,Set_A,SubE1.mp4,0,0.903693273727093,0.976144635294371,0.0532929952934276,-0.8865897753733222,-1.0599812942258011,-0.0695909700036752,-0.839194260526223,0.0493360362571004,0.0598234748291831,-0.0144139654277862,-0.3235976577154757,-0.0598234748291831,0.0144139654277862,0.3235976577154757,0.0954072889553072,0.5693225343471684,-0.1045237799924719,-0.0917062297036572,0.5500908073995764,0.5876130474157687
2026-07-21 18:05:44.985,Set_A,SubE1.mp4,0,0.9142007362892258,0.964133170592268,0.049627966691797,-0.9205730340929144,-1.027523716506174,-0.0784980944785528,-0.8616091192342776,0.1203339413854283,0.0608294180706765,-0.013299239052427,-0.3373149323980307,-0.0608294180706765,0.013299239052427,0.3373149323980307,0.0679493283065546,0.5910788304130505,-0.1547619943917555,-0.0859540843933972,0.5627296863580257,0.6130473291054791
2026-07-21 18:05:45.040,Set_A,SubE1.mp4,0,0.9189053773341,0.9619783265128288,0.0495289765838746,-0.952173323499864,-0.9992658598186772,-0.0772992539123922,-0.8791160797161951,0.1957685459677426,0.0537913219455468,-0.0082134207219675,-0.3467593745782362,-0.0537913219455468,0.0082134207219675,0.3467593745782362,0.0678258541033512,0.610560335818177,-0.1352304945603537,-0.0625970818292545,0.5727517016147303,0.6222558505905553
2026-07-21 18:05:45.095,Set_A,SubE1.mp4,0,0.9285549415894556,0.9609398968778914,0.060608161688187,-0.9652831757990064,-0.9657872381959908,-0.0883186116896954,-0.8813629356569561,0.1982390182089425,0.053392035873322,-0.0171640851627318,-0.3507318946781514,-0.053392035873322,0.0171640851627318,0.3507318946781514,0.0379417046004052,0.60544551974812,-0.17625950904322,-0.0511546518485558,0.5622739983819176,0.6117032570194989
2026-07-21 18:05:45.149,Set_A,SubE1.mp4,0,0.9516831182057666,0.9421165275277836,0.0325451676246825,-0.9564060844886496,-0.9503672887985292,-0.1026455399068579,-0.8843784898245495,0.1715232166143243,0.048038297966458,-0.0044957542093888,-0.326446465061916,-0.048038297966458,0.0044957542093888,0.326446465061916,0.0160063837760386,0.6455507347490022,-0.0200269076131941,-0.0534372382232246,0.599719035381996,0.6668403425730648
2026-07-21 18:05:45.204,Set_A,SubE1.mp4,0,0.8602748707955854,0.8990443276619772,0.0187191301784958,-0.9859334250945676,-0.934563656443676,-0.129413066441443,-0.8937418554273558,0.260347302244637,0.0509739418582484,-0.0101575111108706,-0.3709842539871413,-0.0509739418582484,0.0101575111108706,0.3709842539871413,-0.0853953044627879,0.6784832498542284,-0.2847383314709838,-0.0997500875905915,0.6259418404065297,0.5047817381813839
2026-07-21 18:05:45.258,Set_A,SubE1.mp4,0,0.8830855462416756,0.9300003888657474,0.0286171386792736,-1.0169085735790668,-0.8632800872910733,-0.1334357473772127,-0.9207188488539731,0.3789113939322626,0.0591879848441581,-0.0100011718382141,-0.3723687591529623,-0.0591879848441581,0.0100011718382141,0.3723687591529623,-0.0660898051558833,0.676531927041043,-0.3447295003816319,-0.1047685762139229,0.6425147191279338,0.3568642082123092
2026-07-21 18:05:45.421,Set_A,SubE1.mp4,0,0.904016474819295,0.9228275779568718,0.0306013729992694,-0.9761709100614852,-0.9168529045799184,-0.0762359524228877,-0.9145534150350128,0.2664076634956123,-0.0024509023732372,0.002673974559576,-0.3340050680469099,0.0024509023732372,-0.002673974559576,0.3340050680469099,-0.0849812083206514,0.6520903984585548,-0.1036844814903452,0.0526611467449697,0.5830743425851788,0.7023888518724896
2026-07-21 18:05:45.475,Set_A,SubE1.mp4,0,0.8902836554574386,0.8904075184539147,0.0402347689386696,-0.9972875114114256,-0.8880606427404659,-0.0820103667839313,-0.925011759252919,0.3375878337589509,0.0101765203275244,0.0006574203334792,-0.3511669927449232,-0.0101765203275244,-0.0006574203334792,0.3511669927449232,-0.1248421877384961,0.6110077469951054,-0.0333035911715938,0.0418209163425143,0.5182067438919895,0.8234964874900231
2026-07-21 18:05:45.530,Set_A,SubE1.mp4,0,0.8942358753393863,0.889240759332758,0.0430130873180385,-1.0173738603335625,-0.7969727974652456,-0.0920212130528798,-0.9501268793523926,0.4412495300969463,0.0158026673238662,0.0018506184834356,-0.3484150458760869,-0.0158026673238662,-0.0018506184834356,0.3484150458760869,-0.0820511175297233,0.626895997115166,0.0755494231168698,0.0542490432045359,0.5137121382154836,0.7122091111481991
2026-07-21 18:05:45.584,Set_A,SubE1.mp4,0,0.868904909191774,0.8733987740482204,0.0390667288857536,-1.029411015574036,-0.8184613411895361,-0.1138999608298024,-0.9329849899939834,0.4397769016788923,0.0140640887100771,0.004231898270021,-0.3615483028686413,-0.0140640887100771,-0.004231898270021,0.3615483028686413,-0.1433518756972634,0.6029251071948359,-0.0148041483180423,0.0572614876656313,0.5386964876280433,0.8260408156324617
2026-07-21 18:05:45.638,Set_A,SubE1.mp4,0,0.8747449578320977,0.839392070905379,0.0332831337412931,-1.0297597965827645,-0.7315523459639056,-0.0669128648615793,-0.953150816224386,0.4728352363604866,0.0019776208440003,0.0065777176216578,-0.337944786300942,-0.0019776208440003,-0.0065777176216578,0.337944786300942,-0.1228806111361656,0.5331673623711375,0.2743450724013307,0.0780266830198271,0.4436790895711143,0.8167060232111593
2026-07-21 18:05:45.693,Set_A,SubE1.mp4,0,0.8899646239384157,0.8846706200669446,0.0492844525488131,-1.0351369102718029,-0.7688193820450109,-0.0850344370576533,-0.940075789468641,0.4569592701491717,0.0249814694981165,-0.0005548132317244,-0.3500436971694615,-0.0249814694981165,0.0005548132317244,0.3500436971694615,-0.120165743444578,0.6076141017694864,0.0744870113232434,0.0659769041899083,0.5111248621677541,0.6970788275370833
2026-07-21 18:05:45.747,Set_A,SubE1.mp4,0,0.8959815624528676,0.8352519544546624,0.0522263479851247,-1.0178319500962087,-0.7677255524678854,-0.050705445712842,-0.9605472026041147,0.4744447740028981,0.0184033328795567,0.0020761334698763,-0.3587342067097975,-0.0184033328795567,-0.0020761334698763,0.3587342067097975,-0.0630764003120234,0.4737053764544283,0.2537165377761968,0.064311280385617,0.4191530706308626,0.8747111322603959
2026-07-21 18:05:45.801,Set_A,SubE1.mp4,0,0.924294980211558,0.8803334421384625,0.056634272643071,-1.026435291048601,-0.7578485912323558,-0.0636102268646258,-0.9560957430515094,0.4941782764590663,0.0272801277863532,-0.0027698149971249,-0.3717160647549467,-0.0272801277863532,0.0027698149971249,0.3717160647549467,-0.0453871767473351,0.5937704160483324,0.1290591112463261,0.0496871619522741,0.5260031675660022,0.7202324469022487
2026-07-21 18:05:45.856,Set_A,SubE1.mp4,0,0.9009738777926276,0.9125291101160886,0.0519176845774147,-0.9996575512600708,-0.856106013718406,-0.0592771026322411,-0.950719338796192,0.4134144442252034,0.0252884636685975,-0.0017085405515863,-0.3838111965635814,-0.0252884636685975,0.0017085405515863,0.3838111965635814,-0.0491115260503917,0.5908742690917859,-0.237979616137174,0.063641103306703,0.581114098313625,0.5754118937259849
2026-07-21 18:05:45.910,Set_A,SubE1.mp4,0,0.9080811685278553,0.9228226899859744,0.0540046848271303,-0.9949721769846516,-0.8670761777749684,-0.059195734932654,-0.9529874755959928,0.4138364565272628,0.0336883661202702,0.0030922359775525,-0.3984155028579327,-0.0336883661202702,-0.0030922359775525,0.3984155028579327,-0.0487742766949388,0.6151651149337287,-0.3321888353084039,0.0234237085770333,0.5669740526339572,0.5584341369578794
2026-07-21 18:05:45.966,Set_A,SubE1.mp4,0,0.9354091886525836,0.9252769722247788,0.0559017303092177,-0.9709795671058244,-0.8543710888390456,-0.0616750101185947,-0.9526682852133062,0.3070634883909612,0.0315338705676407,0.0031197013694586,-0.3457077722926921,-0.0315338705676407,-0.0031197013694586,0.3457077722926921,-0.0366209529930553,0.6394872353956255,0.0441026601709526,-0.0053444064444004,0.5426460187919357,0.6603113276100859
2026-07-21 18:05:46.020,Set_A,SubE1.mp4,0,0.9296935634642308,0.922464008677184,0.022576976159657,-0.9646000478002452,-0.9301747832212464,-0.0738883217936917,-0.9099798718641332,0.2349645483999252,0.0225322030770272,-0.0033490265807048,-0.3292987222419025,-0.0225322030770272,0.0033490265807048,0.3292987222419025,-0.0370746993066463,0.627720210400833,0.0319003394412057,-0.0257168626966113,0.5529388148522867,0.6946132230753559
2026-07-21 18:05:46.075,Set_A,SubE1.mp4,0,0.9219975046950842,0.898767361140291,-0.0172445466051912,-0.9521843533144886,-0.9291439470730228,-0.0972495863943954,-0.912505812008342,0.2151259635060908,0.0158889283389193,0.0133387326270777,-0.329311043895334,-0.0158889283389193,-0.0133387326270777,0.329311043895334,-0.0336876830009727,0.6352338538435455,0.1941419601871974,-0.0136403472081948,0.5564746090702891,0.8455891951948807
2026-07-21 18:05:46.129,Set_A,SubE1.mp4,0,0.9382747626912508,0.8998029296735972,0.0155363437619638,-0.9630467594450144,-0.9577817134839312,-0.102523399553826,-0.9021025802160798,0.2410870833335113,0.0471779877478964,-0.003930811121438,-0.3458018987870221,-0.0471779877478964,0.003930811121438,0.3458018987870221,0.0036709974969921,0.6389943146203185,0.1980069209776461,-0.0753952803024039,0.5344340705855872,0.8834464953703001
2026-07-21 18:05:46.184,Set_A,SubE1.mp4,0,0.9103578120648154,0.9606372982575831,0.0279232918927683,-0.9546559853859704,-0.967842189059054,-0.1030511651467218,-0.8815382943461383,0.178699382122679,0.062477380377163,-0.0151104531054169,-0.3236402321398284,-0.062477380377163,0.0151104531054169,0.3236402321398284,0.039466024716538,0.6202872834312216,-0.1494984478743585,-0.1004184180977757,0.5945617006807888,0.5438528122104613
2026-07-21 18:05:46.238,Set_A,SubE1.mp4,0,0.8974405741699186,0.9323073889169272,0.0054211239265145,-0.9192815770243302,-1.0639198546867463,-0.0851611248262838,-0.855766826062396,0.1458541168684962,0.0465364708781394,-0.0127948782906786,-0.3434636590083771,-0.0465364708781394,0.0127948782906786,0.3434636590083771,0.0429617313213433,0.5745119973930043,-0.1188225501511644,-0.0922652538009083,0.5466971134691087,0.7141850784539646
2026-07-21 18:05:46.292,Set_A,SubE1.mp4,0,0.9587099487490468,0.8758964783722902,-0.0058546207226996,-0.9430858916859054,-1.0426354975082088,-0.0845537633368419,-0.8757309514732239,0.2157548440083213,0.0279837560044695,-0.0076734368041706,-0.3498660375509805,-0.0279837560044695,0.0076734368041706,0.3498660375509805,0.0158561573449161,0.5495246734346438,0.1870550892452969,-0.0999771866038496,0.5433386231574449,0.920017487807804
2026-07-21 18:05:46.347,Set_A,SubE1.mp4,0,0.9233757298422388,0.883933701856511,-0.0072246121487794,-0.9628002824605262,-0.9458051754295304,-0.0774063325755445,-0.9303184199070952,0.3063216479317515,0.012091746360438,-0.0088946160362438,-0.3541861628650598,-0.012091746360438,0.0088946160362438,0.3541861628650598,-0.0484360494726473,0.5644021444923685,0.2097429969085593,-0.001869676114322,0.5583340085514741,0.8740840840476641
2026-07-21 18:05:46.401,Set_A,SubE1.mp4,0,0.9703325526807012,0.8662276691190401,-0.0207373618755325,-0.946608342286824,-0.962670161517059,-0.0531295348333238,-0.9246034043378336,0.2604520466378567,0.0204861682984473,-0.0091223231096455,-0.3502265140210192,-0.0204861682984473,0.0091223231096455,0.3502265140210192,0.0220152140498711,0.5470183535752905,0.2298962509670895,-0.0673141697138935,0.5703538562901744,0.9225070916517945
2026-07-21 18:05:46.455,Set_A,SubE1.mp4,0,0.979684678214397,0.8902074280949647,0.0173627508401348,-0.923314551328687,-1.045685113517664,-0.0729955009911738,-0.8789175230222828,0.1803155119651057,0.0501481354880753,-0.008231473885293,-0.3466890075672898,-0.0501481354880753,0.008231473885293,0.3466890075672898,0.0691369688707581,0.5497501571718572,0.117852936964258,-0.1008116921519116,0.5622089123149078,0.8180348219750766
2026-07-21 18:05:46.510,Set_A,SubE1.mp4,0,0.9595201049279448,0.8530236689309215,-0.0070204768015418,-0.9528418538949028,-1.0216770315342931,-0.059905505152103,-0.909903965901414,0.2966260514157311,0.0215919030518365,-0.0065218654731485,-0.3733331149132144,-0.0215919030518365,0.0065218654731485,0.3733331149132144,0.0394512709152894,0.504948251728469,0.3267577721324688,-0.1148919156564069,0.5292379295512267,1.0111483534421633
2026-07-21 18:05:46.564,Set_A,SubE1.mp4,0,0.9677818009716572,0.8608849851820082,-0.0009281305610376,-0.9663807958297268,-1.0059711134179654,-0.0679349547016003,-0.9123953833581118,0.3237263303639234,0.0333081964172217,-0.0121914905948212,-0.3729523083865432,-0.0333081964172217,0.0121914905948212,0.3729523083865432,0.0813299511859809,0.5046877233510054,0.2729356882372705,-0.0944220810905555,0.5597539029943246,0.9430913092429384
2026-07-21 18:05:46.619,Set_A,SubE1.mp4,0,0.9539485108219234,0.8605448416068486,0.0053933049453572,-0.9382161634302972,-1.0486283551839757,-0.0602390591870845,-0.8976468791847552,0.2570483958609405,0.0350391007404059,-0.010908822890517,-0.3694213254561723,-0.0350391007404059,0.010908822890517,0.3694213254561723,0.08163937020583,0.4879092390766135,0.3602576363067236,-0.105671696599581,0.5124503336621348,1.0277861728296984
2026-07-21 18:05:46.673,Set_A,SubE1.mp4,0,0.9706199499928352,0.9077894960076256,0.0282114813549096,-0.9562851315622112,-1.012287424463578,-0.0808826347718299,-0.8789934435476348,0.219205901957534,0.035538055966565,-0.0116698630740811,-0.3694105569331998,-0.035538055966565,0.0116698630740811,0.3694105569331998,0.0731661826773322,0.5555405753650998,0.1947810913769908,-0.1023807228491833,0.5687773727952725,0.8575402351658771
2026-07-21 18:05:46.727,Set_A,SubE1.mp4,0,0.9513268384639504,0.8994952645255996,0.017040356190257,-0.9930973448657132,-0.9220715107812134,-0.0642195788697429,-0.9265288786754428,0.3627779538359545,0.0261949587063022,-0.0097882905470899,-0.376916222087631,-0.0261949587063022,0.0097882905470899,0.376916222087631,0.0208880423632635,0.6059306494010983,0.2725942744847301,0.0647902319277585,0.5757869718313735,0.7190296278864244
2026-07-21 18:05:46.781,Set_A,SubE1.mp4,0,0.9451167371209857,0.9919924218376146,0.0446382655634196,-0.9443505526591272,-1.0686786429582298,-0.0631697011305239,-0.8736268782478919,0.2352431945829302,0.0576609606872515,-0.0182928818679029,-0.3763724880346082,-0.0576609606872515,0.0182928818679029,0.3763724880346082,0.0885851148745825,0.610193878228084,-0.0191814654910487,-0.0736520427800032,0.5875579558707205,0.4267203903351277
2026-07-21 18:05:46.835,Set_A,SubE1.mp4,0,0.9359280012096572,0.9912858381727846,0.0734332800661971,-0.9203958498200216,-1.0180634989307755,-0.0804962235972839,-0.8740725158198247,0.1349817362685994,0.0646289739370401,-0.0104277116820587,-0.3308856439166185,-0.0646289739370401,0.0104277116820587,0.3308856439166185,0.07292226157428,0.6054613503401461,-0.021812871143493,-0.0705486414918771,0.5531366862153801,0.486149934830993
2026-07-21 18:05:46.889,Set_A,SubE1.mp4,0,0.9679615934492136,0.9528226590850716,0.041249897080923,-0.9387961712352504,-1.0145341825608625,-0.1048335139113642,-0.8774557580531822,0.1795575044273912,0.0573721463753874,-0.0139155848155108,-0.3505331421851265,-0.0573721463753874,0.0139155848155108,0.3505331421851265,0.0101330273956726,0.5718321626794138,0.0127812078194131,-0.0475474417649697,0.5250232264984298,0.5851798953706916
2026-07-21 18:05:46.944,Set_A,SubE1.mp4,0,0.9439553881083076,0.9521261408378248,0.0551172021052936,-0.9496875731318668,-1.00514309803017,-0.0958486539997104,-0.8805698044380043,0.1998488159955643,0.0528514833922918,-0.0088048780990454,-0.3570530378775949,-0.0528514833922918,0.0088048780990454,0.3570530378775949,-0.0061014420568317,0.6066907103447492,-0.0407580345698363,-0.0442367181999003,0.5568788405818637,0.6111178907680316
2026-07-21 18:05:47.000,Set_A,SubE1.mp4,0,0.9220202069519048,0.8875466921048069,0.007078236634975,-0.922044477140442,-1.0350885529193157,-0.1426294117691005,-0.8451647202277108,0.1084831721572743,0.0456451833090606,-0.0065303079303951,-0.3305886322909575,-0.0456451833090606,0.0065303079303951,0.3305886322909575,-0.0164643297579867,0.6297787221124209,0.1301218111093739,-0.1015422002815822,0.5801797297308594,0.882900790055998
2026-07-21 18:05:47.055,Set_A,SubE1.mp4,0,0.9138797428165628,0.9221709761518434,0.0287995414071536,-0.9658210455734422,-1.0021475559488937,-0.1403917079369735,-0.8640242971471634,0.2026394508662181,0.0575525930255668,-0.0130143946150582,-0.345256379300487,-0.0575525930255668,0.0130143946150582,0.345256379300487,-0.0225883487038827,0.6503164269316055,0.1060430855171379,-0.0931598480117696,0.603774459778553,0.6932669720847066
2026-07-21 18:05:47.110,Set_A,SubE1.mp4,0,0.9053264089812518,0.8794358330557298,0.0025605306299337,-0.9942548722539772,-0.9746845314364874,-0.1472714075699173,-0.8669862149288893,0.2571607496162591,0.0501560814803054,-0.0080609189288674,-0.3619602266639775,-0.0501560814803054,0.0080609189288674,0.3619602266639775,-0.0270059209408858,0.6235058301468204,0.103667406159701,-0.0772301467543465,0.5623256723610307,0.9038358723845902
2026-07-21 18:05:47.382,Set_A,SubE1.mp4,0,0.8745569398898445,0.8267954172292225,0.0497907822217842,-1.0208734356727025,-0.7911679950190534,-0.1110295600527244,-0.9511959626328024,0.4637659480542592,0.0218327961479999,0.0036903563801472,-0.3748566871951752,-0.0218327961479999,-0.0036903563801472,0.3748566871951752,-0.1127254595435767,0.5777844186186272,0.2412797749331421,0.0074662716535267,0.4977084843762577,1.0682701304236597
2026-07-21 18:05:47.437,Set_A,SubE1.mp4,0,0.8664676124273357,0.8994684279784669,0.0761775053656662,-0.9943018853425044,-0.7715455554480131,-0.1326412148243663,-0.954614301356944,0.325970032405013,0.0471717017606511,0.0234577635469308,-0.3289319892018577,-0.0471717017606511,-0.0234577635469308,0.3289319892018577,-0.0983773006076803,0.648200467208495,-0.2067167317035348,0.0440162326297267,0.5643877512446589,0.7525741135411412
2026-07-21 18:05:47.492,Set_A,SubE1.mp4,0,0.8886677487424163,0.8081673186543434,0.071308610898523,-0.9900853692655796,-0.8042233042381243,-0.0888022355412849,-0.9512047223474464,0.3235084684966554,0.0223674764237292,0.0068938785332202,-0.344074827493661,-0.0223674764237292,-0.0068938785332202,0.344074827493661,-0.0635284818092992,0.5167524901668799,0.330011520533942,0.040387904395802,0.3858491429990069,1.1690118921598442
2026-07-21 18:05:47.546,Set_A,SubE1.mp4,0,0.8908791764061526,0.8245696800763044,0.0601353615769164,-0.9662676540951344,-0.8290307064792143,-0.0927085730269041,-0.9651750127153694,0.310891525640935,0.028379092984885,0.0151270089899323,-0.3453286560258652,-0.028379092984885,-0.0151270089899323,0.3453286560258652,-0.0902421652984693,0.4956014393437987,0.2788661665392843,0.041721326020302,0.3546037888437272,1.0928953724984944
2026-07-21 18:05:47.601,Set_A,SubE1.mp4,0,0.9232776918095422,0.8639244562433731,0.1060427961577648,-0.9132373397501032,-0.9302617875863906,-0.1006096265651912,-0.9434012162857516,0.1867137037953861,0.0473587865731541,0.0095748663855952,-0.3512675427665128,-0.0473587865731541,-0.0095748663855952,0.3512675427665128,-0.0338528402603901,0.5667802372731833,0.0472352151650374,0.0642092541610173,0.540409514575561,1.0369522073083268
2026-07-21 18:05:47.655,Set_A,SubE1.mp4,0,0.9206040702118178,0.8363996806235624,0.0912070889725755,-0.9934010594677178,-0.7602668208067808,-0.0880622783279258,-0.9765001452940436,0.4146089644745847,0.0325258758144911,0.0077877764212861,-0.3610397810261948,-0.0325258758144911,-0.0077877764212861,0.3610397810261948,-0.0367295507971227,0.5453993390735806,0.1703217056411254,0.0688660925877379,0.4473138330219033,0.9680472794141316
2026-07-21 18:05:47.709,Set_A,SubE1.mp4,0,0.9400494797174632,0.885654724752543,0.1073632350126418,-0.932676308807214,-0.8872973359825447,-0.0885929319426602,-0.9488386546613736,0.2093968138065697,0.0420364816082823,0.0026846510211107,-0.3375991764827633,-0.0420364816082823,-0.0026846510211107,0.3375991764827633,-0.0333798292645376,0.5794297913501412,0.0581138803369797,0.0706631341248863,0.5401346075064445,0.7891921881578216
2026-07-21 18:05:47.766,Set_A,SubE1.mp4,0,0.9492697380239042,0.858150617230308,0.0876602727891408,-0.9584635400225048,-0.875857099090693,-0.0926588278173227,-0.9606871286968858,0.3129754728125323,0.0410045430706779,0.0017509544025203,-0.3497718282529198,-0.0410045430706779,-0.0017509544025203,0.3497718282529198,-0.012132307952061,0.5414794766456761,0.1476907571449934,0.040330965357011,0.4749192212919702,0.8380267149465735
2026-07-21 18:05:47.825,Set_A,SubE1.mp4,0,0.9647614911323318,0.8629410012780674,0.1043210840825366,-0.9634752440752372,-0.8418986747698523,-0.0930000935641459,-0.9532324262801553,0.2708439124444815,0.0446052829520313,-0.0036237502000012,-0.3404170368521005,-0.0446052829520313,0.0036237502000012,0.3404170368521005,0.0033362492686955,0.5539776714303974,0.1985986438040267,0.0220538868240675,0.4848206935631152,0.8793206584913874
2026-07-21 18:05:48.045,Set_A,SubE1.mp4,0,0.9419173796131184,0.8527617104275038,0.116228482872431,-0.9485201174039258,-0.8472657130289616,-0.1264205268249713,-0.9304236238054808,0.1620894294273851,0.0814140973626971,0.0049425081719653,-0.3179739581500992,-0.0814140973626971,-0.0049425081719653,0.3179739581500992,0.0637506240495555,0.5231144349574259,0.2817434674512768,-0.0894680837713443,0.4200759695080289,1.0015005549690292
2026-07-21 18:05:48.100,Set_A,SubE1.mp4,0,0.934883959118782,0.8673764642921147,0.1277890009624782,-0.9201608976914648,-0.8511402683362369,-0.1301464011320607,-0.8928207676235863,0.0066925648661495,0.0813939438588612,0.0115315175269266,-0.2847577651784042,-0.0813939438588612,-0.0115315175269266,0.2847577651784042,0.0569853529668389,0.4889544101274518,0.3691864077527391,-0.0921514059047694,0.3985220065191088,0.9745947642644288
2026-07-21 18:05:48.209,Set_A,SubE1.mp4,0,0.9387361130494708,0.840645251483879,0.1403156971247681,-0.9761726039926638,-0.6482430860966273,-0.1436984084129372,-0.9597290137130916,0.145974747627458,0.0963610351497841,0.0061865154720202,-0.2483680312234467,-0.0963610351497841,-0.0061865154720202,0.2483680312234467,0.0714599541000162,0.5090037547828521,0.2197256284192887,-0.111119841077621,0.4631076321935236,0.8884698600976659
2026-07-21 18:05:48.264,Set_A,SubE1.mp4,0,0.940109702322642,0.8440447651964736,0.142685283192174,-0.9521428048666968,-0.6973618722292813,-0.1441267769157511,-0.9603950739911512,0.1123859889402609,0.099504279739982,0.005789206827595,-0.2315185869999076,-0.099504279739982,-0.005789206827595,0.2315185869999076,0.0840372223474281,0.5107537350577013,0.2988186733006079,-0.1367277244096672,0.4796671806007547,0.8687060921920872
2026-07-21 18:05:48.318,Set_A,SubE1.mp4,0,0.9655991391855407,0.8514630253542032,0.1352745181160571,-0.9514792231581256,-0.6470588574545445,-0.1478012286104658,-0.933771113178456,-0.0205295268564733,0.0999625363970426,0.0032776963473258,-0.1873885270422313,-0.0999625363970426,-0.0032776963473258,0.1873885270422313,0.0987764198377466,0.4922445675455943,0.1966989921876036,-0.14870901512836,0.470329135782598,0.7564087598681646
2026-07-21 18:05:48.372,Set_A,SubE1.mp4,0,0.9667650348724992,0.8691253267186106,0.1266554836569758,-0.889817903275881,-0.762948659906682,-0.1499199900427737,-0.8815970148373705,-0.1652474134681454,0.0981605457677359,-0.0013635923406779,-0.1778593947953506,-0.0981605457677359,0.0013635923406779,0.1778593947953506,0.1058957140324472,0.4806072984973244,0.303499913256332,-0.1506741972574275,0.4569869946345226,0.7355517140744334
2026-07-21 18:05:48.426,Set_A,SubE1.mp4,0,0.9486338490583076,0.9378380042022546,0.1529228610560285,-0.8723495976264121,-0.7010057078527916,-0.1555214705253134,-0.8704543400210849,-0.2801302063554318,0.1032554476921439,-0.0082781678034596,-0.0851432807121613,-0.1032554476921439,0.0082781678034596,0.0851432807121613,0.1165891761181203,0.5448001961690059,0.0899601912905568,-0.1454806207284009,0.5742074427692347,0.3247854807966023
2026-07-21 18:05:48.480,Set_A,SubE1.mp4,0,0.9514346608714704,0.9424815081937968,0.1498429818144334,-0.856377220367651,-0.6751552578484169,-0.156420525250986,-0.8600553502855034,-0.3514001309754616,0.0975182438396593,-0.0116206665189644,-0.0614407475426508,-0.0975182438396593,0.0116206665189644,0.0614407475426508,0.114229293896835,0.5183457291408593,0.1351878653528938,-0.1295367393059551,0.561394753212363,0.3327262034110935
2026-07-21 18:05:48.534,Set_A,SubE1.mp4,0,0.9389609680055636,0.9481192297966128,0.1470505475791568,-0.7647016410507493,-0.7758672718215376,-0.1388318620050294,-0.7921328274594112,-0.4796003266715974,0.0900321490425539,-0.0051841391589596,-0.0680789078451832,-0.0900321490425539,0.0051841391589596,0.0680789078451832,0.1114630474891352,0.4314946277527712,0.1966141457891472,-0.1044291481830065,0.4515311088388458,0.4368933145106407
2026-07-21 18:05:48.588,Set_A,SubE1.mp4,0,0.966662065994343,0.9461945459750684,0.1540814925967704,-0.8116050735773043,-0.7452101719186878,-0.1563007047936598,-0.8242776782931994,-0.4053908437378314,0.0973003738084344,-0.0100995266700198,-0.0895521814610061,-0.0973003738084344,0.0100995266700198,0.0895521814610061,0.1292770743286747,0.49371768956597,0.2656441016906739,-0.1031017452014605,0.5113448669521904,0.5034537853029488
2026-07-21 18:05:48.643,Set_A,SubE1.mp4,0,0.940255289496695,0.9617407273939212,0.1564766597538207,-0.7923179214975183,-0.7213987728552158,-0.1530187427423013,-0.8084628755276803,-0.4775544717232836,0.094732395278443,-0.0122760822294885,-0.0474327684930757,-0.094732395278443,0.0122760822294885,0.0474327684930757,0.1334531451907967,0.4716963093838984,0.187450511491801,-0.0922681953390144,0.5068955880719904,0.3262731686617527
2026-07-21 18:05:48.698,Set_A,SubE1.mp4,0,0.9391201076341776,0.9620208512342824,0.1519757026866116,-0.7890711488295125,-0.6919460827409807,-0.1539121697761391,-0.8003439189249709,-0.522037439589624,0.0929364616765635,-0.0150067541559686,-0.037952250795845,-0.0929364616765635,0.0150067541559686,0.037952250795845,0.1309861776584027,0.4576656454408248,0.1508758804288394,-0.0809037065227565,0.4995259588750881,0.3047606100302455
2026-07-21 18:05:48.753,Set_A,SubE1.mp4,0,0.9256761694309616,0.9562694175838176,0.1525325275269076,-0.8067833865266447,-0.6143439148366474,-0.1672259866564884,-0.8060238423666333,-0.5682959055179664,0.0957087524940843,-0.0199548679384753,0.0060620959994182,-0.0957087524940843,0.0199548679384753,-0.0060620959994182,0.1444571954652681,0.482584301655678,0.164713660301243,-0.0837165742292118,0.5312310791621851,0.274226391197271
2026-07-21 18:05:48.807,Set_A,SubE1.mp4,0,0.8976204936018037,0.9591838340252892,0.1410992310862524,-0.7756354334205632,-0.6514888345238434,-0.1659830105490753,-0.7738225510782136,-0.6128531887406818,0.0942489013006333,-0.0223226969460168,-0.0035334200607459,-0.0942489013006333,0.0223226969460168,0.0035334200607459,0.1407345948405165,0.4449942805442762,0.0842769482080818,-0.0715814700108425,0.5059130282307401,0.2702682419520305
2026-07-21 18:05:48.861,Set_A,SubE1.mp4,0,0.9223337679469016,0.9588107139190292,0.1354864392000512,-0.8188323098619824,-0.5638207084163266,-0.1728887189810928,-0.8060484122457461,-0.6016679051659115,0.0932526130140788,-0.0270113939988214,0.0313428023664069,-0.0932526130140788,0.0270113939988214,-0.0313428023664069,0.1440011888631342,0.4693542586921095,0.1529118978158464,-0.0709808637193648,0.5226837882074548,0.2229836446519696
2026-07-21 18:05:48.915,Set_A,SubE1.mp4,0,0.924674271716121,0.9570653363658118,0.125088684821694,-0.8194072004020094,-0.5508179666728675,-0.1758969789760536,-0.7853284896625492,-0.6417598640275648,0.0923754449228373,-0.0297081637443482,0.0464657009677992,-0.0923754449228373,0.0297081637443482,-0.0464657009677992,0.1371004139510757,0.444236038639224,0.1729611481351378,-0.0641615249306536,0.483681318293458,0.2162601434386973
2026-07-21 18:05:48.971,Set_A,SubE1.mp4,0,0.9405369924173824,0.959233709774936,0.1270264592177091,-0.8502101455670421,-0.48024295636099,-0.1751499684840429,-0.8241409481653398,-0.6125665159502041,0.0958441502435612,-0.0275269492529067,0.0630763194188621,-0.0958441502435612,0.0275269492529067,-0.0630763194188621,0.1397978968683156,0.4392550177966912,0.2421885936020822,-0.0700501053097101,0.5271356387127685,0.303849510378004
2026-07-21 18:05:49.025,Set_A,SubE1.mp4,0,0.9720004697300074,0.9499239185828856,0.1185004225854348,-0.8684383913191733,-0.4149121855022405,-0.1831353692626869,-0.8340728711713387,-0.6325980649301796,0.0905051699652781,-0.0380814128879784,0.1007075379610278,-0.0905051699652781,0.0380814128879784,-0.1007075379610278,0.117476453547019,0.4032502575047471,0.4390671192988299,-0.0635546905116716,0.5047775922832628,0.3297214916838867
2026-07-21 18:05:49.081,Set_A,SubE1.mp4,0,0.9807511690309336,0.9612218915329712,0.1210008986907917,-0.8670811323643765,-0.4098470346488589,-0.1822893704408256,-0.8294868224048343,-0.6474612922268747,0.0878823280009153,-0.0366386574180125,0.1199077404779039,-0.0878823280009153,0.0366386574180125,-0.1199077404779039,0.1118461302469999,0.4269374440985181,0.505460498907665,-0.0470320181984709,0.5627994047770721,0.1720625162953604
2026-07-21 18:05:49.135,Set_A,SubE1.mp4,0,0.9684444075012476,0.966023208432508,0.1300020057272382,-0.8608163049852822,-0.4290528882698362,-0.1706197176703597,-0.8071164221085769,-0.6738299792032914,0.087131170273431,-0.0348062929855731,0.1233468320924274,-0.087131170273431,0.0348062929855731,-0.1233468320924274,0.1072605376534323,0.4352790131659528,0.3766484873609932,-0.0334899213126472,0.5675009091980987,0.1156705929153848
2026-07-21 18:05:49.192,Set_A,SubE1.mp4,0,0.9854646899029258,0.98759607547987,0.1372986507395391,-0.8939982280416359,-0.3746511797202714,-0.1662155829583861,-0.8258773898037048,-0.6457368200975224,0.0894970818719707,-0.0320729155759586,0.1101227027763016,-0.0894970818719707,0.0320729155759586,-0.1101227027763016,0.100855671326235,0.4655826521534829,0.3629162357486595,-0.040882524657782,0.5455069098731115,0.1726119146304924
2026-07-21 18:05:49.246,Set_A,SubE1.mp4,0,0.9814898377067832,0.9850689495043696,0.1297899540094366,-0.8950971407045699,-0.3420026401687512,-0.160505424435301,-0.8240582654891675,-0.6795458164554874,0.0840350606956722,-0.0356168429998226,0.1284837147015985,-0.0840350606956722,0.0356168429998226,-0.1284837147015985,0.0907649843379277,0.4613645845495763,0.4618222343777073,-0.0373576988708517,0.5447666619182542,0.2241933597380011
2026-07-21 18:05:49.302,Set_A,SubE1.mp4,0,0.9500418596153176,0.9644253920144602,0.1207879610564382,-0.9325489726268356,-0.2387830392625395,-0.1578513814603789,-0.8435233699949951,-0.6800169044911389,0.0768154523419038,-0.035609270558027,0.162748873071489,-0.0768154523419038,0.035609270558027,-0.162748873071489,0.0840292608272057,0.4255658726177524,0.535905491425968,-0.034231964179908,0.5302643582439355,0.238675905745032
2026-07-21 18:05:49.356,Set_A,SubE1.mp4,0,0.9380851320927092,0.9855837772445712,0.1147795663377803,-0.8934223003868479,-0.2165792384867555,-0.1482385157014891,-0.8235244211797462,-0.8085912127110936,0.0746294665197492,-0.0292054363114259,0.1925517834721023,-0.0746294665197492,0.0292054363114259,-0.1925517834721023,0.0667720314004653,0.4175396466549428,0.6306253535785439,-0.0436524052191578,0.5270496422734731,0.2101444730203042
2026-07-21 18:05:49.411,Set_A,SubE1.mp4,0,0.9678131589346112,0.977873635726223,0.1226902385360134,-0.8153483156772415,-0.3468266248925625,-0.1234661793180461,-0.7750904701511219,-0.8658167136240452,0.0705683658852369,-0.0167174864655282,0.1553156893264937,-0.0705683658852369,0.0167174864655282,-0.1553156893264937,0.0668426025268283,0.4367701697249227,0.5569142377729357,-0.0468186864886259,0.4941028711379338,0.2329589439464518
2026-07-21 18:05:49.466,Set_A,SubE1.mp4,0,0.9784481416690408,0.9596197561696714,0.1476539220122976,-0.83829428336568,-0.3055591785665403,-0.1074525086699097,-0.8008474420940106,-0.8396911216832799,0.0775043601609115,-0.0124462236880052,0.1544502934719805,-0.0775043601609115,0.0124462236880052,-0.1544502934719805,0.0693304163546981,0.4793351436050824,0.4835875017708643,-0.0533345991244224,0.5099239641568154,0.1776708129099198
2026-07-21 18:05:49.520,Set_A,SubE1.mp4,0,0.9782173158090558,0.9564370602679226,0.1465075376267317,-0.8230695501253565,-0.3486113322608258,-0.1025407977833315,-0.764454238815312,-0.8670510984060952,0.0748858869878881,-0.0138183564558074,0.151919405210964,-0.0748858869878881,0.0138183564558074,-0.151919405210964,0.0641977115536398,0.4523102150954061,0.5505664081331542,-0.0531740715437961,0.5115303341620135,0.196867933574679
2026-07-21 18:05:49.575,Set_A,SubE1.mp4,0,0.9395484628216044,0.970710353189427,0.1503696425124569,-0.8813184877480832,-0.2374668583331951,-0.1068897638287104,-0.8362560124406083,-0.786274972623816,0.0783353802916313,-0.0106585325513064,0.1705611868631606,-0.0783353802916313,0.0106585325513064,-0.1705611868631606,0.0742443396071269,0.4430677393801541,0.6587633271462018,-0.0628600902527602,0.5415148861603701,0.2854796842005316
2026-07-21 18:05:49.629,Set_A,SubE1.mp4,0,0.9476116309472334,0.9694971515266316,0.1373830354645898,-0.8271102117701472,-0.2853091345178057,-0.0930774096882907,-0.7752128472550514,-0.9107668772977902,0.0686662150381964,-0.0187115391243063,0.1913815614655703,-0.0686662150381964,0.0187115391243063,-0.1913815614655703,0.0707363834079718,0.4128835645101606,0.7103536140141423,-0.0420428419897799,0.5198563405501728,0.2741860236666609
2026-07-21 18:05:49.684,Set_A,SubE1.mp4,0,0.9541741009179592,0.9489028760082944,0.1345211735262712,-0.788228232348062,-0.3003668884198508,-0.0656890278967255,-0.7517897219501748,-0.9738414289941844,0.0617694909983786,-0.0178486359926355,0.1978066268644399,-0.0617694909983786,0.0178486359926355,-0.1978066268644399,0.0739981748830843,0.4414878982786387,0.7093325138640907,-0.0453893324432888,0.5271921496961999,0.2752989614179346
2026-07-21 18:05:49.739,Set_A,SubE1.mp4,0,0.941520664580273,0.9494091411665806,0.1531679086163033,-0.8108102611440541,-0.2987754938500562,-0.0738937740296203,-0.7853859237407207,-0.9036692453977906,0.0680919890314731,-0.0120210711112984,0.1747429079468063,-0.0680919890314731,0.0120210711112984,-0.1747429079468063,0.0745425293083251,0.4260900900698616,0.7107217713238935,-0.0485196255901119,0.5076857973460399,0.3071530349514657
2026-07-21 18:05:49.793,Set_A,SubE1.mp4,0,0.9438078981768128,0.935080391302836,0.1505078084550381,-0.8114003744783543,-0.2770666811889823,-0.0573973760509484,-0.786280266450349,-0.922411128934728,0.0680738503009268,-0.0171242177691969,0.1989015919974188,-0.0680738503009268,0.0171242177691969,-0.1989015919974188,0.0889932911272972,0.4210151197451382,0.6827929748953849,-0.0317733799723672,0.5060461359655768,0.2430297375756708
2026-07-21 18:05:49.848,Set_A,SubE1.mp4,0,0.9419057055530596,0.9267662120624696,0.1394639500093783,-0.8481575988632977,-0.1873368845104556,-0.0511704175310373,-0.8050037778535506,-0.934831424904024,0.0700852739815483,-0.022157145625238,0.2135468916041026,-0.0700852739815483,0.022157145625238,-0.2135468916041026,0.0987439448019319,0.4332963287312016,0.5767383175531273,-0.0271960725256223,0.5388325770599677,0.2582014024425042
2026-07-21 18:05:49.902,Set_A,SubE1.mp4,0,0.9214594984427849,0.90959865913398,0.1568589559230876,-0.7723325404299424,-0.2949940190357856,-0.0359436859498589,-0.7199053832608558,-1.031130212168168,0.0639113981939144,-0.018897561247498,0.2180946606602007,-0.0639113981939144,0.018897561247498,-0.2180946606602007,0.0985199870825782,0.4145176856072565,0.7014536667344462,-0.0077292556256043,0.510496527198994,0.2640932318006905
2026-07-21 18:05:49.957,Set_A,SubE1.mp4,0,0.9182045409668302,0.8773239344675875,0.1621101658903976,-0.7579092690654758,-0.280673202217223,-0.0348721029914886,-0.7115465940658482,-1.0700710154860065,0.0677267281752954,-0.0168873480010003,0.2441399943446718,-0.0677267281752954,0.0168873480010003,-0.2441399943446718,0.102134041436741,0.440557029323601,0.716241028854003,-0.0121725610620256,0.5114560964361167,0.0602710934966703
2026-07-21 18:05:50.012,Set_A,SubE1.mp4,0,0.7827791582775464,0.6969607197562888,0.2036689851424095,-0.7488298011288389,-0.2648459878137306,-0.0118082709733365,-0.7342462080657084,-1.0631882803096897,0.078387851037356,-0.006089187724448,0.249596829688411,-0.078387851037356,0.006089187724448,-0.249596829688411,0.1593782779774514,0.3893448320426463,0.152366905576786,0.022059595791488,0.4760544960572643,-0.6813252194566781
2026-07-21 18:05:50.067,Set_A,SubE1.mp4,0,0.7573548470303276,0.6873710033917692,0.2364967509791237,-0.7691603924648469,-0.2071319991111083,-0.0015177465690562,-0.7800845378260092,-1.0356974394903973,0.0831093069492678,-0.0049000866364812,0.2775848064249259,-0.0831093069492678,0.0049000866364812,-0.2775848064249259,0.1940356558740786,0.4168206504728847,0.2790383546318743,0.0469104238052236,0.4953989551610115,-0.7195672905889116
2026-07-21 18:05:50.122,Set_A,SubE1.mp4,0,0.7884236932641709,0.7111519372803519,0.2190841917561257,-0.7310658583239887,-0.2855539840879367,-0.0005238700808888,-0.7343665763020683,-1.0578518240486685,0.0784266061580657,-0.0059464943900682,0.2490221079575368,-0.0784266061580657,0.0059464943900682,-0.2490221079575368,0.167040154683605,0.403988251928782,0.309666922057719,0.0356508012822974,0.488464372320347,-0.5707548369455883
2026-07-21 18:05:50.177,Set_A,SubE1.mp4,0,0.7129597152405909,0.6233758166489681,0.2496008970994258,-0.8010039307141102,-0.1167533948765161,0.0059043282471135,-0.8386358887068286,-0.9996239348780273,0.0884126256537993,-0.0056096590895998,0.2827737780962384,-0.0884126256537993,0.0056096590895998,-0.2827737780962384,0.2206220138830388,0.368482551208142,0.1213252424292835,0.0674172148552357,0.4485677399279761,-1.0167053281398022
2026-07-21 18:05:50.232,Set_A,SubE1.mp4,0,0.6692297297602361,0.599451646568083,0.2713317662787023,-0.7994593152044039,-0.1342841664609804,0.0114658685045691,-0.8429325428083513,-0.9714167345490516,0.0899236429536487,-0.0028991630043374,0.2813287505082193,-0.0899236429536487,0.0028991630043374,-0.2813287505082193,0.2448631360516283,0.3469326018700068,0.0552349167235621,0.0817034666562397,0.434240146331263,-1.1004494440760415
2026-07-21 18:05:50.287,Set_A,SubE1.mp4,0,0.7168887585802343,0.6309083552945984,0.2352115203136442,-0.7629398005557797,-0.1648644282910756,0.0133223735064191,-0.8076624468846024,-1.0481646249297687,0.0823920215709118,-0.003876944917437,0.2830402961790157,-0.0823920215709118,0.003876944917437,-0.2830402961790157,0.2196537577012063,0.3907187864623256,0.2574633220301036,0.0699572128188691,0.4676712836206905,-0.8712176573761202
2026-07-21 18:05:50.343,Set_A,SubE1.mp4,0,0.6718270209067325,0.6572483716922644,0.2076204576806927,-0.7582503460529829,-0.2142894479329468,0.0240003255110321,-0.780843777074553,-1.0417125795128424,0.0679429735198004,-0.0174524561187801,0.2771383241078051,-0.0679429735198004,0.0174524561187801,-0.2771383241078051,0.2251145490950986,0.2842759574625955,0.1987438126532875,0.0872198125923625,0.4178749912642815,-0.6938066109540468
2026-07-21 18:05:50.397,Set_A,SubE1.mp4,0,0.616598788911456,0.5734629166924567,0.2380459642784214,-0.7611964974999089,-0.2177013494550304,0.0173978634022449,-0.7983972165483062,-1.0080294113571249,0.0786616511745817,-0.018214216576993,0.2681942654637356,-0.0786616511745817,0.018214216576993,-0.2681942654637356,0.2465015924736772,0.2413429202822266,0.2098660858858755,0.0995169486024057,0.3435774548902934,-0.9612950687544116
2026-07-21 18:05:50.452,Set_A,SubE1.mp4,0,0.566720051733609,0.5449623194559134,0.2468139343047108,-0.8091489446763331,-0.185506875542984,0.0174501646151016,-0.8318946146852149,-0.9267613125753676,0.0773549032635955,-0.0177393162540723,0.2660040824849092,-0.0773549032635955,0.0177393162540723,-0.2660040824849092,0.2805453248515114,0.2142346993141251,-0.0815787028784135,0.1226512159931618,0.2849721094477399,-1.0351992615834134
2026-07-21 18:05:50.507,Set_A,SubE1.mp4,0,0.5524232272161442,0.5463061377471239,0.2623009779132996,-0.8477954167665837,-0.0782079307638244,0.0526308820409996,-0.8536557592182111,-0.924728667095524,0.0721638591839379,-0.0230575075420011,0.2959256549284306,-0.0721638591839379,0.0230575075420011,-0.2959256549284306,0.3016588981088424,0.2116888485456104,-0.068170103157078,0.1351111667464661,0.2482812310218934,-1.0625614156018532
2026-07-21 18:05:50.561,Set_A,SubE1.mp4,0,0.5530139094711785,0.5166166186474783,0.2681056161190056,-0.806258814330587,-0.1922952887686002,0.0146759298786616,-0.8231819584516453,-0.9324079455283458,0.0824149481235437,-0.0215608166719111,0.2604026727200313,-0.0824149481235437,0.0215608166719111,-0.2604026727200313,0.2843483926154737,0.2390283213846941,-0.0633152842085814,0.1223916321497287,0.242449169779509,-1.0766142815334263
2026-07-21 18:05:50.615,Set_A,SubE1.mp4,0,0.5731684402319687,0.5658825615505798,0.2199394266749785,-0.7695901683659792,-0.2700032282464756,-0.0002330722552433,-0.7558301373317976,-1.0046818343444734,0.0794990718653254,-0.0270868851432194,0.2591388501249116,-0.0794990718653254,0.0270868851432194,-0.2591388501249116,0.2753789028384118,0.1869888706876329,0.0341980366544463,0.1477352708954741,0.3253900673343746,-0.8512117233816385
2026-07-21 18:05:50.670,Set_A,SubE1.mp4,0,0.5373916884103258,0.5635578951019181,0.2371425790385833,-0.847481377183123,-0.1627500453143272,0.009080092704387,-0.8323159159999923,-0.8944422029236327,0.0800570425649871,-0.0331667895639767,0.2741202334302401,-0.0800570425649871,0.0331667895639767,-0.2741202334302401,0.3237405260723577,0.1992080592677662,-0.1688695747853053,0.2204408828893986,0.307361087559277,-0.86527384811822
2026-07-21 18:05:50.724,Set_A,SubE1.mp4,0,0.4992483770616814,0.5264920791356896,0.2308601081204472,-0.7698786624631766,-0.3020618099584192,0.0015328811424324,-0.7390227313578606,-0.9899173238771062,0.0801603414584667,-0.0291275872774012,0.2410073748876905,-0.0801603414584667,0.0291275872774012,-0.2410073748876905,0.3117489558807415,0.1932130009505575,-0.2668887866592512,0.1775808356065251,0.2850462361161017,-0.8935597106843464
2026-07-21 18:05:50.779,Set_A,SubE1.mp4,0,0.50725260965452,0.5016992088287503,0.2208101086370423,-0.7599730722210382,-0.3409340406788423,-0.0120780488830553,-0.7099410260651264,-0.9991344168599618,0.0793444218680057,-0.0331253429362323,0.2293707486978425,-0.0793444218680057,0.0331253429362323,-0.2293707486978425,0.3124436512643424,0.1752968879541659,-0.233659879438405,0.1533942906010322,0.251499381690704,-0.9635553248456856
2026-07-21 18:05:50.833,Set_A,SubE1.mp4,0,0.51062045559866,0.5003226602068145,0.2303855762825363,-0.8350600781361014,-0.1851975705669775,0.0059140752502434,-0.7901998971106704,-0.956157977694102,0.0762320466800203,-0.0258772349085716,0.2679014631059651,-0.0762320466800203,0.0258772349085716,-0.2679014631059651,0.3538531464803245,0.156271216922491,-0.2189098040371866,0.1888780157664863,0.2269157025404204,-0.9578174715874452
2026-07-21 18:05:50.888,Set_A,SubE1.mp4,0,0.4876310163163708,0.4710783369243577,0.2085945020243848,-0.8239964583918495,-0.2135117254121025,-0.0114600947704427,-0.7865915906573336,-0.955737675586924,0.0836656284908336,-0.0267861922627272,0.2478144436879087,-0.0836656284908336,0.0267861922627272,-0.2478144436879087,0.3578725512162394,0.1136178433007183,-0.357436078279038,0.1660968419026147,0.1790763618361211,-1.1430340693396956
2026-07-21 18:05:50.942,Set_A,SubE1.mp4,0,0.4940796576654588,0.4836282448366604,0.2125251854638174,-0.7898751497138604,-0.2778221152361794,-0.0337249506120696,-0.7460574310002807,-0.9906184957179792,0.0833524368593882,-0.0288797718568083,0.2493256926288225,-0.0833524368593882,0.0288797718568083,-0.2493256926288225,0.3428274651022224,0.148011741511828,-0.3783463749847084,0.1950894953929027,0.2302632696698122,-1.1119206688435033
2026-07-21 18:05:50.996,Set_A,SubE1.mp4,0,0.5105644188604698,0.4715318007052372,0.1980662817114451,-0.7927864248056568,-0.2598604369426317,-0.032811874674971,-0.7414233279920872,-1.0124962014946064,0.0777644435442785,-0.0282350302666018,0.2642193021657878,-0.0777644435442785,0.0282350302666018,-0.2642193021657878,0.3480796288233012,0.1208638500565278,-0.2148601489530308,0.2084261406469849,0.1649530441270508,-1.103184723135253
2026-07-21 18:05:51.052,Set_A,SubE1.mp4,0,0.5057587178082253,0.4490367511475899,0.2035968742758795,-0.8127315586597357,-0.1869500780913046,-0.0044929174533963,-0.7489318407583316,-1.046567267265313,0.072672911608099,-0.0325502450502647,0.2863121658385045,-0.072672911608099,0.0325502450502647,-0.2863121658385045,0.382838755106886,0.1435032774623824,-0.195514495518261,0.2092041177645772,0.1492632875572212,-1.0649090093478888
2026-07-21 18:05:51.106,Set_A,SubE1.mp4,0,0.4987612306151861,0.4765992215167043,0.1756457594856647,-0.7979794549028956,-0.262560720661518,-0.0422764476249163,-0.7435362975686969,-1.0046968741216935,0.078094729071626,-0.0274181260684813,0.2617398948960434,-0.078094729071626,0.0274181260684813,-0.2617398948960434,0.3599838947843309,0.1029537985171424,-0.1616919381948715,0.2254568919346889,0.193614636748814,-0.9895327771372866
2026-07-21 18:05:51.161,Set_A,SubE1.mp4,0,0.5405174346634783,0.4954320286802954,0.183037441110564,-0.835306872730114,-0.136768878066234,-0.0590228230826774,-0.8031061998895929,-1.0035043251549276,0.090365975869575,-0.0258204450055944,0.2822672446381506,-0.090365975869575,0.0258204450055944,-0.2822672446381506,0.3961599310968176,0.1747870926046415,-0.2507805987929152,0.2275349800980933,0.22332440660005,-1.1352257282846148
2026-07-21 18:05:51.215,Set_A,SubE1.mp4,0,0.5423747008826365,0.5194502742987089,0.172680198572097,-0.8655813060279939,-0.0852498797549418,-0.0551529594349857,-0.8143228420610289,-0.9936891367302824,0.0834131618492564,-0.0237799074398576,0.3139753393722177,-0.0834131618492564,0.0237799074398576,-0.3139753393722177,0.4081082407703711,0.1492146158751973,-0.1446946984036928,0.2612089887460097,0.2487082396982999,-1.0562686934710657
2026-07-21 18:05:51.270,Set_A,SubE1.mp4,0,0.5572055405281322,0.5220159916018473,0.1639893041278063,-0.8214162639664158,-0.1255976146693236,-0.0503503895244195,-0.8015301465824599,-1.037644039319341,0.0810129775252559,-0.0300238300416653,0.3065946656654906,-0.0810129775252559,0.0300238300416653,-0.3065946656654906,0.3883850016561156,0.1430741943497529,-0.1045673316869314,0.2783357144235033,0.2487951221168014,-0.969410324064272
2026-07-21 18:05:51.324,Set_A,SubE1.mp4,0,0.5695814926695003,0.5289858101237779,0.1467610531680162,-0.8595206928948477,-0.0616018918562083,-0.0670697945326281,-0.8240138890849144,-1.015134201425398,0.0802771937258292,-0.0456418236385489,0.3226490963247209,-0.0802771937258292,0.0456418236385489,-0.3226490963247209,0.4041212707282194,0.1499385421594417,-0.197176465697396,0.2495540910747879,0.258256941158515,-1.070530198434707
2026-07-21 18:05:51.379,Set_A,SubE1.mp4,0,0.5387826252578283,0.5152952191625223,0.170612167046172,-0.8278982920651352,-0.1690885438727749,-0.0585098739337911,-0.7983949983445645,-0.9896190160608512,0.0797344896309707,-0.0395889363897656,0.2968697974762649,-0.0797344896309707,0.0395889363897656,-0.2968697974762649,0.4098866590656093,0.1462871945897179,-0.0977674475326472,0.2860071712188324,0.2817150248743105,-1.028926370863132
2026-07-21 18:05:51.433,Set_A,SubE1.mp4,0,0.5480844584286655,0.5301477776940263,0.1553495229152005,-0.83077676779686,-0.1639069462412406,-0.0816961021910916,-0.7905223352362191,-1.004837847167385,0.0825982117148896,-0.0346529079291656,0.2979057679480752,-0.0825982117148896,0.0346529079291656,-0.2979057679480752,0.404835546600662,0.1468508868222254,-0.0533742140004302,0.2746053551367062,0.2720429489369987,-1.001218451194312
2026-07-21 18:05:51.487,Set_A,SubE1.mp4,0,0.5478171663592122,0.5077889950188348,0.1467739195719372,-0.8287570472272295,-0.1553379342863501,-0.0714366363544639,-0.7913360115067198,-1.0149709030721852,0.0805173170773853,-0.0459728791759833,0.2988457420377245,-0.0805173170773853,0.0459728791759833,-0.2988457420377245,0.4007285522401951,0.1470309657718068,-0.1327705433890955,0.248070171744345,0.2148152804133277,-1.0886662014179482
2026-07-21 18:05:51.541,Set_A,SubE1.mp4,0,0.5745588265617804,0.5224929587965625,0.1466260112689239,-0.8615683685974584,-0.1167096728071591,-0.1024484549022908,-0.8176184545149486,-0.9688224347783948,0.0881007682228331,-0.0459841129021207,0.2866992497627586,-0.0881007682228331,0.0459841129021207,-0.2866992497627586,0.4059867322785425,0.1562751742069022,-0.2315383479157443,0.2341375194054169,0.2307423429397843,-1.160212290426407
2026-07-21 18:05:51.595,Set_A,SubE1.mp4,0,0.5353724001204563,0.5004619329281443,0.1449210934259198,-0.8593945050429855,-0.1266502278737608,-0.0865464026679407,-0.8178612887140719,-0.9611941533624956,0.0810406671813952,-0.0366108176409904,0.2886320585277606,-0.0810406671813952,0.0366108176409904,-0.2886320585277606,0.405945442160064,0.1091919191101114,-0.2380509383592015,0.2765148733348803,0.221573776629525,-1.097833637446352
2026-07-21 18:05:51.649,Set_A,SubE1.mp4,0,0.5425976488274804,0.502776769062745,0.1413669204839075,-0.8643457833121251,-0.104899192331791,-0.0970031183630528,-0.8257453926831113,-0.9635687154148204,0.0851206290320481,-0.0481074970353451,0.29644194252459,-0.0851206290320481,0.0481074970353451,-0.29644194252459,0.4125307344838438,0.133667738220569,-0.2255483158046728,0.2797750184328983,0.2252126138790798,-1.1370272301687647
2026-07-21 18:05:51.703,Set_A,SubE1.mp4,0,0.5649791026976583,0.5129942709946654,0.1447604231529795,-0.8887310366107758,-0.0460357198527166,-0.0937923373903237,-0.8437434906299992,-0.9519293430104798,0.0855969071937157,-0.0461949705454632,0.3125846335003414,-0.0855969071937157,0.0461949705454632,-0.3125846335003414,0.4302891920221119,0.1668936950362465,-0.1937432113847711,0.2840764068669391,0.2436494540354165,-1.1476252447496262
2026-07-21 18:05:51.758,Set_A,SubE1.mp4,0,0.5751307783750222,0.5203913885356043,0.1393333290981229,-0.8983399815302855,-0.0314919382931396,-0.114966972584816,-0.8716748113192037,-0.8993431243061621,0.0843760140636082,-0.0348512828110944,0.3150862931032722,-0.0843760140636082,0.0348512828110944,-0.3150862931032722,0.4256878263957189,0.1480576476861108,-0.0851097974092606,0.3133350721524597,0.1557762114267885,-1.0562116825373724
2026-07-21 18:05:51.812,Set_A,SubE1.mp4,0,0.5603658411991901,0.5281179421000819,0.1370878794579332,-0.9039294502575984,0.0082303003151791,-0.1118370345636431,-0.8758884466072182,-0.9201571881915188,0.0840300991189699,-0.0444642576640157,0.3364143111166682,-0.0840300991189699,0.0444642576640157,-0.3364143111166682,0.4313657562021197,0.1212506177593695,-0.0513047523265352,0.320805510041849,0.1992791539418451,-1.0659799400628311
2026-07-21 18:05:51.866,Set_A,SubE1.mp4,0,0.546268387721481,0.5064584157671487,0.1467902498282655,-0.9323287974896436,0.098472585678053,-0.0785565280861093,-0.8963939332204599,-0.9053910037361592,0.0768300494426659,-0.0370438546050171,0.3575157294591631,-0.0768300494426659,0.0370438546050171,-0.3575157294591631,0.4436682653667923,0.0981083154532935,-0.0331986422938506,0.3102071889166651,0.1415467514302536,-1.011374239344186
2026-07-21 18:05:51.920,Set_A,SubE1.mp4,0,0.5821724396162606,0.5464907161951441,0.1311027842856697,-0.893927661996262,-0.0202064679565325,-0.1116245512130344,-0.8399176979519779,-0.976488503547953,0.0812072968468996,-0.0473547032939204,0.3513906450165833,-0.0812072968468996,0.0473547032939204,-0.3513906450165833,0.4233348053401203,0.1338793840057879,0.0034873669215266,0.3433775026137022,0.2187966298505056,-0.969355511324976
2026-07-21 18:05:51.974,Set_A,SubE1.mp4,0,0.5627791786635925,0.5447572013445513,0.1461535734684028,-0.9183093899922716,0.0058390885042394,-0.0951707724664116,-0.865054993370008,-0.90972637691849,0.0886362729384693,-0.0446151368314281,0.3430489976697832,-0.0886362729384693,0.0446151368314281,-0.3430489976697832,0.4428586066026144,0.1554075778023682,-0.1225712187413772,0.3311986610980778,0.2469501482274855,-1.0806241801653893
2026-07-21 18:05:52.028,Set_A,SubE1.mp4,0,0.5381673821957119,0.488296606085028,0.1590564597954028,-0.9377068938869314,0.0444772091113988,-0.0847925240437028,-0.8545623283177602,-0.9289295272068728,0.0867044315031681,-0.0449242052024017,0.3432511159646373,-0.0867044315031681,0.0449242052024017,-0.3432511159646373,0.4559103680849697,0.1348531540125321,-0.0559188704189207,0.3035032626385854,0.1634826022905797,-1.0573858401836898
2026-07-21 18:05:52.081,Set_A,SubE1.mp4,0,0.5203211656227018,0.5137692110454822,0.1678780995399838,-0.9396217658741344,0.1222483074623736,-0.0856193500891482,-0.9189944419105096,-0.8562641726172177,0.0840614577335158,-0.0374976477978588,0.3635560990141279,-0.0840614577335158,0.0374976477978588,-0.3635560990141279,0.468376420064703,0.1252582527620672,-0.0034778827060762,0.3725359427335201,0.2056942123469537,-0.91114619291681
2026-07-21 18:05:52.134,Set_A,SubE1.mp4,0,0.535093214796919,0.522058578275473,0.1607613224208477,-0.9210950113501812,0.0369759334213359,-0.091029772994627,-0.8874225702955133,-0.8880938264849391,0.0862822905597877,-0.0389218790100069,0.3399250256974582,-0.0862822905597877,0.0389218790100069,-0.3399250256974582,0.4447996242808026,0.1134630906952606,-0.0526355034878411,0.3298340306930487,0.200766639217635,-1.0137761656301207
2026-07-21 18:05:52.188,Set_A,SubE1.mp4,0,0.5221550440239795,0.5069914804340075,0.160351267352768,-0.9422606644156182,0.1316595583911099,-0.0743375967248184,-0.9266994531112364,-0.8384761736168075,0.0811215213545421,-0.0420560035863221,0.3502766704115426,-0.0811215213545421,0.0420560035863221,-0.3502766704115426,0.4504904260013332,0.1189962365151691,-0.0580984480067959,0.3405839597666813,0.1977287242816527,-0.9645692119237383
2026-07-21 18:05:52.240,Set_A,SubE1.mp4,0,0.5774052508501646,0.5260400538801445,0.1472615822889561,-0.8866241520601205,-0.0385224290334156,-0.1037469772403148,-0.8546114772234199,-0.9444348245951512,0.0850703198243074,-0.0344120101833002,0.3266121013555508,-0.0850703198243074,0.0344120101833002,-0.3266121013555508,0.4146751649293674,0.1672119720821551,-0.1081436129388483,0.2933082468918163,0.2190616355265577,-1.1122589825492428
