tester_name,predicted_label,left_angle,right_angle,x11,y11,x12,y12,x23,y23,x24,y24,x25,y25,x26,y26
a,1,64.36976203490138,133.05851360908562,0.47376716136932373,0.479336678981781,0.5177263021469116,0.4010293185710907,0.520592987537384,0.5304820537567139,0.5768386125564575,0.4800439476966858,0.47902560234069824,0.5568394064903259,0.6692363023757935,0.476318359375
